MLId,ActionType,InstanceName,ParentHLAction,LLStepsTotal,LLStepsSucceeded,TotalTimeMs,Success
1,TravelML,TravelML_robot1_rpmanipulate_rppickup,PickUpHL_stick4_initlocstick4_robot1_gripper1,0,0,6179.63,True
2,PickUpML,PickUpML_stick4_initlocstick4_robot1_gripper1_rppickup,PickUpHL_stick4_initlocstick4_robot1_gripper1,0,0,16023.07,True
3,TravelML,TravelML_robot1_rppickup_rpmanipulate,StackHL_stick4_table1_robot1_finallocstick4_gripper1,0,0,13665.37,True
4,StackML,StackML_stick4_table1_robot1_gripper1_finallocstick4_rpmanipulate,StackHL_stick4_table1_robot1_finallocstick4_gripper1,0,0,26831.77,True
5,TravelML,TravelML_robot1_rpmanipulate_rppickup_dup2,PickUpHL_stick5_initlocstick5_robot1_gripper1,0,0,13082.48,True
6,PickUpML,PickUpML_stick5_initlocstick5_robot1_gripper1_rppickup,PickUpHL_stick5_initlocstick5_robot1_gripper1,0,0,16859.36,True
7,TravelML,TravelML_robot1_rppickup_rpmanipulate_dup2,StackHL_stick5_table1_robot1_finallocstick5_gripper1,0,0,13410.80,True
8,StackML,StackML_stick5_table1_robot1_gripper1_finallocstick5_rpmanipulate,StackHL_stick5_table1_robot1_finallocstick5_gripper1,0,0,25570.98,True
9,TravelML,TravelML_robot1_rpmanipulate_rppickup_dup3,PickUpHL_stick2_initlocstick2_robot1_gripper1,0,0,13488.47,True
10,PickUpML,PickUpML_stick2_initlocstick2_robot1_gripper1_rppickup,PickUpHL_stick2_initlocstick2_robot1_gripper1,0,0,15858.93,True
11,TravelML,TravelML_robot1_rppickup_rpmanipulate_dup3,StackHL_stick2_table1_robot1_finallocstick2_gripper1,0,0,13544.76,True
12,StackML,StackML_stick2_table1_robot1_gripper1_finallocstick2_rpmanipulate,StackHL_stick2_table1_robot1_finallocstick2_gripper1,0,0,0.00,False
13,TravelML,TravelML_robot1_rpmanipulate_rppickup_dup4,PickUpHL_stick3_initlocstick3_robot1_gripper1_dup2,0,0,0.00,False
14,PickUpML,PickUpML_stickdummy_temploc2_robot1_gripper1_rppickup,PickUpHL_stick3_initlocstick3_robot1_gripper1_dup2,0,0,17038.01,True
15,PutDownML,PutDownML_stickdummy_temploc3_robot1_gripper1_rppickup,PickUpHL_stick3_initlocstick3_robot1_gripper1_dup2,0,0,17437.51,True
16,PickUpML,PickUpML_stick3_initlocstick3_robot1_gripper1_rppickup_dup2,PickUpHL_stick3_initlocstick3_robot1_gripper1_dup2,0,0,16300.44,True
17,TravelML,TravelML_robot1_rppickup_rpmanipulate_dup4,StackHL_stick3_table1_robot1_finallocstick3_gripper1_dup2,0,0,13376.56,True
18,StackML,StackML_stick3_table1_robot1_gripper1_finallocstick3_rpmanipulate,StackHL_stick3_table1_robot1_finallocstick3_gripper1_dup2,0,0,27198.53,True
19,TravelML,TravelML_robot1_rpmanipulate_rppickup_dup5,PickUpHL_stick1_initlocstick1_robot1_gripper1_dup2,0,0,13462.42,True
20,PickUpML,PickUpML_stick1_initlocstick1_robot1_gripper1_rppickup,PickUpHL_stick1_initlocstick1_robot1_gripper1_dup2,0,0,15864.96,True
21,TravelML,TravelML_robot1_rppickup_rpmanipulate_dup5,StackHL_stick1_table1_robot1_finallocstick1_gripper1_dup2,0,0,13554.03,True
22,StackML,StackML_stick1_table1_robot1_gripper1_finallocstick1_rpmanipulate,StackHL_stick1_table1_robot1_finallocstick1_gripper1_dup2,0,0,28424.81,True
23,TravelML,TravelML_robot1_rpmanipulate_rppickup_dup6,PickUpHL_stick6_initlocstick6_robot1_gripper1_dup2,0,0,13742.52,True
24,PickUpML,PickUpML_stick6_initlocstick6_robot1_gripper1_rppickup,PickUpHL_stick6_initlocstick6_robot1_gripper1_dup2,0,0,0.00,False
25,TravelML,TravelML_robot1_rpmanipulate_rppickup_dup7,PickUpHL_stick6_initlocstick6_robot1_gripper1_dup2,0,0,6173.83,True
26,PickUpML,PickUpML_stick6_temploc1_robot1_gripper1_rppickup,PickUpHL_stick6_initlocstick6_robot1_gripper1_dup2,0,0,17446.91,True
27,TravelML,TravelML_robot1_rppickup_rpmanipulate_dup6,StackOnTwoHL_stick6_robot1_finallocstick6_stick1_stick2_layer1_layer2_gripper1,0,0,13710.64,True
28,StackOnTwoML,StackOnTwoML_stick6_robot1_finallocstick6_rpmanipulate_stick2_stick1_gripper1_layer1_layer2,StackOnTwoHL_stick6_robot1_finallocstick6_stick1_stick2_layer1_layer2_gripper1,0,0,28699.07,True
29,TravelML,TravelML_robot1_rpmanipulate_rppickup_dup8,PickUpHL_stick7_initlocstick7_robot1_gripper1_dup2,0,0,13664.57,True
30,PickUpML,PickUpML_stick7_initlocstick7_robot1_gripper1_rppickup,PickUpHL_stick7_initlocstick7_robot1_gripper1_dup2,0,0,15909.23,True
31,TravelML,TravelML_robot1_rppickup_rpmanipulate_dup7,StackOnTwoHL_stick7_robot1_finallocstick7_stick3_stick2_layer1_layer2_gripper1_dup2,0,0,13445.29,True
32,StackOnTwoML,StackOnTwoML_stick7_robot1_finallocstick7_rpmanipulate_stick3_stick2_gripper1_layer1_layer2,StackOnTwoHL_stick7_robot1_finallocstick7_stick3_stick2_layer1_layer2_gripper1_dup2,0,0,28441.38,True
33,TravelML,TravelML_robot1_rpmanipulate_rppickup_dup9,PickUpHL_cube1_initloccube1_robot1_gripper1_dup2,0,0,13596.45,True
34,PickUpML,PickUpML_cube1_initloccube1_robot1_gripper1_rppickup,PickUpHL_cube1_initloccube1_robot1_gripper1_dup2,0,0,16649.72,True
35,TravelML,TravelML_robot1_rppickup_rpmanipulate_dup8,StackHL_cube1_stick1_robot1_finalloccube1_gripper1_dup2,0,0,13424.58,True
36,StackML,StackML_cube1_stick1_robot1_gripper1_finalloccube1_rpmanipulate,StackHL_cube1_stick1_robot1_finalloccube1_gripper1_dup2,0,0,27432.79,True
37,TravelML,TravelML_robot1_rpmanipulate_rppickup_dup10,PickUpHL_stick8_initlocstick8_robot1_gripper1_dup2,0,0,13307.80,True
38,PickUpML,PickUpML_stick8_initlocstick8_robot1_gripper1_rppickup,PickUpHL_stick8_initlocstick8_robot1_gripper1_dup2,0,0,15916.76,True
39,TravelML,TravelML_robot1_rppickup_rpmanipulate_dup9,StackOnTwoHL_stick8_robot1_finallocstick8_stick3_stick4_layer1_layer2_gripper1_dup2,0,0,13311.05,True
40,StackOnTwoML,StackOnTwoML_stick8_robot1_finallocstick8_rpmanipulate_stick3_stick4_gripper1_layer1_layer2,StackOnTwoHL_stick8_robot1_finallocstick8_stick3_stick4_layer1_layer2_gripper1_dup2,0,0,26827.18,True
41,TravelML,TravelML_robot1_rpmanipulate_rppickup_dup11,PickUpHL_stick5_initlocstick5_robot1_gripper1_dup2,0,0,13746.87,True
42,PickUpML,PickUpML_stick5_initlocstick5_robot1_gripper1_rppickup_dup2,PickUpHL_stick5_initlocstick5_robot1_gripper1_dup2,0,0,15903.88,True
43,TravelML,TravelML_robot1_rppickup_rpmanipulate_dup10,StackHL_stick5_table1_robot1_finallocstick5_gripper1_dup2,0,0,13342.30,True
44,StackML,StackML_stick5_table1_robot1_gripper1_finallocstick5_rpmanipulate_dup2,StackHL_stick5_table1_robot1_finallocstick5_gripper1_dup2,0,0,25614.14,True
45,TravelML,TravelML_robot1_rpmanipulate_rppickup_dup12,PickUpHL_cube2_initloccube2_robot1_gripper1_dup2,0,0,13223.84,True
46,PickUpML,PickUpML_cube2_initloccube2_robot1_gripper1_rppickup,PickUpHL_cube2_initloccube2_robot1_gripper1_dup2,0,0,15925.20,True
47,TravelML,TravelML_robot1_rppickup_rpmanipulate_dup11,StackHL_cube2_stick5_robot1_finalloccube2_gripper1_dup2,0,0,13809.00,True
48,StackML,StackML_cube2_stick5_robot1_gripper1_finalloccube2_rpmanipulate,StackHL_cube2_stick5_robot1_finalloccube2_gripper1_dup2,0,0,25446.41,True
49,TravelML,TravelML_robot1_rpmanipulate_rppickup_dup13,PickUpHL_stick9_initlocstick9_robot1_gripper1_dup2,0,0,13472.94,True
50,PickUpML,PickUpML_stick9_initlocstick9_robot1_gripper1_rppickup,PickUpHL_stick9_initlocstick9_robot1_gripper1_dup2,0,0,15863.60,True
51,TravelML,TravelML_robot1_rppickup_rpmanipulate_dup12,StackOnTwoHL_stick9_robot1_finallocstick9_stick4_stick5_layer1_layer2_gripper1,0,0,13797.32,True
52,StackOnTwoML,StackOnTwoML_stick9_robot1_finallocstick9_rpmanipulate_stick5_stick4_gripper1_layer1_layer2,StackOnTwoHL_stick9_robot1_finallocstick9_stick4_stick5_layer1_layer2_gripper1,0,0,25872.03,True
53,CloseToolML,CloseToolML_robot1_gripper1,ChangeEndeffectorHL_robot1_gripper1_staplergun1_dup2,0,0,19.22,True
54,TravelML,TravelML_robot1_rpmanipulate_rptoolchange,ChangeEndeffectorHL_robot1_gripper1_staplergun1_dup2,0,0,7758.48,True
55,DeequipML,DeequipML_robot1_gripper1_equiplocgripper_rptoolchange,ChangeEndeffectorHL_robot1_gripper1_staplergun1_dup2,0,0,25469.75,True
56,EquipeML,EquipeML_robot1_staplergun1_rptoolchange_equiplocstapler,ChangeEndeffectorHL_robot1_gripper1_staplergun1_dup2,0,0,12529.52,True
57,InitializeML,InitializeML_robot1_staplergun1,NailingHL_stick8_stick4_robot1_staplergun1_dup2,0,0,16.92,True
58,TravelML,TravelML_robot1_rptoolchange_rpmanipulate,NailingHL_stick8_stick4_robot1_staplergun1_dup2,0,0,10095.36,True
59,NailingML,NailingML_stick8_stick4_robot1_staplergun1_rpmanipulate,NailingHL_stick8_stick4_robot1_staplergun1_dup2,0,0,20811.28,True
60,NailingML,NailingML_stick9_stick4_robot1_staplergun1_rpmanipulate,NailingHL_stick9_stick4_robot1_staplergun1_dup2,0,0,16775.58,True
61,NailingML,NailingML_stick9_stick5_robot1_staplergun1_rpmanipulate,NailingHL_stick9_stick5_robot1_staplergun1_dup2,0,0,15580.64,True
62,NailingML,NailingML_cube1_stick1_robot1_staplergun1_rpmanipulate,NailingHL_cube1_stick1_robot1_staplergun1_dup2,0,0,17716.31,True
63,NailingML,NailingML_cube2_stick5_robot1_staplergun1_rpmanipulate,NailingHL_cube2_stick5_robot1_staplergun1_dup2,0,0,18488.04,True
64,NailingML,NailingML_stick6_stick1_robot1_staplergun1_rpmanipulate,NailingHL_stick6_stick1_robot1_staplergun1_dup2,0,0,19038.77,True
65,NailingML,NailingML_stick6_stick2_robot1_staplergun1_rpmanipulate,NailingHL_stick6_stick2_robot1_staplergun1_dup2,0,0,17639.16,True
66,NailingML,NailingML_stick7_stick2_robot1_staplergun1_rpmanipulate,NailingHL_stick7_stick2_robot1_staplergun1_dup2,0,0,17627.66,True
67,NailingML,NailingML_stick7_stick3_robot1_staplergun1_rpmanipulate,NailingHL_stick7_stick3_robot1_staplergun1_dup2,0,0,16912.74,True
68,NailingML,NailingML_stick8_stick3_robot1_staplergun1_rpmanipulate,NailingHL_stick8_stick3_robot1_staplergun1_dup2,0,0,17103.37,True
69,CloseToolML,CloseToolML_robot1_staplergun1,ChangeEndeffectorHL_robot1_staplergun1_gripper1,0,0,14.71,True
70,TravelML,TravelML_robot1_rpmanipulate_rptoolchange_dup2,ChangeEndeffectorHL_robot1_staplergun1_gripper1,0,0,7657.92,True
71,DeequipML,DeequipML_robot1_staplergun1_equiplocstapler_rptoolchange,ChangeEndeffectorHL_robot1_staplergun1_gripper1,0,0,10027.01,True
72,EquipeML,EquipeML_robot1_gripper1_rptoolchange_equiplocgripper,ChangeEndeffectorHL_robot1_staplergun1_gripper1,0,0,23273.72,True
73,TravelML,TravelML_robot1_rptoolchange_rppickup,PickUpHL_stick11_initlocstick11_robot1_gripper1,0,0,12775.77,True
74,PickUpML,PickUpML_stick11_initlocstick11_robot1_gripper1_rppickup,PickUpHL_stick11_initlocstick11_robot1_gripper1,0,0,15872.85,True
75,TravelML,TravelML_robot1_rppickup_rpmanipulate_dup13,StackOnTwoHL_stick11_robot1_finallocstick11_stick6_stick7_layer2_layer3_gripper1,0,0,13552.00,True
76,StackOnTwoML,StackOnTwoML_stick11_robot1_finallocstick11_rpmanipulate_stick6_stick7_gripper1_layer2_layer3,StackOnTwoHL_stick11_robot1_finallocstick11_stick6_stick7_layer2_layer3_gripper1,0,0,29040.68,True
77,TravelML,TravelML_robot1_rpmanipulate_rppickup_dup14,PickUpHL_stick10_initlocstick10_robot1_gripper1,0,0,13222.50,True
78,PickUpML,PickUpML_stick10_initlocstick10_robot1_gripper1_rppickup,PickUpHL_stick10_initlocstick10_robot1_gripper1,0,0,15999.55,True
79,TravelML,TravelML_robot1_rppickup_rpmanipulate_dup14,StackOnTwoHL_stick10_robot1_finallocstick10_stick6_cube1_layer2_layer3_gripper1,0,0,13648.57,True
80,StackOnTwoML,StackOnTwoML_stick10_robot1_finallocstick10_rpmanipulate_cube1_stick6_gripper1_layer2_layer3,StackOnTwoHL_stick10_robot1_finallocstick10_stick6_cube1_layer2_layer3_gripper1,0,0,28497.36,True
81,TravelML,TravelML_robot1_rpmanipulate_rppickup_dup15,PickUpHL_stick12_initlocstick12_robot1_gripper1,0,0,13202.62,True
82,PickUpML,PickUpML_stick12_initlocstick12_robot1_gripper1_rppickup,PickUpHL_stick12_initlocstick12_robot1_gripper1,0,0,16614.34,True
83,TravelML,TravelML_robot1_rppickup_rpmanipulate_dup15,StackOnTwoHL_stick12_robot1_finallocstick12_stick8_stick7_layer2_layer3_gripper1,0,0,13857.43,True
84,StackOnTwoML,StackOnTwoML_stick12_robot1_finallocstick12_rpmanipulate_stick7_stick8_gripper1_layer2_layer3,StackOnTwoHL_stick12_robot1_finallocstick12_stick8_stick7_layer2_layer3_gripper1,0,0,27099.36,True
85,TravelML,TravelML_robot1_rpmanipulate_rppickup_dup16,PickUpHL_stick15_initlocstick15_robot1_gripper1,0,0,13047.86,True
86,PickUpML,PickUpML_stick15_initlocstick15_robot1_gripper1_rppickup,PickUpHL_stick15_initlocstick15_robot1_gripper1,0,0,15874.61,True
87,TravelML,TravelML_robot1_rppickup_rpmanipulate_dup16,StackOnTwoHL_stick15_robot1_finallocstick15_stick11_stick10_layer3_layer4_gripper1,0,0,13585.35,True
88,StackOnTwoML,StackOnTwoML_stick15_robot1_finallocstick15_rpmanipulate_stick11_stick10_gripper1_layer3_layer4,StackOnTwoHL_stick15_robot1_finallocstick15_stick11_stick10_layer3_layer4_gripper1,0,0,28732.79,True
89,TravelML,TravelML_robot1_rpmanipulate_rppickup_dup17,PickUpHL_cube3_initloccube3_robot1_gripper1,0,0,13052.44,True
90,PickUpML,PickUpML_cube3_initloccube3_robot1_gripper1_rppickup,PickUpHL_cube3_initloccube3_robot1_gripper1,0,0,15912.15,True
91,TravelML,TravelML_robot1_rppickup_rpmanipulate_dup17,StackHL_cube3_stick10_robot1_finalloccube3_gripper1,0,0,13701.81,True
92,StackML,StackML_cube3_stick10_robot1_gripper1_finalloccube3_rpmanipulate,StackHL_cube3_stick10_robot1_finalloccube3_gripper1,0,0,27539.14,True
93,TravelML,TravelML_robot1_rpmanipulate_rppickup_dup18,PickUpHL_stick16_initlocstick16_robot1_gripper1,0,0,13336.02,True
94,PickUpML,PickUpML_stick16_initlocstick16_robot1_gripper1_rppickup,PickUpHL_stick16_initlocstick16_robot1_gripper1,0,0,15897.47,True
95,TravelML,TravelML_robot1_rppickup_rpmanipulate_dup18,StackOnTwoHL_stick16_robot1_finallocstick16_stick12_stick11_layer3_layer4_gripper1,0,0,13534.56,True
96,StackOnTwoML,StackOnTwoML_stick16_robot1_finallocstick16_rpmanipulate_stick11_stick12_gripper1_layer3_layer4,StackOnTwoHL_stick16_robot1_finallocstick16_stick12_stick11_layer3_layer4_gripper1,0,0,28428.94,True
97,TravelML,TravelML_robot1_rpmanipulate_rppickup_dup19,PickUpHL_stick14_initlocstick14_robot1_gripper1,0,0,13293.34,True
98,PickUpML,PickUpML_stick14_initlocstick14_robot1_gripper1_rppickup,PickUpHL_stick14_initlocstick14_robot1_gripper1,0,0,15921.26,True
99,TravelML,TravelML_robot1_rppickup_rpmanipulate_dup19,StackOnTwoHL_stick14_robot1_finallocstick14_cube2_stick9_layer2_layer3_gripper1,0,0,13408.91,True
100,StackOnTwoML,StackOnTwoML_stick14_robot1_finallocstick14_rpmanipulate_cube2_stick9_gripper1_layer2_layer3,StackOnTwoHL_stick14_robot1_finallocstick14_cube2_stick9_layer2_layer3_gripper1,0,0,25590.47,True
101,TravelML,TravelML_robot1_rpmanipulate_rppickup_dup20,PickUpHL_stick13_initlocstick13_robot1_gripper1,0,0,13561.43,True
102,PickUpML,PickUpML_stick13_initlocstick13_robot1_gripper1_rppickup,PickUpHL_stick13_initlocstick13_robot1_gripper1,0,0,15902.13,True
103,TravelML,TravelML_robot1_rppickup_rpmanipulate_dup20,StackOnTwoHL_stick13_robot1_finallocstick13_stick8_stick9_layer2_layer3_gripper1,0,0,13287.13,True
104,StackOnTwoML,StackOnTwoML_stick13_robot1_finallocstick13_rpmanipulate_stick8_stick9_gripper1_layer2_layer3,StackOnTwoHL_stick13_robot1_finallocstick13_stick8_stick9_layer2_layer3_gripper1,0,0,26853.58,True
105,TravelML,TravelML_robot1_rpmanipulate_rppickup_dup21,PickUpHL_cube4_initloccube4_robot1_gripper1,0,0,13238.52,True
106,PickUpML,PickUpML_cube4_initloccube4_robot1_gripper1_rppickup,PickUpHL_cube4_initloccube4_robot1_gripper1,0,0,15903.04,True
107,TravelML,TravelML_robot1_rppickup_rpmanipulate_dup21,StackHL_cube4_stick14_robot1_finalloccube4_gripper1,0,0,13511.82,True
108,StackML,StackML_cube4_stick14_robot1_gripper1_finalloccube4_rpmanipulate,StackHL_cube4_stick14_robot1_finalloccube4_gripper1,0,0,25440.53,True
109,TravelML,TravelML_robot1_rpmanipulate_rppickup_dup22,PickUpHL_stick17_initlocstick17_robot1_gripper1,0,0,13101.74,True
110,PickUpML,PickUpML_stick17_initlocstick17_robot1_gripper1_rppickup,PickUpHL_stick17_initlocstick17_robot1_gripper1,0,0,15841.11,True
111,TravelML,TravelML_robot1_rppickup_rpmanipulate_dup22,StackOnTwoHL_stick17_robot1_finallocstick17_stick13_stick12_layer3_layer4_gripper1,0,0,13304.01,True
112,StackOnTwoML,StackOnTwoML_stick17_robot1_finallocstick17_rpmanipulate_stick13_stick12_gripper1_layer3_layer4,StackOnTwoHL_stick17_robot1_finallocstick17_stick13_stick12_layer3_layer4_gripper1,0,0,26818.11,True
113,TravelML,TravelML_robot1_rpmanipulate_rptoolchange_dup3,ChangeEndeffectorHL_robot1_gripper1_staplergun1_dup3,0,0,7354.57,True
114,DeequipML,DeequipML_robot1_gripper1_equiplocgripper_rptoolchange_dup2,ChangeEndeffectorHL_robot1_gripper1_staplergun1_dup3,0,0,23698.33,True
115,EquipeML,EquipeML_robot1_staplergun1_rptoolchange_equiplocstapler_dup2,ChangeEndeffectorHL_robot1_gripper1_staplergun1_dup3,0,0,12497.76,True
116,TravelML,TravelML_robot1_rptoolchange_rpmanipulate_dup2,NailingHL_stick17_stick12_robot1_staplergun1,0,0,9909.99,True
117,InitializeML,InitializeML_robot1_staplergun1_dup2,NailingHL_stick17_stick12_robot1_staplergun1,0,0,14.63,True
118,NailingML,NailingML_stick17_stick12_robot1_staplergun1_rpmanipulate,NailingHL_stick17_stick12_robot1_staplergun1,0,0,19945.17,True
119,NailingML,NailingML_stick17_stick13_robot1_staplergun1_rpmanipulate,NailingHL_stick17_stick13_robot1_staplergun1,0,0,16435.23,True
120,NailingML,NailingML_cube3_stick10_robot1_staplergun1_rpmanipulate,NailingHL_cube3_stick10_robot1_staplergun1,0,0,17369.75,True
121,NailingML,NailingML_cube4_stick14_robot1_staplergun1_rpmanipulate,NailingHL_cube4_stick14_robot1_staplergun1,0,0,19033.77,True
122,NailingML,NailingML_stick15_stick10_robot1_staplergun1_rpmanipulate,NailingHL_stick15_stick10_robot1_staplergun1,0,0,19595.45,True
123,NailingML,NailingML_stick15_stick11_robot1_staplergun1_rpmanipulate,NailingHL_stick15_stick11_robot1_staplergun1,0,0,17420.11,True
124,NailingML,NailingML_stick16_stick11_robot1_staplergun1_rpmanipulate,NailingHL_stick16_stick11_robot1_staplergun1,0,0,17270.30,True
125,NailingML,NailingML_stick16_stick12_robot1_staplergun1_rpmanipulate,NailingHL_stick16_stick12_robot1_staplergun1,0,0,16622.97,True
126,CloseToolML,CloseToolML_robot1_staplergun1_dup2,ChangeEndeffectorHL_robot1_staplergun1_gripper1_dup2,0,0,29.28,True
127,TravelML,TravelML_robot1_rpmanipulate_rptoolchange_dup4,ChangeEndeffectorHL_robot1_staplergun1_gripper1_dup2,0,0,6927.47,True
128,DeequipML,DeequipML_robot1_staplergun1_equiplocstapler_rptoolchange_dup2,ChangeEndeffectorHL_robot1_staplergun1_gripper1_dup2,0,0,10071.31,True
129,EquipeML,EquipeML_robot1_gripper1_rptoolchange_equiplocgripper_dup2,ChangeEndeffectorHL_robot1_staplergun1_gripper1_dup2,0,0,23593.18,True
130,TravelML,TravelML_robot1_rptoolchange_rppickup_dup2,PickUpHL_stick18_initlocstick18_robot1_gripper1,0,0,13830.18,True
131,PickUpML,PickUpML_stick18_initlocstick18_robot1_gripper1_rppickup,PickUpHL_stick18_initlocstick18_robot1_gripper1,0,0,16586.75,True
132,TravelML,TravelML_robot1_rppickup_rpmanipulate_dup23,StackOnTwoHL_stick18_robot1_finallocstick18_stick13_stick14_layer3_layer4_gripper1,0,0,13729.30,True
133,StackOnTwoML,StackOnTwoML_stick18_robot1_finallocstick18_rpmanipulate_stick14_stick13_gripper1_layer3_layer4,StackOnTwoHL_stick18_robot1_finallocstick18_stick13_stick14_layer3_layer4_gripper1,0,0,25524.89,True
134,TravelML,TravelML_robot1_rpmanipulate_rptoolchange_dup5,ChangeEndeffectorHL_robot1_gripper1_staplergun1_dup4,0,0,7625.25,True
135,DeequipML,DeequipML_robot1_gripper1_equiplocgripper_rptoolchange_dup3,ChangeEndeffectorHL_robot1_gripper1_staplergun1_dup4,0,0,23733.39,True
136,EquipeML,EquipeML_robot1_staplergun1_rptoolchange_equiplocstapler_dup3,ChangeEndeffectorHL_robot1_gripper1_staplergun1_dup4,0,0,12470.54,True
137,TravelML,TravelML_robot1_rptoolchange_rpmanipulate_dup3,NailingHL_stick18_stick13_robot1_staplergun1,0,0,9980.69,True
138,InitializeML,InitializeML_robot1_staplergun1_dup3,NailingHL_stick18_stick13_robot1_staplergun1,0,0,16.12,True
139,NailingML,NailingML_stick18_stick13_robot1_staplergun1_rpmanipulate,NailingHL_stick18_stick13_robot1_staplergun1,0,0,21500.47,True
140,NailingML,NailingML_stick18_stick14_robot1_staplergun1_rpmanipulate,NailingHL_stick18_stick14_robot1_staplergun1,0,0,15815.02,True
141,CloseToolML,CloseToolML_robot1_staplergun1_dup3,ChangeEndeffectorHL_robot1_staplergun1_gripper1_dup3,0,0,14.74,True
142,TravelML,TravelML_robot1_rpmanipulate_rptoolchange_dup6,ChangeEndeffectorHL_robot1_staplergun1_gripper1_dup3,0,0,8105.48,True
143,DeequipML,DeequipML_robot1_staplergun1_equiplocstapler_rptoolchange_dup3,ChangeEndeffectorHL_robot1_staplergun1_gripper1_dup3,0,0,9481.91,True
144,EquipeML,EquipeML_robot1_gripper1_rptoolchange_equiplocgripper_dup3,ChangeEndeffectorHL_robot1_staplergun1_gripper1_dup3,0,0,23701.11,True
145,TravelML,TravelML_robot1_rptoolchange_rppickup_dup3,PickUpHL_stick20_initlocstick20_robot1_gripper1,0,0,13397.56,True
146,PickUpML,PickUpML_stick20_initlocstick20_robot1_gripper1_rppickup,PickUpHL_stick20_initlocstick20_robot1_gripper1,0,0,15895.87,True
147,TravelML,TravelML_robot1_rppickup_rpmanipulate_dup24,StackOnTwoHL_stick20_robot1_finallocstick20_stick15_stick16_layer4_layer5_gripper1,0,0,13614.52,True
148,StackOnTwoML,StackOnTwoML_stick20_robot1_finallocstick20_rpmanipulate_stick15_stick16_gripper1_layer4_layer5,StackOnTwoHL_stick20_robot1_finallocstick20_stick15_stick16_layer4_layer5_gripper1,0,0,28717.80,True
149,TravelML,TravelML_robot1_rpmanipulate_rppickup_dup23,PickUpHL_stick19_initlocstick19_robot1_gripper1,0,0,13035.26,True
150,PickUpML,PickUpML_stick19_initlocstick19_robot1_gripper1_rppickup,PickUpHL_stick19_initlocstick19_robot1_gripper1,0,0,15879.14,True
151,TravelML,TravelML_robot1_rppickup_rpmanipulate_dup25,StackOnTwoHL_stick19_robot1_finallocstick19_stick15_cube3_layer4_layer5_gripper1,0,0,13697.13,True
152,StackOnTwoML,StackOnTwoML_stick19_robot1_finallocstick19_rpmanipulate_cube3_stick15_gripper1_layer4_layer5,StackOnTwoHL_stick19_robot1_finallocstick19_stick15_cube3_layer4_layer5_gripper1,0,0,28631.58,True
153,TravelML,TravelML_robot1_rpmanipulate_rppickup_dup24,PickUpHL_stick21_initlocstick21_robot1_gripper1,0,0,13085.74,True
154,PickUpML,PickUpML_stick21_initlocstick21_robot1_gripper1_rppickup,PickUpHL_stick21_initlocstick21_robot1_gripper1,0,0,16677.72,True
155,TravelML,TravelML_robot1_rppickup_rpmanipulate_dup26,StackOnTwoHL_stick21_robot1_finallocstick21_stick17_stick16_layer4_layer5_gripper1,0,0,13482.00,True
156,StackOnTwoML,StackOnTwoML_stick21_robot1_finallocstick21_rpmanipulate_stick16_stick17_gripper1_layer4_layer5,StackOnTwoHL_stick21_robot1_finallocstick21_stick17_stick16_layer4_layer5_gripper1,0,0,27031.42,True
157,TravelML,TravelML_robot1_rpmanipulate_rppickup_dup25,PickUpHL_stick24_initlocstick24_robot1_gripper1,0,0,13871.79,True
158,PickUpML,PickUpML_stick24_initlocstick24_robot1_gripper1_rppickup,PickUpHL_stick24_initlocstick24_robot1_gripper1,0,0,15957.53,True
159,TravelML,TravelML_robot1_rppickup_rpmanipulate_dup27,StackOnTwoHL_stick24_robot1_finallocstick24_stick19_stick20_layer5_layer6_gripper1,0,0,13579.40,True
160,StackOnTwoML,StackOnTwoML_stick24_robot1_finallocstick24_rpmanipulate_stick20_stick19_gripper1_layer5_layer6,StackOnTwoHL_stick24_robot1_finallocstick24_stick19_stick20_layer5_layer6_gripper1,0,0,28722.40,True
161,TravelML,TravelML_robot1_rpmanipulate_rppickup_dup26,PickUpHL_cube5_initloccube5_robot1_gripper1,0,0,13407.50,True
162,PickUpML,PickUpML_cube5_initloccube5_robot1_gripper1_rppickup,PickUpHL_cube5_initloccube5_robot1_gripper1,0,0,16667.09,True
163,TravelML,TravelML_robot1_rppickup_rpmanipulate_dup28,StackHL_cube5_stick19_robot1_finalloccube5_gripper1,0,0,13779.30,True
164,StackML,StackML_cube5_stick19_robot1_gripper1_finalloccube5_rpmanipulate,StackHL_cube5_stick19_robot1_finalloccube5_gripper1,0,0,28324.27,True
165,TravelML,TravelML_robot1_rpmanipulate_rppickup_dup27,PickUpHL_stick25_initlocstick25_robot1_gripper1,0,0,13210.56,True
166,PickUpML,PickUpML_stick25_initlocstick25_robot1_gripper1_rppickup,PickUpHL_stick25_initlocstick25_robot1_gripper1,0,0,16013.05,True
167,TravelML,TravelML_robot1_rppickup_rpmanipulate_dup29,StackOnTwoHL_stick25_robot1_finallocstick25_stick20_stick21_layer5_layer6_gripper1,0,0,13229.33,True
168,StackOnTwoML,StackOnTwoML_stick25_robot1_finallocstick25_rpmanipulate_stick20_stick21_gripper1_layer5_layer6,StackOnTwoHL_stick25_robot1_finallocstick25_stick20_stick21_layer5_layer6_gripper1,0,0,28348.94,True
169,TravelML,TravelML_robot1_rpmanipulate_rppickup_dup28,PickUpHL_stick23_initlocstick23_robot1_gripper1,0,0,13959.47,True
170,PickUpML,PickUpML_stick23_initlocstick23_robot1_gripper1_rppickup,PickUpHL_stick23_initlocstick23_robot1_gripper1,0,0,15979.89,True
171,TravelML,TravelML_robot1_rppickup_rpmanipulate_dup30,StackOnTwoHL_stick23_robot1_finallocstick23_cube4_stick18_layer4_layer5_gripper1,0,0,13451.66,True
172,StackOnTwoML,StackOnTwoML_stick23_robot1_finallocstick23_rpmanipulate_cube4_stick18_gripper1_layer4_layer5,StackOnTwoHL_stick23_robot1_finallocstick23_cube4_stick18_layer4_layer5_gripper1,0,0,25566.00,True
173,TravelML,TravelML_robot1_rpmanipulate_rppickup_dup29,PickUpHL_stick22_initlocstick22_robot1_gripper1,0,0,13702.05,True
174,PickUpML,PickUpML_stick22_initlocstick22_robot1_gripper1_rppickup,PickUpHL_stick22_initlocstick22_robot1_gripper1,0,0,16665.13,True
175,TravelML,TravelML_robot1_rppickup_rpmanipulate_dup31,StackOnTwoHL_stick22_robot1_finallocstick22_stick17_stick18_layer4_layer5_gripper1,0,0,13372.86,True
176,StackOnTwoML,StackOnTwoML_stick22_robot1_finallocstick22_rpmanipulate_stick17_stick18_gripper1_layer4_layer5,StackOnTwoHL_stick22_robot1_finallocstick22_stick17_stick18_layer4_layer5_gripper1,0,0,26870.76,True
177,TravelML,TravelML_robot1_rpmanipulate_rppickup_dup30,PickUpHL_cube6_initloccube6_robot1_gripper1,0,0,13221.56,True
178,PickUpML,PickUpML_cube6_initloccube6_robot1_gripper1_rppickup,PickUpHL_cube6_initloccube6_robot1_gripper1,0,0,15889.86,True
179,TravelML,TravelML_robot1_rppickup_rpmanipulate_dup32,StackHL_cube6_stick23_robot1_finalloccube6_gripper1,0,0,13599.70,True
180,StackML,StackML_cube6_stick23_robot1_gripper1_finalloccube6_rpmanipulate,StackHL_cube6_stick23_robot1_finalloccube6_gripper1,0,0,25356.25,True
181,TravelML,TravelML_robot1_rpmanipulate_rppickup_dup31,PickUpHL_stick26_initlocstick26_robot1_gripper1,0,0,13644.15,True
182,PickUpML,PickUpML_stick26_initlocstick26_robot1_gripper1_rppickup,PickUpHL_stick26_initlocstick26_robot1_gripper1,0,0,16662.32,True
183,TravelML,TravelML_robot1_rppickup_rpmanipulate_dup33,StackOnTwoHL_stick26_robot1_finallocstick26_stick22_stick21_layer5_layer6_gripper1,0,0,13206.86,True
184,StackOnTwoML,StackOnTwoML_stick26_robot1_finallocstick26_rpmanipulate_stick22_stick21_gripper1_layer5_layer6,StackOnTwoHL_stick26_robot1_finallocstick26_stick22_stick21_layer5_layer6_gripper1,0,0,26814.47,True
185,TravelML,TravelML_robot1_rpmanipulate_rppickup_dup32,PickUpHL_stick27_initlocstick27_robot1_gripper1,0,0,13259.35,True
186,PickUpML,PickUpML_stick27_initlocstick27_robot1_gripper1_rppickup,PickUpHL_stick27_initlocstick27_robot1_gripper1,0,0,15908.82,True
187,TravelML,TravelML_robot1_rppickup_rpmanipulate_dup34,StackOnTwoHL_stick27_robot1_finallocstick27_stick22_stick23_layer5_layer6_gripper1,0,0,13375.04,True
188,StackOnTwoML,StackOnTwoML_stick27_robot1_finallocstick27_rpmanipulate_stick23_stick22_gripper1_layer5_layer6,StackOnTwoHL_stick27_robot1_finallocstick27_stick22_stick23_layer5_layer6_gripper1,0,0,25757.45,True
189,TravelML,TravelML_robot1_rpmanipulate_rptoolchange_dup7,ChangeEndeffectorHL_robot1_gripper1_staplergun1_dup5,0,0,7297.85,True
190,DeequipML,DeequipML_robot1_gripper1_equiplocgripper_rptoolchange_dup4,ChangeEndeffectorHL_robot1_gripper1_staplergun1_dup5,0,0,23645.23,True
191,EquipeML,EquipeML_robot1_staplergun1_rptoolchange_equiplocstapler_dup4,ChangeEndeffectorHL_robot1_gripper1_staplergun1_dup5,0,0,12544.82,True
192,TravelML,TravelML_robot1_rptoolchange_rpmanipulate_dup4,NailingHL_cube5_stick19_robot1_staplergun1,0,0,9877.17,True
193,InitializeML,InitializeML_robot1_staplergun1_dup4,NailingHL_cube5_stick19_robot1_staplergun1,0,0,30.90,True
194,NailingML,NailingML_cube5_stick19_robot1_staplergun1_rpmanipulate,NailingHL_cube5_stick19_robot1_staplergun1,0,0,22211.02,True
195,NailingML,NailingML_cube6_stick23_robot1_staplergun1_rpmanipulate,NailingHL_cube6_stick23_robot1_staplergun1,0,0,18750.15,True
196,NailingML,NailingML_stick24_stick19_robot1_staplergun1_rpmanipulate,NailingHL_stick24_stick19_robot1_staplergun1,0,0,19507.45,True
197,NailingML,NailingML_stick24_stick20_robot1_staplergun1_rpmanipulate,NailingHL_stick24_stick20_robot1_staplergun1,0,0,17245.69,True
198,NailingML,NailingML_stick25_stick20_robot1_staplergun1_rpmanipulate,NailingHL_stick25_stick20_robot1_staplergun1,0,0,17132.75,True
199,NailingML,NailingML_stick25_stick21_robot1_staplergun1_rpmanipulate,NailingHL_stick25_stick21_robot1_staplergun1,0,0,16655.11,True
200,NailingML,NailingML_stick26_stick21_robot1_staplergun1_rpmanipulate,NailingHL_stick26_stick21_robot1_staplergun1,0,0,16491.54,True
201,NailingML,NailingML_stick26_stick22_robot1_staplergun1_rpmanipulate,NailingHL_stick26_stick22_robot1_staplergun1,0,0,16687.14,True
202,NailingML,NailingML_stick27_stick22_robot1_staplergun1_rpmanipulate,NailingHL_stick27_stick22_robot1_staplergun1,0,0,16481.06,True
203,NailingML,NailingML_stick27_stick23_robot1_staplergun1_rpmanipulate,NailingHL_stick27_stick23_robot1_staplergun1,0,0,15768.17,True
204,CloseToolML,CloseToolML_robot1_staplergun1_dup4,ChangeEndeffectorHL_robot1_staplergun1_gripper1_dup4,0,0,26.08,True
205,TravelML,TravelML_robot1_rpmanipulate_rptoolchange_dup8,ChangeEndeffectorHL_robot1_staplergun1_gripper1_dup4,0,0,8051.94,True
206,DeequipML,DeequipML_robot1_staplergun1_equiplocstapler_rptoolchange_dup4,ChangeEndeffectorHL_robot1_staplergun1_gripper1_dup4,0,0,9943.67,True
207,EquipeML,EquipeML_robot1_gripper1_rptoolchange_equiplocgripper_dup4,ChangeEndeffectorHL_robot1_staplergun1_gripper1_dup4,0,0,23209.72,True
208,TravelML,TravelML_robot1_rptoolchange_rppickup_dup4,PickUpHL_stick29_initlocstick29_robot1_gripper1,0,0,13201.23,True
209,PickUpML,PickUpML_stick29_initlocstick29_robot1_gripper1_rppickup,PickUpHL_stick29_initlocstick29_robot1_gripper1,0,0,16613.41,True
210,TravelML,TravelML_robot1_rppickup_rpmanipulate_dup35,StackOnTwoHL_stick29_robot1_finallocstick29_stick24_stick25_layer6_layer7_gripper1,0,0,13505.67,True
211,StackOnTwoML,StackOnTwoML_stick29_robot1_finallocstick29_rpmanipulate_stick24_stick25_gripper1_layer6_layer7,StackOnTwoHL_stick29_robot1_finallocstick29_stick24_stick25_layer6_layer7_gripper1,0,0,28700.79,True
212,TravelML,TravelML_robot1_rpmanipulate_rppickup_dup33,PickUpHL_stick28_initlocstick28_robot1_gripper1,0,0,13762.58,True
213,PickUpML,PickUpML_stick28_initlocstick28_robot1_gripper1_rppickup,PickUpHL_stick28_initlocstick28_robot1_gripper1,0,0,15908.84,True
214,TravelML,TravelML_robot1_rppickup_rpmanipulate_dup36,StackOnTwoHL_stick28_robot1_finallocstick28_stick24_cube5_layer6_layer7_gripper1,0,0,13554.09,True
215,StackOnTwoML,StackOnTwoML_stick28_robot1_finallocstick28_rpmanipulate_cube5_stick24_gripper1_layer6_layer7,StackOnTwoHL_stick28_robot1_finallocstick28_stick24_cube5_layer6_layer7_gripper1,0,0,28568.23,True
216,TravelML,TravelML_robot1_rpmanipulate_rppickup_dup34,PickUpHL_stick32_initlocstick32_robot1_gripper1,0,0,13239.66,True
217,PickUpML,PickUpML_stick32_initlocstick32_robot1_gripper1_rppickup,PickUpHL_stick32_initlocstick32_robot1_gripper1,0,0,15903.65,True
218,TravelML,TravelML_robot1_rppickup_rpmanipulate_dup37,StackOnTwoHL_stick32_robot1_finallocstick32_cube6_stick27_layer6_layer7_gripper1,0,0,13530.77,True
219,StackOnTwoML,StackOnTwoML_stick32_robot1_finallocstick32_rpmanipulate_cube6_stick27_gripper1_layer6_layer7,StackOnTwoHL_stick32_robot1_finallocstick32_cube6_stick27_layer6_layer7_gripper1,0,0,25509.99,True
220,TravelML,TravelML_robot1_rpmanipulate_rppickup_dup35,PickUpHL_stick33_initlocstick33_robot1_gripper1,0,0,13727.66,True
221,PickUpML,PickUpML_stick33_initlocstick33_robot1_gripper1_rppickup,PickUpHL_stick33_initlocstick33_robot1_gripper1,0,0,15934.64,True
222,TravelML,TravelML_robot1_rppickup_rpmanipulate_dup38,StackOnTwoHL_stick33_robot1_finallocstick33_stick28_stick29_layer7_layer8_gripper1,0,0,13473.48,True
223,StackOnTwoML,StackOnTwoML_stick33_robot1_finallocstick33_rpmanipulate_stick29_stick28_gripper1_layer7_layer8,StackOnTwoHL_stick33_robot1_finallocstick33_stick28_stick29_layer7_layer8_gripper1,0,0,28743.54,True
224,TravelML,TravelML_robot1_rpmanipulate_rppickup_dup36,PickUpHL_stick30_initlocstick30_robot1_gripper1,0,0,13713.58,True
225,PickUpML,PickUpML_stick30_initlocstick30_robot1_gripper1_rppickup,PickUpHL_stick30_initlocstick30_robot1_gripper1,0,0,16667.52,True
226,TravelML,TravelML_robot1_rppickup_rpmanipulate_dup39,StackOnTwoHL_stick30_robot1_finallocstick30_stick26_stick25_layer6_layer7_gripper1,0,0,13666.82,True
227,StackOnTwoML,StackOnTwoML_stick30_robot1_finallocstick30_rpmanipulate_stick25_stick26_gripper1_layer6_layer7,StackOnTwoHL_stick30_robot1_finallocstick30_stick26_stick25_layer6_layer7_gripper1,0,0,27043.99,True
228,TravelML,TravelML_robot1_rpmanipulate_rppickup_dup37,PickUpHL_stick31_initlocstick31_robot1_gripper1,0,0,13714.29,True
229,PickUpML,PickUpML_stick31_initlocstick31_robot1_gripper1_rppickup,PickUpHL_stick31_initlocstick31_robot1_gripper1,0,0,15941.77,True
230,TravelML,TravelML_robot1_rppickup_rpmanipulate_dup40,StackOnTwoHL_stick31_robot1_finallocstick31_stick26_stick27_layer6_layer7_gripper1,0,0,13276.25,True
231,StackOnTwoML,StackOnTwoML_stick31_robot1_finallocstick31_rpmanipulate_stick26_stick27_gripper1_layer6_layer7,StackOnTwoHL_stick31_robot1_finallocstick31_stick26_stick27_layer6_layer7_gripper1,0,0,26803.50,True
232,TravelML,TravelML_robot1_rpmanipulate_rppickup_dup38,PickUpHL_stick35_initlocstick35_robot1_gripper1,0,0,13417.93,True
233,PickUpML,PickUpML_stick35_initlocstick35_robot1_gripper1_rppickup,PickUpHL_stick35_initlocstick35_robot1_gripper1,0,0,15943.50,True
234,TravelML,TravelML_robot1_rppickup_rpmanipulate_dup41,StackOnTwoHL_stick35_robot1_finallocstick35_stick31_stick30_layer7_layer8_gripper1,0,0,13479.21,True
235,StackOnTwoML,StackOnTwoML_stick35_robot1_finallocstick35_rpmanipulate_stick31_stick30_gripper1_layer7_layer8,StackOnTwoHL_stick35_robot1_finallocstick35_stick31_stick30_layer7_layer8_gripper1,0,0,26830.70,True
236,TravelML,TravelML_robot1_rpmanipulate_rppickup_dup39,PickUpHL_stick34_initlocstick34_robot1_gripper1,0,0,13269.19,True
237,PickUpML,PickUpML_stick34_initlocstick34_robot1_gripper1_rppickup,PickUpHL_stick34_initlocstick34_robot1_gripper1,0,0,15912.15,True
238,TravelML,TravelML_robot1_rppickup_rpmanipulate_dup42,StackOnTwoHL_stick34_robot1_finallocstick34_stick29_stick30_layer7_layer8_gripper1,0,0,13445.55,True
239,StackOnTwoML,StackOnTwoML_stick34_robot1_finallocstick34_rpmanipulate_stick29_stick30_gripper1_layer7_layer8,StackOnTwoHL_stick34_robot1_finallocstick34_stick29_stick30_layer7_layer8_gripper1,0,0,27554.75,True
240,TravelML,TravelML_robot1_rpmanipulate_rppickup_dup40,PickUpHL_cube8_initloccube8_robot1_gripper1,0,0,13216.79,True
241,PickUpML,PickUpML_cube8_initloccube8_robot1_gripper1_rppickup,PickUpHL_cube8_initloccube8_robot1_gripper1,0,0,16616.16,True
242,TravelML,TravelML_robot1_rppickup_rpmanipulate_dup43,StackHL_cube8_stick32_robot1_finalloccube8_gripper1,0,0,13615.44,True
243,StackML,StackML_cube8_stick32_robot1_gripper1_finalloccube8_rpmanipulate,StackHL_cube8_stick32_robot1_finalloccube8_gripper1,0,0,25350.21,True
244,TravelML,TravelML_robot1_rpmanipulate_rppickup_dup41,PickUpHL_cube7_initloccube7_robot1_gripper1,0,0,13764.63,True
245,PickUpML,PickUpML_cube7_initloccube7_robot1_gripper1_rppickup,PickUpHL_cube7_initloccube7_robot1_gripper1,0,0,16644.76,True
246,TravelML,TravelML_robot1_rppickup_rpmanipulate_dup44,StackHL_cube7_stick28_robot1_finalloccube7_gripper1,0,0,13621.23,True
247,StackML,StackML_cube7_stick28_robot1_gripper1_finalloccube7_rpmanipulate,StackHL_cube7_stick28_robot1_finalloccube7_gripper1,0,0,28387.49,True
248,TravelML,TravelML_robot1_rpmanipulate_rppickup_dup42,PickUpHL_stick36_initlocstick36_robot1_gripper1,0,0,13374.20,True
249,PickUpML,PickUpML_stick36_initlocstick36_robot1_gripper1_rppickup,PickUpHL_stick36_initlocstick36_robot1_gripper1,0,0,16562.54,True
250,TravelML,TravelML_robot1_rppickup_rpmanipulate_dup45,StackOnTwoHL_stick36_robot1_finallocstick36_stick31_stick32_layer7_layer8_gripper1,0,0,13470.95,True
251,StackOnTwoML,StackOnTwoML_stick36_robot1_finallocstick36_rpmanipulate_stick32_stick31_gripper1_layer7_layer8,StackOnTwoHL_stick36_robot1_finallocstick36_stick31_stick32_layer7_layer8_gripper1,0,0,25743.89,True
252,TravelML,TravelML_robot1_rpmanipulate_rptoolchange_dup9,ChangeEndeffectorHL_robot1_gripper1_staplergun1_dup6,0,0,7542.10,True
253,DeequipML,DeequipML_robot1_gripper1_equiplocgripper_rptoolchange_dup5,ChangeEndeffectorHL_robot1_gripper1_staplergun1_dup6,0,0,23776.15,True
254,EquipeML,EquipeML_robot1_staplergun1_rptoolchange_equiplocstapler_dup5,ChangeEndeffectorHL_robot1_gripper1_staplergun1_dup6,0,0,12550.55,True
255,TravelML,TravelML_robot1_rptoolchange_rpmanipulate_dup5,NailingHL_cube7_stick28_robot1_staplergun1,0,0,10085.28,True
256,InitializeML,InitializeML_robot1_staplergun1_dup5,NailingHL_cube7_stick28_robot1_staplergun1,0,0,16.32,True
257,NailingML,NailingML_cube7_stick28_robot1_staplergun1_rpmanipulate,NailingHL_cube7_stick28_robot1_staplergun1,0,0,22231.13,True
258,NailingML,NailingML_cube8_stick32_robot1_staplergun1_rpmanipulate,NailingHL_cube8_stick32_robot1_staplergun1,0,0,18755.17,True
259,NailingML,NailingML_stick33_stick28_robot1_staplergun1_rpmanipulate,NailingHL_stick33_stick28_robot1_staplergun1,0,0,19504.46,True
260,NailingML,NailingML_stick33_stick29_robot1_staplergun1_rpmanipulate,NailingHL_stick33_stick29_robot1_staplergun1,0,0,17542.42,True
261,NailingML,NailingML_stick34_stick29_robot1_staplergun1_rpmanipulate,NailingHL_stick34_stick29_robot1_staplergun1,0,0,17112.45,True
262,NailingML,NailingML_stick34_stick30_robot1_staplergun1_rpmanipulate,NailingHL_stick34_stick30_robot1_staplergun1,0,0,16700.00,True
263,NailingML,NailingML_stick35_stick30_robot1_staplergun1_rpmanipulate,NailingHL_stick35_stick30_robot1_staplergun1,0,0,16537.19,True
264,NailingML,NailingML_stick35_stick31_robot1_staplergun1_rpmanipulate,NailingHL_stick35_stick31_robot1_staplergun1,0,0,16755.85,True
265,NailingML,NailingML_stick36_stick31_robot1_staplergun1_rpmanipulate,NailingHL_stick36_stick31_robot1_staplergun1,0,0,16532.84,True
266,NailingML,NailingML_stick36_stick32_robot1_staplergun1_rpmanipulate,NailingHL_stick36_stick32_robot1_staplergun1,0,0,15811.09,True
267,CloseToolML,CloseToolML_robot1_staplergun1_dup5,ChangeEndeffectorHL_robot1_staplergun1_gripper1_dup5,0,0,22.08,True
268,TravelML,TravelML_robot1_rpmanipulate_rptoolchange_dup10,ChangeEndeffectorHL_robot1_staplergun1_gripper1_dup5,0,0,8070.86,True
269,DeequipML,DeequipML_robot1_staplergun1_equiplocstapler_rptoolchange_dup5,ChangeEndeffectorHL_robot1_staplergun1_gripper1_dup5,0,0,9885.33,True
270,EquipeML,EquipeML_robot1_gripper1_rptoolchange_equiplocgripper_dup5,ChangeEndeffectorHL_robot1_staplergun1_gripper1_dup5,0,0,23427.05,True
271,TravelML,TravelML_robot1_rptoolchange_rppickup_dup5,PickUpHL_stick38_initlocstick38_robot1_gripper1,0,0,13011.19,True
272,PickUpML,PickUpML_stick38_initlocstick38_robot1_gripper1_rppickup,PickUpHL_stick38_initlocstick38_robot1_gripper1,0,0,15884.32,True
273,TravelML,TravelML_robot1_rppickup_rpmanipulate_dup46,StackOnTwoHL_stick38_robot1_finallocstick38_stick33_stick34_layer8_layer9_gripper1,0,0,13383.84,True
274,StackOnTwoML,StackOnTwoML_stick38_robot1_finallocstick38_rpmanipulate_stick33_stick34_gripper1_layer8_layer9,StackOnTwoHL_stick38_robot1_finallocstick38_stick33_stick34_layer8_layer9_gripper1,0,0,28686.21,True
275,TravelML,TravelML_robot1_rpmanipulate_rppickup_dup43,PickUpHL_stick37_initlocstick37_robot1_gripper1,0,0,13084.08,True
276,PickUpML,PickUpML_stick37_initlocstick37_robot1_gripper1_rppickup,PickUpHL_stick37_initlocstick37_robot1_gripper1,0,0,16708.17,True
277,TravelML,TravelML_robot1_rppickup_rpmanipulate_dup47,StackOnTwoHL_stick37_robot1_finallocstick37_stick33_cube7_layer8_layer9_gripper1,0,0,13492.20,True
278,StackOnTwoML,StackOnTwoML_stick37_robot1_finallocstick37_rpmanipulate_cube7_stick33_gripper1_layer8_layer9,StackOnTwoHL_stick37_robot1_finallocstick37_stick33_cube7_layer8_layer9_gripper1,0,0,28578.22,True
279,TravelML,TravelML_robot1_rpmanipulate_rppickup_dup44,PickUpHL_stick39_initlocstick39_robot1_gripper1,0,0,13098.58,True
280,PickUpML,PickUpML_stick39_initlocstick39_robot1_gripper1_rppickup,PickUpHL_stick39_initlocstick39_robot1_gripper1,0,0,15899.06,True
281,TravelML,TravelML_robot1_rppickup_rpmanipulate_dup48,StackOnTwoHL_stick39_robot1_finallocstick39_stick35_stick34_layer8_layer9_gripper1,0,0,13641.98,True
282,StackOnTwoML,StackOnTwoML_stick39_robot1_finallocstick39_rpmanipulate_stick34_stick35_gripper1_layer8_layer9,StackOnTwoHL_stick39_robot1_finallocstick39_stick35_stick34_layer8_layer9_gripper1,0,0,27016.35,True
283,TravelML,TravelML_robot1_rpmanipulate_rppickup_dup45,PickUpHL_stick42_initlocstick42_robot1_gripper1,0,0,13892.38,True
284,PickUpML,PickUpML_stick42_initlocstick42_robot1_gripper1_rppickup,PickUpHL_stick42_initlocstick42_robot1_gripper1,0,0,15896.52,True
285,TravelML,TravelML_robot1_rppickup_rpmanipulate_dup49,StackOnTwoHL_stick42_robot1_finallocstick42_stick38_stick37_layer9_layer10_gripper1,0,0,13544.05,True
286,StackOnTwoML,StackOnTwoML_stick42_robot1_finallocstick42_rpmanipulate_stick38_stick37_gripper1_layer9_layer10,StackOnTwoHL_stick42_robot1_finallocstick42_stick38_stick37_layer9_layer10_gripper1,0,0,28650.14,True
287,TravelML,TravelML_robot1_rpmanipulate_rppickup_dup46,PickUpHL_cube9_initloccube9_robot1_gripper1,0,0,13655.27,True
288,PickUpML,PickUpML_cube9_initloccube9_robot1_gripper1_rppickup,PickUpHL_cube9_initloccube9_robot1_gripper1,0,0,15905.22,True
289,TravelML,TravelML_robot1_rppickup_rpmanipulate_dup50,StackHL_cube9_stick37_robot1_finalloccube9_gripper1,0,0,13650.07,True
290,StackML,StackML_cube9_stick37_robot1_gripper1_finalloccube9_rpmanipulate,StackHL_cube9_stick37_robot1_finalloccube9_gripper1,0,0,28456.06,True
291,TravelML,TravelML_robot1_rpmanipulate_rppickup_dup47,PickUpHL_stick43_initlocstick43_robot1_gripper1,0,0,13132.81,True
292,PickUpML,PickUpML_stick43_initlocstick43_robot1_gripper1_rppickup,PickUpHL_stick43_initlocstick43_robot1_gripper1,0,0,15883.29,True
293,TravelML,TravelML_robot1_rppickup_rpmanipulate_dup51,StackOnTwoHL_stick43_robot1_finallocstick43_stick39_stick38_layer9_layer10_gripper1,0,0,13574.41,True
294,StackOnTwoML,StackOnTwoML_stick43_robot1_finallocstick43_rpmanipulate_stick38_stick39_gripper1_layer9_layer10,StackOnTwoHL_stick43_robot1_finallocstick43_stick39_stick38_layer9_layer10_gripper1,0,0,27471.28,True
295,TravelML,TravelML_robot1_rpmanipulate_rppickup_dup48,PickUpHL_stick41_initlocstick41_robot1_gripper1,0,0,13498.89,True
296,PickUpML,PickUpML_stick41_initlocstick41_robot1_gripper1_rppickup,PickUpHL_stick41_initlocstick41_robot1_gripper1,0,0,16589.68,True
297,TravelML,TravelML_robot1_rppickup_rpmanipulate_dup52,StackOnTwoHL_stick41_robot1_finallocstick41_cube8_stick36_layer8_layer9_gripper1,0,0,13438.70,True
298,StackOnTwoML,StackOnTwoML_stick41_robot1_finallocstick41_rpmanipulate_cube8_stick36_gripper1_layer8_layer9,StackOnTwoHL_stick41_robot1_finallocstick41_cube8_stick36_layer8_layer9_gripper1,0,0,25454.53,True
299,TravelML,TravelML_robot1_rpmanipulate_rppickup_dup49,PickUpHL_stick40_initlocstick40_robot1_gripper1,0,0,13830.21,True
300,PickUpML,PickUpML_stick40_initlocstick40_robot1_gripper1_rppickup,PickUpHL_stick40_initlocstick40_robot1_gripper1,0,0,16591.83,True
301,TravelML,TravelML_robot1_rppickup_rpmanipulate_dup53,StackOnTwoHL_stick40_robot1_finallocstick40_stick35_stick36_layer8_layer9_gripper1,0,0,13327.63,True
302,StackOnTwoML,StackOnTwoML_stick40_robot1_finallocstick40_rpmanipulate_stick35_stick36_gripper1_layer8_layer9,StackOnTwoHL_stick40_robot1_finallocstick40_stick35_stick36_layer8_layer9_gripper1,0,0,26797.40,True
303,TravelML,TravelML_robot1_rpmanipulate_rppickup_dup50,PickUpHL_cube10_initloccube10_robot1_gripper1,0,0,13429.27,True
304,PickUpML,PickUpML_cube10_initloccube10_robot1_gripper1_rppickup,PickUpHL_cube10_initloccube10_robot1_gripper1,0,0,16660.41,True
305,TravelML,TravelML_robot1_rppickup_rpmanipulate_dup54,StackHL_cube10_stick41_robot1_finalloccube10_gripper1,0,0,13568.20,True
306,StackML,StackML_cube10_stick41_robot1_gripper1_finalloccube10_rpmanipulate,StackHL_cube10_stick41_robot1_finalloccube10_gripper1,0,0,25333.98,True
307,TravelML,TravelML_robot1_rpmanipulate_rppickup_dup51,PickUpHL_stick44_initlocstick44_robot1_gripper1,0,0,13102.43,True
308,PickUpML,PickUpML_stick44_initlocstick44_robot1_gripper1_rppickup,PickUpHL_stick44_initlocstick44_robot1_gripper1,0,0,15880.54,True
309,TravelML,TravelML_robot1_rppickup_rpmanipulate_dup55,StackOnTwoHL_stick44_robot1_finallocstick44_stick40_stick39_layer9_layer10_gripper1,0,0,13479.45,True
310,StackOnTwoML,StackOnTwoML_stick44_robot1_finallocstick44_rpmanipulate_stick40_stick39_gripper1_layer9_layer10,StackOnTwoHL_stick44_robot1_finallocstick44_stick40_stick39_layer9_layer10_gripper1,0,0,26706.37,True
311,TravelML,TravelML_robot1_rpmanipulate_rptoolchange_dup11,ChangeEndeffectorHL_robot1_gripper1_staplergun1_dup7,0,0,7242.16,True
312,DeequipML,DeequipML_robot1_gripper1_equiplocgripper_rptoolchange_dup6,ChangeEndeffectorHL_robot1_gripper1_staplergun1_dup7,0,0,23648.35,True
313,EquipeML,EquipeML_robot1_staplergun1_rptoolchange_equiplocstapler_dup6,ChangeEndeffectorHL_robot1_gripper1_staplergun1_dup7,0,0,12494.78,True
314,TravelML,TravelML_robot1_rptoolchange_rpmanipulate_dup6,NailingHL_stick43_stick38_robot1_staplergun1,0,0,10069.44,True
315,InitializeML,InitializeML_robot1_staplergun1_dup6,NailingHL_stick43_stick38_robot1_staplergun1,0,0,29.17,True
316,NailingML,NailingML_stick43_stick38_robot1_staplergun1_rpmanipulate,NailingHL_stick43_stick38_robot1_staplergun1,0,0,18483.40,True
317,NailingML,NailingML_stick43_stick39_robot1_staplergun1_rpmanipulate,NailingHL_stick43_stick39_robot1_staplergun1,0,0,17114.91,True
318,NailingML,NailingML_stick44_stick39_robot1_staplergun1_rpmanipulate,NailingHL_stick44_stick39_robot1_staplergun1,0,0,16541.39,True
319,NailingML,NailingML_stick44_stick40_robot1_staplergun1_rpmanipulate,NailingHL_stick44_stick40_robot1_staplergun1,0,0,16702.88,True
320,NailingML,NailingML_cube9_stick37_robot1_staplergun1_rpmanipulate,NailingHL_cube9_stick37_robot1_staplergun1,0,0,17318.83,True
321,NailingML,NailingML_cube10_stick41_robot1_staplergun1_rpmanipulate,NailingHL_cube10_stick41_robot1_staplergun1,0,0,18758.94,True
322,NailingML,NailingML_stick42_stick37_robot1_staplergun1_rpmanipulate,NailingHL_stick42_stick37_robot1_staplergun1,0,0,19601.40,True
323,NailingML,NailingML_stick42_stick38_robot1_staplergun1_rpmanipulate,NailingHL_stick42_stick38_robot1_staplergun1,0,0,17474.46,True
324,CloseToolML,CloseToolML_robot1_staplergun1_dup6,ChangeEndeffectorHL_robot1_staplergun1_gripper1_dup6,0,0,25.37,True
325,TravelML,TravelML_robot1_rpmanipulate_rptoolchange_dup12,ChangeEndeffectorHL_robot1_staplergun1_gripper1_dup6,0,0,6354.39,True
326,DeequipML,DeequipML_robot1_staplergun1_equiplocstapler_rptoolchange_dup6,ChangeEndeffectorHL_robot1_staplergun1_gripper1_dup6,0,0,9842.12,True
327,EquipeML,EquipeML_robot1_gripper1_rptoolchange_equiplocgripper_dup6,ChangeEndeffectorHL_robot1_staplergun1_gripper1_dup6,0,0,23259.49,True
328,TravelML,TravelML_robot1_rptoolchange_rppickup_dup6,PickUpHL_stick45_initlocstick45_robot1_gripper1,0,0,12927.08,True
329,PickUpML,PickUpML_stick45_initlocstick45_robot1_gripper1_rppickup,PickUpHL_stick45_initlocstick45_robot1_gripper1,0,0,16699.74,True
330,TravelML,TravelML_robot1_rppickup_rpmanipulate_dup56,StackOnTwoHL_stick45_robot1_finallocstick45_stick40_stick41_layer9_layer10_gripper1,0,0,13608.12,True
331,StackOnTwoML,StackOnTwoML_stick45_robot1_finallocstick45_rpmanipulate_stick41_stick40_gripper1_layer9_layer10,StackOnTwoHL_stick45_robot1_finallocstick45_stick40_stick41_layer9_layer10_gripper1,0,0,25746.14,True
332,TravelML,TravelML_robot1_rpmanipulate_rptoolchange_dup13,ChangeEndeffectorHL_robot1_gripper1_staplergun1_dup8,0,0,7492.54,True
333,DeequipML,DeequipML_robot1_gripper1_equiplocgripper_rptoolchange_dup7,ChangeEndeffectorHL_robot1_gripper1_staplergun1_dup8,0,0,23616.78,True
334,EquipeML,EquipeML_robot1_staplergun1_rptoolchange_equiplocstapler_dup7,ChangeEndeffectorHL_robot1_gripper1_staplergun1_dup8,0,0,12333.73,True
335,TravelML,TravelML_robot1_rptoolchange_rpmanipulate_dup7,NailingHL_stick45_stick40_robot1_staplergun1,0,0,10234.23,True
336,InitializeML,InitializeML_robot1_staplergun1_dup7,NailingHL_stick45_stick40_robot1_staplergun1,0,0,15.82,True
337,NailingML,NailingML_stick45_stick40_robot1_staplergun1_rpmanipulate,NailingHL_stick45_stick40_robot1_staplergun1,0,0,21514.30,True
338,NailingML,NailingML_stick45_stick41_robot1_staplergun1_rpmanipulate,NailingHL_stick45_stick41_robot1_staplergun1,0,0,16046.39,True
339,CloseToolML,CloseToolML_robot1_staplergun1_dup7,ChangeEndeffectorHL_robot1_staplergun1_gripper1_dup7,0,0,7.65,True
340,TravelML,TravelML_robot1_rpmanipulate_rptoolchange_dup14,ChangeEndeffectorHL_robot1_staplergun1_gripper1_dup7,0,0,8499.45,True
341,DeequipML,DeequipML_robot1_staplergun1_equiplocstapler_rptoolchange_dup7,ChangeEndeffectorHL_robot1_staplergun1_gripper1_dup7,0,0,9855.36,True
342,EquipeML,EquipeML_robot1_gripper1_rptoolchange_equiplocgripper_dup7,ChangeEndeffectorHL_robot1_staplergun1_gripper1_dup7,0,0,23569.20,True
343,TravelML,TravelML_robot1_rptoolchange_rppickup_dup7,PickUpHL_stick47_initlocstick47_robot1_gripper1,0,0,12786.53,True
344,PickUpML,PickUpML_stick47_initlocstick47_robot1_gripper1_rppickup,PickUpHL_stick47_initlocstick47_robot1_gripper1,0,0,15935.77,True
345,TravelML,TravelML_robot1_rppickup_rpmanipulate_dup57,StackOnTwoHL_stick47_robot1_finallocstick47_stick42_stick43_layer10_layer11_gripper1,0,0,13654.14,True
346,StackOnTwoML,StackOnTwoML_stick47_robot1_finallocstick47_rpmanipulate_stick42_stick43_gripper1_layer10_layer11,StackOnTwoHL_stick47_robot1_finallocstick47_stick42_stick43_layer10_layer11_gripper1,0,0,28642.60,True
347,TravelML,TravelML_robot1_rpmanipulate_rppickup_dup52,PickUpHL_stick46_initlocstick46_robot1_gripper1,0,0,13257.04,True
348,PickUpML,PickUpML_stick46_initlocstick46_robot1_gripper1_rppickup,PickUpHL_stick46_initlocstick46_robot1_gripper1,0,0,16640.53,True
349,TravelML,TravelML_robot1_rppickup_rpmanipulate_dup58,StackOnTwoHL_stick46_robot1_finallocstick46_stick42_cube9_layer10_layer11_gripper1,0,0,13698.81,True
350,StackOnTwoML,StackOnTwoML_stick46_robot1_finallocstick46_rpmanipulate_cube9_stick42_gripper1_layer10_layer11,StackOnTwoHL_stick46_robot1_finallocstick46_stick42_cube9_layer10_layer11_gripper1,0,0,28598.19,True
351,TravelML,TravelML_robot1_rpmanipulate_rppickup_dup53,PickUpHL_stick48_initlocstick48_robot1_gripper1,0,0,13060.29,True
352,PickUpML,PickUpML_stick48_initlocstick48_robot1_gripper1_rppickup,PickUpHL_stick48_initlocstick48_robot1_gripper1,0,0,16655.99,True
353,TravelML,TravelML_robot1_rppickup_rpmanipulate_dup59,StackOnTwoHL_stick48_robot1_finallocstick48_stick44_stick43_layer10_layer11_gripper1,0,0,13638.58,True
354,StackOnTwoML,StackOnTwoML_stick48_robot1_finallocstick48_rpmanipulate_stick43_stick44_gripper1_layer10_layer11,StackOnTwoHL_stick48_robot1_finallocstick48_stick44_stick43_layer10_layer11_gripper1,0,0,27004.88,True
355,TravelML,TravelML_robot1_rpmanipulate_rppickup_dup54,PickUpHL_stick51_initlocstick51_robot1_gripper1,0,0,13083.55,True
356,PickUpML,PickUpML_stick51_initlocstick51_robot1_gripper1_rppickup,PickUpHL_stick51_initlocstick51_robot1_gripper1,0,0,15874.72,True
357,TravelML,TravelML_robot1_rppickup_rpmanipulate_dup60,StackOnTwoHL_stick51_robot1_finallocstick51_stick46_stick47_layer11_layer12_gripper1,0,0,13634.33,True
358,StackOnTwoML,StackOnTwoML_stick51_robot1_finallocstick51_rpmanipulate_stick47_stick46_gripper1_layer11_layer12,StackOnTwoHL_stick51_robot1_finallocstick51_stick46_stick47_layer11_layer12_gripper1,0,0,29070.24,True
359,TravelML,TravelML_robot1_rpmanipulate_rppickup_dup55,PickUpHL_cube11_initloccube11_robot1_gripper1,0,0,13467.33,True
360,PickUpML,PickUpML_cube11_initloccube11_robot1_gripper1_rppickup,PickUpHL_cube11_initloccube11_robot1_gripper1,0,0,15901.14,True
361,TravelML,TravelML_robot1_rppickup_rpmanipulate_dup61,StackHL_cube11_stick46_robot1_finalloccube11_gripper1,0,0,13818.19,True
362,StackML,StackML_cube11_stick46_robot1_gripper1_finalloccube11_rpmanipulate,StackHL_cube11_stick46_robot1_finalloccube11_gripper1,0,0,28506.95,True
363,TravelML,TravelML_robot1_rpmanipulate_rppickup_dup56,PickUpHL_stick52_initlocstick52_robot1_gripper1,0,0,13467.88,True
364,PickUpML,PickUpML_stick52_initlocstick52_robot1_gripper1_rppickup,PickUpHL_stick52_initlocstick52_robot1_gripper1,0,0,16580.90,True
365,TravelML,TravelML_robot1_rppickup_rpmanipulate_dup62,StackOnTwoHL_stick52_robot1_finallocstick52_stick47_stick48_layer11_layer12_gripper1,0,0,13519.95,True
366,StackOnTwoML,StackOnTwoML_stick52_robot1_finallocstick52_rpmanipulate_stick47_stick48_gripper1_layer11_layer12,StackOnTwoHL_stick52_robot1_finallocstick52_stick47_stick48_layer11_layer12_gripper1,0,0,27403.05,True
367,TravelML,TravelML_robot1_rpmanipulate_rppickup_dup57,PickUpHL_stick50_initlocstick50_robot1_gripper1,0,0,13202.36,True
368,PickUpML,PickUpML_stick50_initlocstick50_robot1_gripper1_rppickup,PickUpHL_stick50_initlocstick50_robot1_gripper1,0,0,15894.19,True
369,TravelML,TravelML_robot1_rppickup_rpmanipulate_dup63,StackOnTwoHL_stick50_robot1_finallocstick50_cube10_stick45_layer10_layer11_gripper1,0,0,13620.73,True
370,StackOnTwoML,StackOnTwoML_stick50_robot1_finallocstick50_rpmanipulate_cube10_stick45_gripper1_layer10_layer11,StackOnTwoHL_stick50_robot1_finallocstick50_cube10_stick45_layer10_layer11_gripper1,0,0,25419.41,True
371,TravelML,TravelML_robot1_rpmanipulate_rppickup_dup58,PickUpHL_stick49_initlocstick49_robot1_gripper1,0,0,13033.80,True
372,PickUpML,PickUpML_stick49_initlocstick49_robot1_gripper1_rppickup,PickUpHL_stick49_initlocstick49_robot1_gripper1,0,0,15857.89,True
373,TravelML,TravelML_robot1_rppickup_rpmanipulate_dup64,StackOnTwoHL_stick49_robot1_finallocstick49_stick44_stick45_layer10_layer11_gripper1,0,0,13605.20,True
374,StackOnTwoML,StackOnTwoML_stick49_robot1_finallocstick49_rpmanipulate_stick44_stick45_gripper1_layer10_layer11,StackOnTwoHL_stick49_robot1_finallocstick49_stick44_stick45_layer10_layer11_gripper1,0,0,26729.14,True
375,TravelML,TravelML_robot1_rpmanipulate_rppickup_dup59,PickUpHL_cube12_initloccube12_robot1_gripper1,0,0,13151.67,True
376,PickUpML,PickUpML_cube12_initloccube12_robot1_gripper1_rppickup,PickUpHL_cube12_initloccube12_robot1_gripper1,0,0,15910.19,True
377,TravelML,TravelML_robot1_rppickup_rpmanipulate_dup65,StackHL_cube12_stick50_robot1_finalloccube12_gripper1,0,0,13463.60,True
378,StackML,StackML_cube12_stick50_robot1_gripper1_finalloccube12_rpmanipulate,StackHL_cube12_stick50_robot1_finalloccube12_gripper1,0,0,25273.87,True
379,TravelML,TravelML_robot1_rpmanipulate_rppickup_dup60,PickUpHL_stick53_initlocstick53_robot1_gripper1,0,0,13222.81,True
380,PickUpML,PickUpML_stick53_initlocstick53_robot1_gripper1_rppickup,PickUpHL_stick53_initlocstick53_robot1_gripper1,0,0,16675.56,True
381,TravelML,TravelML_robot1_rppickup_rpmanipulate_dup66,StackOnTwoHL_stick53_robot1_finallocstick53_stick49_stick48_layer11_layer12_gripper1,0,0,13391.48,True
382,StackOnTwoML,StackOnTwoML_stick53_robot1_finallocstick53_rpmanipulate_stick49_stick48_gripper1_layer11_layer12,StackOnTwoHL_stick53_robot1_finallocstick53_stick49_stick48_layer11_layer12_gripper1,0,0,26912.65,True
383,TravelML,TravelML_robot1_rpmanipulate_rppickup_dup61,PickUpHL_stick54_initlocstick54_robot1_gripper1,0,0,13246.14,True
384,PickUpML,PickUpML_stick54_initlocstick54_robot1_gripper1_rppickup,PickUpHL_stick54_initlocstick54_robot1_gripper1,0,0,15854.63,True
385,TravelML,TravelML_robot1_rppickup_rpmanipulate_dup67,StackOnTwoHL_stick54_robot1_finallocstick54_stick49_stick50_layer11_layer12_gripper1,0,0,13162.04,True
386,StackOnTwoML,StackOnTwoML_stick54_robot1_finallocstick54_rpmanipulate_stick50_stick49_gripper1_layer11_layer12,StackOnTwoHL_stick54_robot1_finallocstick54_stick49_stick50_layer11_layer12_gripper1,0,0,25673.46,True
387,TravelML,TravelML_robot1_rpmanipulate_rptoolchange_dup15,ChangeEndeffectorHL_robot1_gripper1_staplergun1_dup9,0,0,7586.75,True
388,DeequipML,DeequipML_robot1_gripper1_equiplocgripper_rptoolchange_dup8,ChangeEndeffectorHL_robot1_gripper1_staplergun1_dup9,0,0,23611.69,True
389,EquipeML,EquipeML_robot1_staplergun1_rptoolchange_equiplocstapler_dup8,ChangeEndeffectorHL_robot1_gripper1_staplergun1_dup9,0,0,12447.84,True
390,TravelML,TravelML_robot1_rptoolchange_rpmanipulate_dup8,NailingHL_cube11_stick46_robot1_staplergun1,0,0,10051.16,True
391,InitializeML,InitializeML_robot1_staplergun1_dup8,NailingHL_cube11_stick46_robot1_staplergun1,0,0,30.77,True
392,NailingML,NailingML_cube11_stick46_robot1_staplergun1_rpmanipulate,NailingHL_cube11_stick46_robot1_staplergun1,0,0,21454.38,True
393,NailingML,NailingML_cube12_stick50_robot1_staplergun1_rpmanipulate,NailingHL_cube12_stick50_robot1_staplergun1,0,0,19499.03,True
394,NailingML,NailingML_stick51_stick46_robot1_staplergun1_rpmanipulate,NailingHL_stick51_stick46_robot1_staplergun1,0,0,19650.54,True
395,NailingML,NailingML_stick51_stick47_robot1_staplergun1_rpmanipulate,NailingHL_stick51_stick47_robot1_staplergun1,0,0,17189.02,True
396,NailingML,NailingML_stick52_stick47_robot1_staplergun1_rpmanipulate,NailingHL_stick52_stick47_robot1_staplergun1,0,0,17183.70,True
397,NailingML,NailingML_stick52_stick48_robot1_staplergun1_rpmanipulate,NailingHL_stick52_stick48_robot1_staplergun1,0,0,16433.00,True
398,NailingML,NailingML_stick53_stick48_robot1_staplergun1_rpmanipulate,NailingHL_stick53_stick48_robot1_staplergun1,0,0,16363.37,True
399,NailingML,NailingML_stick53_stick49_robot1_staplergun1_rpmanipulate,NailingHL_stick53_stick49_robot1_staplergun1,0,0,16767.55,True
400,NailingML,NailingML_stick54_stick49_robot1_staplergun1_rpmanipulate,NailingHL_stick54_stick49_robot1_staplergun1,0,0,15859.67,True
401,NailingML,NailingML_stick54_stick50_robot1_staplergun1_rpmanipulate,NailingHL_stick54_stick50_robot1_staplergun1,0,0,15735.46,True
402,CloseToolML,CloseToolML_robot1_staplergun1_dup8,ChangeEndeffectorHL_robot1_staplergun1_gripper1_dup8,0,0,26.82,True
403,TravelML,TravelML_robot1_rpmanipulate_rptoolchange_dup16,ChangeEndeffectorHL_robot1_staplergun1_gripper1_dup8,0,0,8347.34,True
404,DeequipML,DeequipML_robot1_staplergun1_equiplocstapler_rptoolchange_dup8,ChangeEndeffectorHL_robot1_staplergun1_gripper1_dup8,0,0,9832.68,True
405,EquipeML,EquipeML_robot1_gripper1_rptoolchange_equiplocgripper_dup8,ChangeEndeffectorHL_robot1_staplergun1_gripper1_dup8,0,0,23298.56,True
406,TravelML,TravelML_robot1_rptoolchange_rppickup_dup8,PickUpHL_stick56_initlocstick56_robot1_gripper1,0,0,12957.40,True
407,PickUpML,PickUpML_stick56_initlocstick56_robot1_gripper1_rppickup,PickUpHL_stick56_initlocstick56_robot1_gripper1,0,0,16559.27,True
408,TravelML,TravelML_robot1_rppickup_rpmanipulate_dup68,StackOnTwoHL_stick56_robot1_finallocstick56_stick51_stick52_layer12_layer13_gripper1,0,0,13450.40,True
409,StackOnTwoML,StackOnTwoML_stick56_robot1_finallocstick56_rpmanipulate_stick51_stick52_gripper1_layer12_layer13,StackOnTwoHL_stick56_robot1_finallocstick56_stick51_stick52_layer12_layer13_gripper1,0,0,28619.92,True
410,TravelML,TravelML_robot1_rpmanipulate_rppickup_dup62,PickUpHL_stick55_initlocstick55_robot1_gripper1,0,0,13637.24,True
411,PickUpML,PickUpML_stick55_initlocstick55_robot1_gripper1_rppickup,PickUpHL_stick55_initlocstick55_robot1_gripper1,0,0,16639.21,True
412,TravelML,TravelML_robot1_rppickup_rpmanipulate_dup69,StackOnTwoHL_stick55_robot1_finallocstick55_stick51_cube11_layer12_layer13_gripper1,0,0,13649.84,True
413,StackOnTwoML,StackOnTwoML_stick55_robot1_finallocstick55_rpmanipulate_cube11_stick51_gripper1_layer12_layer13,StackOnTwoHL_stick55_robot1_finallocstick55_stick51_cube11_layer12_layer13_gripper1,0,0,28571.54,True
414,TravelML,TravelML_robot1_rpmanipulate_rppickup_dup63,PickUpHL_stick59_initlocstick59_robot1_gripper1,0,0,13662.83,True
415,PickUpML,PickUpML_stick59_initlocstick59_robot1_gripper1_rppickup,PickUpHL_stick59_initlocstick59_robot1_gripper1,0,0,16554.48,True
416,TravelML,TravelML_robot1_rppickup_rpmanipulate_dup70,StackOnTwoHL_stick59_robot1_finallocstick59_cube12_stick54_layer12_layer13_gripper1,0,0,13771.54,True
417,StackOnTwoML,StackOnTwoML_stick59_robot1_finallocstick59_rpmanipulate_cube12_stick54_gripper1_layer12_layer13,StackOnTwoHL_stick59_robot1_finallocstick59_cube12_stick54_layer12_layer13_gripper1,0,0,25359.70,True
418,TravelML,TravelML_robot1_rpmanipulate_rppickup_dup64,PickUpHL_stick60_initlocstick60_robot1_gripper1,0,0,13156.11,True
419,PickUpML,PickUpML_stick60_initlocstick60_robot1_gripper1_rppickup,PickUpHL_stick60_initlocstick60_robot1_gripper1,0,0,15853.23,True
420,TravelML,TravelML_robot1_rppickup_rpmanipulate_dup71,StackOnTwoHL_stick60_robot1_finallocstick60_stick55_stick56_layer13_layer14_gripper1,0,0,13351.94,True
421,StackOnTwoML,StackOnTwoML_stick60_robot1_finallocstick60_rpmanipulate_stick56_stick55_gripper1_layer13_layer14,StackOnTwoHL_stick60_robot1_finallocstick60_stick55_stick56_layer13_layer14_gripper1,0,0,28991.37,True
422,TravelML,TravelML_robot1_rpmanipulate_rppickup_dup65,PickUpHL_stick57_initlocstick57_robot1_gripper1,0,0,13369.72,True
423,PickUpML,PickUpML_stick57_initlocstick57_robot1_gripper1_rppickup,PickUpHL_stick57_initlocstick57_robot1_gripper1,0,0,15938.57,True
424,TravelML,TravelML_robot1_rppickup_rpmanipulate_dup72,StackOnTwoHL_stick57_robot1_finallocstick57_stick53_stick52_layer12_layer13_gripper1,0,0,13549.54,True
425,StackOnTwoML,StackOnTwoML_stick57_robot1_finallocstick57_rpmanipulate_stick52_stick53_gripper1_layer12_layer13,StackOnTwoHL_stick57_robot1_finallocstick57_stick53_stick52_layer12_layer13_gripper1,0,0,26955.87,True
426,TravelML,TravelML_robot1_rpmanipulate_rppickup_dup66,PickUpHL_stick58_initlocstick58_robot1_gripper1,0,0,13762.93,True
427,PickUpML,PickUpML_stick58_initlocstick58_robot1_gripper1_rppickup,PickUpHL_stick58_initlocstick58_robot1_gripper1,0,0,15877.78,True
428,TravelML,TravelML_robot1_rppickup_rpmanipulate_dup73,StackOnTwoHL_stick58_robot1_finallocstick58_stick53_stick54_layer12_layer13_gripper1,0,0,13463.77,True
429,StackOnTwoML,StackOnTwoML_stick58_robot1_finallocstick58_rpmanipulate_stick53_stick54_gripper1_layer12_layer13,StackOnTwoHL_stick58_robot1_finallocstick58_stick53_stick54_layer12_layer13_gripper1,0,0,26807.38,True
430,TravelML,TravelML_robot1_rpmanipulate_rppickup_dup67,PickUpHL_stick62_initlocstick62_robot1_gripper1,0,0,13304.31,True
431,PickUpML,PickUpML_stick62_initlocstick62_robot1_gripper1_rppickup,PickUpHL_stick62_initlocstick62_robot1_gripper1,0,0,15846.92,True
432,TravelML,TravelML_robot1_rppickup_rpmanipulate_dup74,StackOnTwoHL_stick62_robot1_finallocstick62_stick58_stick57_layer13_layer14_gripper1,0,0,13561.65,True
433,StackOnTwoML,StackOnTwoML_stick62_robot1_finallocstick62_rpmanipulate_stick58_stick57_gripper1_layer13_layer14,StackOnTwoHL_stick62_robot1_finallocstick62_stick58_stick57_layer13_layer14_gripper1,0,0,26813.58,True
434,TravelML,TravelML_robot1_rpmanipulate_rppickup_dup68,PickUpHL_stick61_initlocstick61_robot1_gripper1,0,0,13636.50,True
435,PickUpML,PickUpML_stick61_initlocstick61_robot1_gripper1_rppickup,PickUpHL_stick61_initlocstick61_robot1_gripper1,0,0,16608.63,True
436,TravelML,TravelML_robot1_rppickup_rpmanipulate_dup75,StackOnTwoHL_stick61_robot1_finallocstick61_stick56_stick57_layer13_layer14_gripper1,0,0,13371.52,True
437,StackOnTwoML,StackOnTwoML_stick61_robot1_finallocstick61_rpmanipulate_stick56_stick57_gripper1_layer13_layer14,StackOnTwoHL_stick61_robot1_finallocstick61_stick56_stick57_layer13_layer14_gripper1,0,0,27346.57,True
438,TravelML,TravelML_robot1_rpmanipulate_rppickup_dup69,PickUpHL_cube14_initloccube14_robot1_gripper1,0,0,13518.25,True
439,PickUpML,PickUpML_cube14_initloccube14_robot1_gripper1_rppickup,PickUpHL_cube14_initloccube14_robot1_gripper1,0,0,16645.09,True
440,TravelML,TravelML_robot1_rppickup_rpmanipulate_dup76,StackHL_cube14_stick59_robot1_finalloccube14_gripper1,0,0,13597.14,True
441,StackML,StackML_cube14_stick59_robot1_gripper1_finalloccube14_rpmanipulate,StackHL_cube14_stick59_robot1_finalloccube14_gripper1,0,0,25257.38,True
442,TravelML,TravelML_robot1_rpmanipulate_rppickup_dup70,PickUpHL_cube13_initloccube13_robot1_gripper1,0,0,13922.80,True
443,PickUpML,PickUpML_cube13_initloccube13_robot1_gripper1_rppickup,PickUpHL_cube13_initloccube13_robot1_gripper1,0,0,15911.54,True
444,TravelML,TravelML_robot1_rppickup_rpmanipulate_dup77,StackHL_cube13_stick55_robot1_finalloccube13_gripper1,0,0,13424.94,True
445,StackML,StackML_cube13_stick55_robot1_gripper1_finalloccube13_rpmanipulate,StackHL_cube13_stick55_robot1_finalloccube13_gripper1,0,0,28532.04,True
446,TravelML,TravelML_robot1_rpmanipulate_rppickup_dup71,PickUpHL_stick63_initlocstick63_robot1_gripper1,0,0,13216.35,True
447,PickUpML,PickUpML_stick63_initlocstick63_robot1_gripper1_rppickup,PickUpHL_stick63_initlocstick63_robot1_gripper1,0,0,16581.42,True
448,TravelML,TravelML_robot1_rppickup_rpmanipulate_dup78,StackOnTwoHL_stick63_robot1_finallocstick63_stick58_stick59_layer13_layer14_gripper1,0,0,14203.78,True
449,StackOnTwoML,StackOnTwoML_stick63_robot1_finallocstick63_rpmanipulate_stick59_stick58_gripper1_layer13_layer14,StackOnTwoHL_stick63_robot1_finallocstick63_stick58_stick59_layer13_layer14_gripper1,0,0,25659.70,True
450,TravelML,TravelML_robot1_rpmanipulate_rptoolchange_dup17,ChangeEndeffectorHL_robot1_gripper1_staplergun1_dup10,0,0,7559.96,True
451,DeequipML,DeequipML_robot1_gripper1_equiplocgripper_rptoolchange_dup9,ChangeEndeffectorHL_robot1_gripper1_staplergun1_dup10,0,0,23634.21,True
452,EquipeML,EquipeML_robot1_staplergun1_rptoolchange_equiplocstapler_dup9,ChangeEndeffectorHL_robot1_gripper1_staplergun1_dup10,0,0,12406.33,True
453,TravelML,TravelML_robot1_rptoolchange_rpmanipulate_dup9,NailingHL_cube13_stick55_robot1_staplergun1,0,0,9955.41,True
454,InitializeML,InitializeML_robot1_staplergun1_dup9,NailingHL_cube13_stick55_robot1_staplergun1,0,0,30.76,True
455,NailingML,NailingML_cube13_stick55_robot1_staplergun1_rpmanipulate,NailingHL_cube13_stick55_robot1_staplergun1,0,0,22153.32,True
456,NailingML,NailingML_cube14_stick59_robot1_staplergun1_rpmanipulate,NailingHL_cube14_stick59_robot1_staplergun1,0,0,19680.81,True
457,NailingML,NailingML_stick60_stick55_robot1_staplergun1_rpmanipulate,NailingHL_stick60_stick55_robot1_staplergun1,0,0,19664.27,True
458,NailingML,NailingML_stick60_stick56_robot1_staplergun1_rpmanipulate,NailingHL_stick60_stick56_robot1_staplergun1,0,0,17459.06,True
459,NailingML,NailingML_stick61_stick56_robot1_staplergun1_rpmanipulate,NailingHL_stick61_stick56_robot1_staplergun1,0,0,17160.75,True
460,NailingML,NailingML_stick61_stick57_robot1_staplergun1_rpmanipulate,NailingHL_stick61_stick57_robot1_staplergun1,0,0,16664.03,True
461,NailingML,NailingML_stick62_stick57_robot1_staplergun1_rpmanipulate,NailingHL_stick62_stick57_robot1_staplergun1,0,0,17066.45,True
462,NailingML,NailingML_stick62_stick58_robot1_staplergun1_rpmanipulate,NailingHL_stick62_stick58_robot1_staplergun1,0,0,16529.75,True
463,NailingML,NailingML_stick63_stick58_robot1_staplergun1_rpmanipulate,NailingHL_stick63_stick58_robot1_staplergun1,0,0,15739.64,True
464,NailingML,NailingML_stick63_stick59_robot1_staplergun1_rpmanipulate,NailingHL_stick63_stick59_robot1_staplergun1,0,0,15946.14,True
465,CloseToolML,CloseToolML_robot1_staplergun1_dup9,ChangeEndeffectorHL_robot1_staplergun1_gripper1_dup9,0,0,27.22,True
466,TravelML,TravelML_robot1_rpmanipulate_rptoolchange_dup18,ChangeEndeffectorHL_robot1_staplergun1_gripper1_dup9,0,0,9326.11,True
467,DeequipML,DeequipML_robot1_staplergun1_equiplocstapler_rptoolchange_dup9,ChangeEndeffectorHL_robot1_staplergun1_gripper1_dup9,0,0,9835.16,True
468,EquipeML,EquipeML_robot1_gripper1_rptoolchange_equiplocgripper_dup9,ChangeEndeffectorHL_robot1_staplergun1_gripper1_dup9,0,0,23150.64,True
469,TravelML,TravelML_robot1_rptoolchange_rppickup_dup9,PickUpHL_stick65_initlocstick65_robot1_gripper1,0,0,13627.88,True
470,PickUpML,PickUpML_stick65_initlocstick65_robot1_gripper1_rppickup,PickUpHL_stick65_initlocstick65_robot1_gripper1,0,0,15875.64,True
471,TravelML,TravelML_robot1_rppickup_rpmanipulate_dup79,StackOnTwoHL_stick65_robot1_finallocstick65_stick60_stick61_layer14_layer15_gripper1,0,0,13904.84,True
472,StackOnTwoML,StackOnTwoML_stick65_robot1_finallocstick65_rpmanipulate_stick61_stick60_gripper1_layer14_layer15,StackOnTwoHL_stick65_robot1_finallocstick65_stick60_stick61_layer14_layer15_gripper1,0,0,28564.60,True
473,TravelML,TravelML_robot1_rpmanipulate_rppickup_dup72,PickUpHL_stick64_initlocstick64_robot1_gripper1,0,0,13601.43,True
474,PickUpML,PickUpML_stick64_initlocstick64_robot1_gripper1_rppickup,PickUpHL_stick64_initlocstick64_robot1_gripper1,0,0,15957.46,True
475,TravelML,TravelML_robot1_rppickup_rpmanipulate_dup80,StackOnTwoHL_stick64_robot1_finallocstick64_cube13_stick60_layer14_layer15_gripper1,0,0,13775.98,True
476,StackOnTwoML,StackOnTwoML_stick64_robot1_finallocstick64_rpmanipulate_cube13_stick60_gripper1_layer14_layer15,StackOnTwoHL_stick64_robot1_finallocstick64_cube13_stick60_layer14_layer15_gripper1,0,0,28653.00,True
477,TravelML,TravelML_robot1_rpmanipulate_rppickup_dup73,PickUpHL_stick66_initlocstick66_robot1_gripper1,0,0,14012.58,True
478,PickUpML,PickUpML_stick66_initlocstick66_robot1_gripper1_rppickup,PickUpHL_stick66_initlocstick66_robot1_gripper1,0,0,16599.98,True
479,TravelML,TravelML_robot1_rppickup_rpmanipulate_dup81,StackOnTwoHL_stick66_robot1_finallocstick66_stick62_stick61_layer14_layer15_gripper1,0,0,13716.25,True
480,StackOnTwoML,StackOnTwoML_stick66_robot1_finallocstick66_rpmanipulate_stick62_stick61_gripper1_layer14_layer15,StackOnTwoHL_stick66_robot1_finallocstick66_stick62_stick61_layer14_layer15_gripper1,0,0,26958.69,True
481,TravelML,TravelML_robot1_rpmanipulate_rppickup_dup74,PickUpHL_stick69_initlocstick69_robot1_gripper1,0,0,13520.74,True
482,PickUpML,PickUpML_stick69_initlocstick69_robot1_gripper1_rppickup,PickUpHL_stick69_initlocstick69_robot1_gripper1,0,0,16631.25,True
483,TravelML,TravelML_robot1_rppickup_rpmanipulate_dup82,StackOnTwoHL_stick69_robot1_finallocstick69_stick65_stick64_layer15_layer16_gripper1,0,0,13827.99,True
484,StackOnTwoML,StackOnTwoML_stick69_robot1_finallocstick69_rpmanipulate_stick64_stick65_gripper1_layer15_layer16,StackOnTwoHL_stick69_robot1_finallocstick69_stick65_stick64_layer15_layer16_gripper1,0,0,28800.77,True
485,TravelML,TravelML_robot1_rpmanipulate_rppickup_dup75,PickUpHL_stick68_initlocstick68_robot1_gripper1,0,0,13294.42,True
486,PickUpML,PickUpML_stick68_initlocstick68_robot1_gripper1_rppickup,PickUpHL_stick68_initlocstick68_robot1_gripper1,0,0,15874.69,True
487,TravelML,TravelML_robot1_rppickup_rpmanipulate_dup83,StackOnTwoHL_stick68_robot1_finallocstick68_stick63_cube14_layer14_layer15_gripper1,0,0,13963.31,True
488,StackOnTwoML,StackOnTwoML_stick68_robot1_finallocstick68_rpmanipulate_cube14_stick63_gripper1_layer14_layer15,StackOnTwoHL_stick68_robot1_finallocstick68_stick63_cube14_layer14_layer15_gripper1,0,0,25376.71,True
489,TravelML,TravelML_robot1_rpmanipulate_rppickup_dup76,PickUpHL_stick67_initlocstick67_robot1_gripper1,0,0,13353.74,True
490,PickUpML,PickUpML_stick67_initlocstick67_robot1_gripper1_rppickup,PickUpHL_stick67_initlocstick67_robot1_gripper1,0,0,15984.28,True
491,TravelML,TravelML_robot1_rppickup_rpmanipulate_dup84,StackOnTwoHL_stick67_robot1_finallocstick67_stick62_stick63_layer14_layer15_gripper1,0,0,13858.16,True
492,StackOnTwoML,StackOnTwoML_stick67_robot1_finallocstick67_rpmanipulate_stick63_stick62_gripper1_layer14_layer15,StackOnTwoHL_stick67_robot1_finallocstick67_stick62_stick63_layer14_layer15_gripper1,0,0,26767.14,True
493,TravelML,TravelML_robot1_rpmanipulate_rppickup_dup77,PickUpHL_cube15_initloccube15_robot1_gripper1,0,0,13661.41,True
494,PickUpML,PickUpML_cube15_initloccube15_robot1_gripper1_rppickup,PickUpHL_cube15_initloccube15_robot1_gripper1,0,0,15888.72,True
495,TravelML,TravelML_robot1_rppickup_rpmanipulate_dup85,StackHL_cube15_stick64_robot1_finalloccube15_gripper1,0,0,13441.28,True
496,StackML,StackML_cube15_stick64_robot1_gripper1_finalloccube15_rpmanipulate,StackHL_cube15_stick64_robot1_finalloccube15_gripper1,0,0,28485.89,True
497,TravelML,TravelML_robot1_rpmanipulate_rppickup_dup78,PickUpHL_stick71_initlocstick71_robot1_gripper1,0,0,13497.18,True
498,PickUpML,PickUpML_stick71_initlocstick71_robot1_gripper1_rppickup,PickUpHL_stick71_initlocstick71_robot1_gripper1,0,0,15893.38,True
499,TravelML,TravelML_robot1_rppickup_rpmanipulate_dup86,StackOnTwoHL_stick71_robot1_finallocstick71_stick66_stick67_layer15_layer16_gripper1,0,0,13820.59,True
500,StackOnTwoML,StackOnTwoML_stick71_robot1_finallocstick71_rpmanipulate_stick66_stick67_gripper1_layer15_layer16,StackOnTwoHL_stick71_robot1_finallocstick71_stick66_stick67_layer15_layer16_gripper1,0,0,26906.19,True
501,TravelML,TravelML_robot1_rpmanipulate_rppickup_dup79,PickUpHL_stick70_initlocstick70_robot1_gripper1,0,0,13473.98,True
502,PickUpML,PickUpML_stick70_initlocstick70_robot1_gripper1_rppickup,PickUpHL_stick70_initlocstick70_robot1_gripper1,0,0,16799.86,True
503,TravelML,TravelML_robot1_rppickup_rpmanipulate_dup87,StackOnTwoHL_stick70_robot1_finallocstick70_stick66_stick65_layer15_layer16_gripper1,0,0,13589.69,True
504,StackOnTwoML,StackOnTwoML_stick70_robot1_finallocstick70_rpmanipulate_stick66_stick65_gripper1_layer15_layer16,StackOnTwoHL_stick70_robot1_finallocstick70_stick66_stick65_layer15_layer16_gripper1,0,0,27290.85,True
505,TravelML,TravelML_robot1_rpmanipulate_rppickup_dup80,PickUpHL_stick72_initlocstick72_robot1_gripper1,0,0,13753.85,True
506,PickUpML,PickUpML_stick72_initlocstick72_robot1_gripper1_rppickup,PickUpHL_stick72_initlocstick72_robot1_gripper1,0,0,16631.56,True
507,TravelML,TravelML_robot1_rppickup_rpmanipulate_dup88,StackOnTwoHL_stick72_robot1_finallocstick72_stick68_stick67_layer15_layer16_gripper1,0,0,13598.48,True
508,StackOnTwoML,StackOnTwoML_stick72_robot1_finallocstick72_rpmanipulate_stick67_stick68_gripper1_layer15_layer16,StackOnTwoHL_stick72_robot1_finallocstick72_stick68_stick67_layer15_layer16_gripper1,0,0,25616.86,True
509,TravelML,TravelML_robot1_rpmanipulate_rptoolchange_dup19,ChangeEndeffectorHL_robot1_gripper1_staplergun1_dup11,0,0,7322.38,True
510,DeequipML,DeequipML_robot1_gripper1_equiplocgripper_rptoolchange_dup10,ChangeEndeffectorHL_robot1_gripper1_staplergun1_dup11,0,0,23730.25,True
511,EquipeML,EquipeML_robot1_staplergun1_rptoolchange_equiplocstapler_dup10,ChangeEndeffectorHL_robot1_gripper1_staplergun1_dup11,0,0,12415.10,True
512,InitializeML,InitializeML_robot1_staplergun1_dup10,NailingHL_cube15_stick64_robot1_staplergun1,0,0,31.32,True
513,TravelML,TravelML_robot1_rptoolchange_rpmanipulate_dup10,NailingHL_cube15_stick64_robot1_staplergun1,0,0,10096.31,True
514,NailingML,NailingML_cube15_stick64_robot1_staplergun1_rpmanipulate,NailingHL_cube15_stick64_robot1_staplergun1,0,0,21549.97,True
515,NailingML,NailingML_stick69_stick64_robot1_staplergun1_rpmanipulate,NailingHL_stick69_stick64_robot1_staplergun1,0,0,17279.41,True
516,NailingML,NailingML_stick69_stick65_robot1_staplergun1_rpmanipulate,NailingHL_stick69_stick65_robot1_staplergun1,0,0,18463.89,True
517,NailingML,NailingML_stick70_stick65_robot1_staplergun1_rpmanipulate,NailingHL_stick70_stick65_robot1_staplergun1,0,0,17591.76,True
518,NailingML,NailingML_stick70_stick66_robot1_staplergun1_rpmanipulate,NailingHL_stick70_stick66_robot1_staplergun1,0,0,16914.13,True
519,NailingML,NailingML_stick71_stick66_robot1_staplergun1_rpmanipulate,NailingHL_stick71_stick66_robot1_staplergun1,0,0,15907.32,True
520,NailingML,NailingML_stick71_stick67_robot1_staplergun1_rpmanipulate,NailingHL_stick71_stick67_robot1_staplergun1,0,0,16384.75,True
521,NailingML,NailingML_stick72_stick67_robot1_staplergun1_rpmanipulate,NailingHL_stick72_stick67_robot1_staplergun1,0,0,15971.87,True
522,NailingML,NailingML_stick72_stick68_robot1_staplergun1_rpmanipulate,NailingHL_stick72_stick68_robot1_staplergun1,0,0,15556.68,True
523,CloseToolML,CloseToolML_robot1_staplergun1_dup10,ChangeEndeffectorHL_robot1_staplergun1_gripper1_dup10,0,0,28.75,True
524,TravelML,TravelML_robot1_rpmanipulate_rptoolchange_dup20,ChangeEndeffectorHL_robot1_staplergun1_gripper1_dup10,0,0,8292.93,True
525,DeequipML,DeequipML_robot1_staplergun1_equiplocstapler_rptoolchange_dup10,ChangeEndeffectorHL_robot1_staplergun1_gripper1_dup10,0,0,9789.96,True
526,EquipeML,EquipeML_robot1_gripper1_rptoolchange_equiplocgripper_dup10,ChangeEndeffectorHL_robot1_staplergun1_gripper1_dup10,0,0,23223.79,True
527,TravelML,TravelML_robot1_rptoolchange_rppickup_dup10,PickUpHL_stick73_initlocstick73_robot1_gripper1,0,0,12980.17,True
528,PickUpML,PickUpML_stick73_initlocstick73_robot1_gripper1_rppickup,PickUpHL_stick73_initlocstick73_robot1_gripper1,0,0,17460.94,True
529,TravelML,TravelML_robot1_rppickup_rpmanipulate_dup89,StackOnTwoHL_stick73_robot1_finallocstick73_cube15_stick69_layer16_layer17_gripper1,0,0,13296.90,True
530,StackOnTwoML,StackOnTwoML_stick73_robot1_finallocstick73_rpmanipulate_cube15_stick69_gripper1_layer16_layer17,StackOnTwoHL_stick73_robot1_finallocstick73_cube15_stick69_layer16_layer17_gripper1,0,0,28626.63,True
531,TravelML,TravelML_robot1_rpmanipulate_rppickup_dup81,PickUpHL_stick74_initlocstick74_robot1_gripper1,0,0,13627.86,True
532,PickUpML,PickUpML_stick74_initlocstick74_robot1_gripper1_rppickup,PickUpHL_stick74_initlocstick74_robot1_gripper1,0,0,15938.33,True
533,TravelML,TravelML_robot1_rppickup_rpmanipulate_dup90,StackOnTwoHL_stick74_robot1_finallocstick74_stick70_stick69_layer16_layer17_gripper1,0,0,13527.34,True
534,StackOnTwoML,StackOnTwoML_stick74_robot1_finallocstick74_rpmanipulate_stick69_stick70_gripper1_layer16_layer17,StackOnTwoHL_stick74_robot1_finallocstick74_stick70_stick69_layer16_layer17_gripper1,0,0,28547.41,True
535,TravelML,TravelML_robot1_rpmanipulate_rppickup_dup82,PickUpHL_stick76_initlocstick76_robot1_gripper1,0,0,13474.85,True
536,PickUpML,PickUpML_stick76_initlocstick76_robot1_gripper1_rppickup,PickUpHL_stick76_initlocstick76_robot1_gripper1,0,0,16593.26,True
537,TravelML,TravelML_robot1_rppickup_rpmanipulate_dup91,StackOnTwoHL_stick76_robot1_finallocstick76_stick71_stick72_layer16_layer17_gripper1,0,0,13153.15,True
538,StackOnTwoML,StackOnTwoML_stick76_robot1_finallocstick76_rpmanipulate_stick72_stick71_gripper1_layer16_layer17,StackOnTwoHL_stick76_robot1_finallocstick76_stick71_stick72_layer16_layer17_gripper1,0,0,25965.10,True
539,TravelML,TravelML_robot1_rpmanipulate_rppickup_dup83,PickUpHL_cube16_initloccube16_robot1_gripper1,0,0,13054.62,True
540,PickUpML,PickUpML_cube16_initloccube16_robot1_gripper1_rppickup,PickUpHL_cube16_initloccube16_robot1_gripper1,0,0,15896.96,True
541,TravelML,TravelML_robot1_rppickup_rpmanipulate_dup92,StackHL_cube16_stick73_robot1_finalloccube16_gripper1,0,0,13396.65,True
542,StackML,StackML_cube16_stick73_robot1_gripper1_finalloccube16_rpmanipulate,StackHL_cube16_stick73_robot1_finalloccube16_gripper1,0,0,28524.40,True
543,TravelML,TravelML_robot1_rpmanipulate_rppickup_dup84,PickUpHL_stick75_initlocstick75_robot1_gripper1,0,0,13228.02,True
544,PickUpML,PickUpML_stick75_initlocstick75_robot1_gripper1_rppickup,PickUpHL_stick75_initlocstick75_robot1_gripper1,0,0,16622.10,True
545,TravelML,TravelML_robot1_rppickup_rpmanipulate_dup93,StackOnTwoHL_stick75_robot1_finallocstick75_stick70_stick71_layer16_layer17_gripper1,0,0,13872.34,True
546,StackOnTwoML,StackOnTwoML_stick75_robot1_finallocstick75_rpmanipulate_stick70_stick71_gripper1_layer16_layer17,StackOnTwoHL_stick75_robot1_finallocstick75_stick70_stick71_layer16_layer17_gripper1,0,0,26918.99,True
547,TravelML,TravelML_robot1_rpmanipulate_rppickup_dup85,PickUpHL_stick77_initlocstick77_robot1_gripper1,0,0,13435.46,True
548,PickUpML,PickUpML_stick77_initlocstick77_robot1_gripper1_rppickup,PickUpHL_stick77_initlocstick77_robot1_gripper1,0,0,15862.20,True
549,TravelML,TravelML_robot1_rppickup_rpmanipulate_dup94,StackOnTwoHL_stick77_robot1_finallocstick77_stick74_stick73_layer17_layer18_gripper1,0,0,13212.54,True
550,StackOnTwoML,StackOnTwoML_stick77_robot1_finallocstick77_rpmanipulate_stick73_stick74_gripper1_layer17_layer18,StackOnTwoHL_stick77_robot1_finallocstick77_stick74_stick73_layer17_layer18_gripper1,0,0,28973.21,True
551,TravelML,TravelML_robot1_rpmanipulate_rppickup_dup86,PickUpHL_stick78_initlocstick78_robot1_gripper1,0,0,13601.57,True
552,PickUpML,PickUpML_stick78_initlocstick78_robot1_gripper1_rppickup,PickUpHL_stick78_initlocstick78_robot1_gripper1,0,0,15882.22,True
553,TravelML,TravelML_robot1_rppickup_rpmanipulate_dup95,StackOnTwoHL_stick78_robot1_finallocstick78_stick75_stick74_layer17_layer18_gripper1,0,0,13845.90,True
554,StackOnTwoML,StackOnTwoML_stick78_robot1_finallocstick78_rpmanipulate_stick74_stick75_gripper1_layer17_layer18,StackOnTwoHL_stick78_robot1_finallocstick78_stick75_stick74_layer17_layer18_gripper1,0,0,27343.29,True
555,TravelML,TravelML_robot1_rpmanipulate_rppickup_dup87,PickUpHL_stick79_initlocstick79_robot1_gripper1,0,0,13061.89,True
556,PickUpML,PickUpML_stick79_initlocstick79_robot1_gripper1_rppickup,PickUpHL_stick79_initlocstick79_robot1_gripper1,0,0,15874.74,True
557,TravelML,TravelML_robot1_rppickup_rpmanipulate_dup96,StackOnTwoHL_stick79_robot1_finallocstick79_stick76_stick75_layer17_layer18_gripper1,0,0,13167.76,True
558,StackOnTwoML,StackOnTwoML_stick79_robot1_finallocstick79_rpmanipulate_stick76_stick75_gripper1_layer17_layer18,StackOnTwoHL_stick79_robot1_finallocstick79_stick76_stick75_layer17_layer18_gripper1,0,0,26815.55,True
559,TravelML,TravelML_robot1_rpmanipulate_rptoolchange_dup21,ChangeEndeffectorHL_robot1_gripper1_staplergun1_dup12,0,0,7636.56,True
560,DeequipML,DeequipML_robot1_gripper1_equiplocgripper_rptoolchange_dup11,ChangeEndeffectorHL_robot1_gripper1_staplergun1_dup12,0,0,23722.92,True
561,EquipeML,EquipeML_robot1_staplergun1_rptoolchange_equiplocstapler_dup11,ChangeEndeffectorHL_robot1_gripper1_staplergun1_dup12,0,0,12467.31,True
562,TravelML,TravelML_robot1_rptoolchange_rpmanipulate_dup11,NailingHL_cube16_stick73_robot1_staplergun1,0,0,10149.01,True
563,InitializeML,InitializeML_robot1_staplergun1_dup11,NailingHL_cube16_stick73_robot1_staplergun1,0,0,29.74,True
564,NailingML,NailingML_cube16_stick73_robot1_staplergun1_rpmanipulate,NailingHL_cube16_stick73_robot1_staplergun1,0,0,21444.21,True
565,NailingML,NailingML_stick77_stick73_robot1_staplergun1_rpmanipulate,NailingHL_stick77_stick73_robot1_staplergun1,0,0,16833.16,True
566,NailingML,NailingML_stick77_stick74_robot1_staplergun1_rpmanipulate,NailingHL_stick77_stick74_robot1_staplergun1,0,0,18348.26,True
567,NailingML,NailingML_stick78_stick74_robot1_staplergun1_rpmanipulate,NailingHL_stick78_stick74_robot1_staplergun1,0,0,17519.17,True
568,NailingML,NailingML_stick78_stick75_robot1_staplergun1_rpmanipulate,NailingHL_stick78_stick75_robot1_staplergun1,0,0,16920.26,True
569,NailingML,NailingML_stick79_stick75_robot1_staplergun1_rpmanipulate,NailingHL_stick79_stick75_robot1_staplergun1,0,0,16772.56,True
570,NailingML,NailingML_stick79_stick76_robot1_staplergun1_rpmanipulate,NailingHL_stick79_stick76_robot1_staplergun1,0,0,17018.42,True
571,TravelML,TravelML_robot1_rpmanipulate_rptoolchange_dup22,ChangeEndeffectorHL_robot1_staplergun1_gripper1_dup11,0,0,7788.67,True
572,CloseToolML,CloseToolML_robot1_staplergun1_dup11,ChangeEndeffectorHL_robot1_staplergun1_gripper1_dup11,0,0,31.90,True
573,DeequipML,DeequipML_robot1_staplergun1_equiplocstapler_rptoolchange_dup11,ChangeEndeffectorHL_robot1_staplergun1_gripper1_dup11,0,0,9943.96,True
574,EquipeML,EquipeML_robot1_gripper1_rptoolchange_equiplocgripper_dup11,ChangeEndeffectorHL_robot1_staplergun1_gripper1_dup11,0,0,23674.87,True
575,TravelML,TravelML_robot1_rptoolchange_rppickup_dup11,PickUpHL_stick81_initlocstick81_robot1_gripper1,0,0,12654.76,True
576,PickUpML,PickUpML_stick81_initlocstick81_robot1_gripper1_rppickup,PickUpHL_stick81_initlocstick81_robot1_gripper1,0,0,15914.97,True
577,TravelML,TravelML_robot1_rppickup_rpmanipulate_dup97,StackOnTwoHL_stick81_robot1_finallocstick81_stick78_stick77_layer18_layer19_gripper1,0,0,14002.26,True
578,StackOnTwoML,StackOnTwoML_stick81_robot1_finallocstick81_rpmanipulate_stick77_stick78_gripper1_layer18_layer19,StackOnTwoHL_stick81_robot1_finallocstick81_stick78_stick77_layer18_layer19_gripper1,0,0,28585.32,True
579,TravelML,TravelML_robot1_rpmanipulate_rppickup_dup88,PickUpHL_stick80_initlocstick80_robot1_gripper1,0,0,13383.77,True
580,PickUpML,PickUpML_stick80_initlocstick80_robot1_gripper1_rppickup,PickUpHL_stick80_initlocstick80_robot1_gripper1,0,0,15898.49,True
581,TravelML,TravelML_robot1_rppickup_rpmanipulate_dup98,StackOnTwoHL_stick80_robot1_finallocstick80_stick77_cube16_layer18_layer19_gripper1,0,0,14058.55,True
582,StackOnTwoML,StackOnTwoML_stick80_robot1_finallocstick80_rpmanipulate_cube16_stick77_gripper1_layer18_layer19,StackOnTwoHL_stick80_robot1_finallocstick80_stick77_cube16_layer18_layer19_gripper1,0,0,28673.22,True
583,TravelML,TravelML_robot1_rpmanipulate_rppickup_dup89,PickUpHL_cube17_initloccube17_robot1_gripper1,0,0,13193.74,True
584,PickUpML,PickUpML_cube17_initloccube17_robot1_gripper1_rppickup,PickUpHL_cube17_initloccube17_robot1_gripper1,0,0,15883.94,True
585,TravelML,TravelML_robot1_rppickup_rpmanipulate_dup99,StackHL_cube17_stick80_robot1_finalloccube17_gripper1,0,0,14093.18,True
586,StackML,StackML_cube17_stick80_robot1_gripper1_finalloccube17_rpmanipulate,StackHL_cube17_stick80_robot1_finalloccube17_gripper1,0,0,28635.87,True
587,TravelML,TravelML_robot1_rpmanipulate_rppickup_dup90,PickUpHL_stick82_initlocstick82_robot1_gripper1,0,0,13280.26,True
588,PickUpML,PickUpML_stick82_initlocstick82_robot1_gripper1_rppickup,PickUpHL_stick82_initlocstick82_robot1_gripper1,0,0,15933.21,True
589,TravelML,TravelML_robot1_rppickup_rpmanipulate_dup100,StackOnTwoHL_stick82_robot1_finallocstick82_stick79_stick78_layer18_layer19_gripper1,0,0,13927.50,True
590,StackOnTwoML,StackOnTwoML_stick82_robot1_finallocstick82_rpmanipulate_stick79_stick78_gripper1_layer18_layer19,StackOnTwoHL_stick82_robot1_finallocstick82_stick79_stick78_layer18_layer19_gripper1,0,0,26881.48,True
591,TravelML,TravelML_robot1_rpmanipulate_rppickup_dup91,PickUpHL_stick83_initlocstick83_robot1_gripper1,0,0,14052.61,True
592,PickUpML,PickUpML_stick83_initlocstick83_robot1_gripper1_rppickup,PickUpHL_stick83_initlocstick83_robot1_gripper1,0,0,16649.39,True
593,TravelML,TravelML_robot1_rppickup_rpmanipulate_dup101,StackOnTwoHL_stick83_robot1_finallocstick83_stick80_stick81_layer19_layer20_gripper1,0,0,13940.29,True
594,StackOnTwoML,StackOnTwoML_stick83_robot1_finallocstick83_rpmanipulate_stick81_stick80_gripper1_layer19_layer20,StackOnTwoHL_stick83_robot1_finallocstick83_stick80_stick81_layer19_layer20_gripper1,0,0,28708.13,True
595,TravelML,TravelML_robot1_rpmanipulate_rppickup_dup92,PickUpHL_stick84_initlocstick84_robot1_gripper1,0,0,13218.31,True
596,PickUpML,PickUpML_stick84_initlocstick84_robot1_gripper1_rppickup,PickUpHL_stick84_initlocstick84_robot1_gripper1,0,0,15891.92,True
597,TravelML,TravelML_robot1_rppickup_rpmanipulate_dup102,StackOnTwoHL_stick84_robot1_finallocstick84_stick81_stick82_layer19_layer20_gripper1,0,0,13209.81,True
598,StackOnTwoML,StackOnTwoML_stick84_robot1_finallocstick84_rpmanipulate_stick82_stick81_gripper1_layer19_layer20,StackOnTwoHL_stick84_robot1_finallocstick84_stick81_stick82_layer19_layer20_gripper1,0,0,27225.26,True
599,TravelML,TravelML_robot1_rpmanipulate_rptoolchange_dup23,ChangeEndeffectorHL_robot1_gripper1_staplergun1_dup13,0,0,7088.87,True
600,DeequipML,DeequipML_robot1_gripper1_equiplocgripper_rptoolchange_dup12,ChangeEndeffectorHL_robot1_gripper1_staplergun1_dup13,0,0,23843.29,True
601,EquipeML,EquipeML_robot1_staplergun1_rptoolchange_equiplocstapler_dup12,ChangeEndeffectorHL_robot1_gripper1_staplergun1_dup13,0,0,12403.47,True
602,TravelML,TravelML_robot1_rptoolchange_rpmanipulate_dup12,NailingHL_cube17_stick80_robot1_staplergun1,0,0,10159.29,True
603,InitializeML,InitializeML_robot1_staplergun1_dup12,NailingHL_cube17_stick80_robot1_staplergun1,0,0,31.65,True
604,NailingML,NailingML_cube17_stick80_robot1_staplergun1_rpmanipulate,NailingHL_cube17_stick80_robot1_staplergun1,0,0,21496.07,True
605,NailingML,NailingML_stick83_stick80_robot1_staplergun1_rpmanipulate,NailingHL_stick83_stick80_robot1_staplergun1,0,0,16758.46,True
606,NailingML,NailingML_stick83_stick81_robot1_staplergun1_rpmanipulate,NailingHL_stick83_stick81_robot1_staplergun1,0,0,18355.15,True
607,NailingML,NailingML_stick84_stick81_robot1_staplergun1_rpmanipulate,NailingHL_stick84_stick81_robot1_staplergun1,0,0,17479.65,True
608,NailingML,NailingML_stick84_stick82_robot1_staplergun1_rpmanipulate,NailingHL_stick84_stick82_robot1_staplergun1,0,0,16815.66,True
609,TravelML,TravelML_robot1_rpmanipulate_rptoolchange_dup24,ChangeEndeffectorHL_robot1_staplergun1_gripper1_dup12,0,0,7764.05,True
610,CloseToolML,CloseToolML_robot1_staplergun1_dup12,ChangeEndeffectorHL_robot1_staplergun1_gripper1_dup12,0,0,31.82,True
611,DeequipML,DeequipML_robot1_staplergun1_equiplocstapler_rptoolchange_dup12,ChangeEndeffectorHL_robot1_staplergun1_gripper1_dup12,0,0,9794.08,True
612,EquipeML,EquipeML_robot1_gripper1_rptoolchange_equiplocgripper_dup12,ChangeEndeffectorHL_robot1_staplergun1_gripper1_dup12,0,0,23229.31,True
613,TravelML,TravelML_robot1_rptoolchange_rppickup_dup12,PickUpHL_stick85_initlocstick85_robot1_gripper1,0,0,13059.36,True
614,PickUpML,PickUpML_stick85_initlocstick85_robot1_gripper1_rppickup,PickUpHL_stick85_initlocstick85_robot1_gripper1,0,0,16593.64,True
615,TravelML,TravelML_robot1_rppickup_rpmanipulate_dup103,StackOnTwoHL_stick85_robot1_finallocstick85_cube17_stick83_layer20_layer21_gripper1,0,0,13714.71,True
616,StackOnTwoML,StackOnTwoML_stick85_robot1_finallocstick85_rpmanipulate_stick83_cube17_gripper1_layer20_layer21,StackOnTwoHL_stick85_robot1_finallocstick85_cube17_stick83_layer20_layer21_gripper1,0,0,28700.36,True
617,TravelML,TravelML_robot1_rpmanipulate_rppickup_dup93,PickUpHL_stick86_initlocstick86_robot1_gripper1,0,0,13021.41,True
618,PickUpML,PickUpML_stick86_initlocstick86_robot1_gripper1_rppickup,PickUpHL_stick86_initlocstick86_robot1_gripper1,0,0,15879.26,True
619,TravelML,TravelML_robot1_rppickup_rpmanipulate_dup104,StackOnTwoHL_stick86_robot1_finallocstick86_stick83_stick84_layer20_layer21_gripper1,0,0,13686.53,True
620,StackOnTwoML,StackOnTwoML_stick86_robot1_finallocstick86_rpmanipulate_stick84_stick83_gripper1_layer20_layer21,StackOnTwoHL_stick86_robot1_finallocstick86_stick83_stick84_layer20_layer21_gripper1,0,0,29270.82,True
621,TravelML,TravelML_robot1_rpmanipulate_rppickup_dup94,PickUpHL_stick87_initlocstick87_robot1_gripper1,0,0,13129.70,True
622,PickUpML,PickUpML_stick87_initlocstick87_robot1_gripper1_rppickup,PickUpHL_stick87_initlocstick87_robot1_gripper1,0,0,16645.59,True
623,TravelML,TravelML_robot1_rppickup_rpmanipulate_dup105,StackOnTwoHL_stick87_robot1_finallocstick87_stick86_stick85_layer21_layer22_gripper1,0,0,13567.02,True
624,StackOnTwoML,StackOnTwoML_stick87_robot1_finallocstick87_rpmanipulate_stick85_stick86_gripper1_layer21_layer22,StackOnTwoHL_stick87_robot1_finallocstick87_stick86_stick85_layer21_layer22_gripper1,0,0,29077.94,True
625,TravelML,TravelML_robot1_rpmanipulate_rptoolchange_dup25,ChangeEndeffectorHL_robot1_gripper1_staplergun1_dup14,0,0,7285.14,True
626,DeequipML,DeequipML_robot1_gripper1_equiplocgripper_rptoolchange_dup13,ChangeEndeffectorHL_robot1_gripper1_staplergun1_dup14,0,0,23782.31,True
627,EquipeML,EquipeML_robot1_staplergun1_rptoolchange_equiplocstapler_dup13,ChangeEndeffectorHL_robot1_gripper1_staplergun1_dup14,0,0,12509.87,True
628,InitializeML,InitializeML_robot1_staplergun1_dup13,NailingHL_stick87_stick85_robot1_staplergun1,0,0,27.25,True
629,TravelML,TravelML_robot1_rptoolchange_rpmanipulate_dup13,NailingHL_stick87_stick85_robot1_staplergun1,0,0,9719.25,True
630,NailingML,NailingML_stick87_stick85_robot1_staplergun1_rpmanipulate,NailingHL_stick87_stick85_robot1_staplergun1,0,0,20739.42,True
631,NailingML,NailingML_stick87_stick86_robot1_staplergun1_rpmanipulate,NailingHL_stick87_stick86_robot1_staplergun1,0,0,17946.49,True
