CallNumber,Timestamp,PlannerName,HLActionInstance,ProblemFile,Success,PlannerTimeMs,TotalTimeMs,ActionsGenerated,PlanLength,Error
1,2026-07-01 12:20:41.786,ENHSP,cassette1,./Plannerinputs/static/problemC1.pddl,True,1295.44,1531.35,31,0,
2,2026-07-01 12:20:43.319,ENHSP,cassette2,./Plannerinputs/static/problemC2.pddl,True,1311.79,1386.84,31,0,
3,2026-07-01 12:20:44.706,ENHSP,cassette3,./Plannerinputs/static/problemC3.pddl,True,1259.90,1331.08,31,0,
4,2026-07-01 12:20:46.037,ENHSP,cassette4,./Plannerinputs/static/problemC4.pddl,True,1292.86,1377.00,31,0,
5,2026-07-01 12:20:47.496,FF,PickUpHL_lp1_fp1_r1,Plannerinputs/generated/problemPickUpHL_lp1_fp1_r1.pddl,True,285.32,345.82,5,0,
6,2026-07-01 12:20:48.616,FF,PlaceHL_lp1_pr1_r1,Plannerinputs/generated/problemPlaceHL_lp1_pr1_r1.pddl,True,282.21,332.40,2,0,
7,2026-07-01 12:20:49.333,FF,PickUpHL_lp2_fp9_r1,Plannerinputs/generated/problemPickUpHL_lp2_fp9_r1.pddl,True,288.14,333.29,2,0,
8,2026-07-01 12:20:50.069,FF,PlaceHL_lp2_pr2_r1,Plannerinputs/generated/problemPlaceHL_lp2_pr2_r1.pddl,True,285.99,340.29,2,0,
9,2026-07-01 12:20:50.788,FF,PickUpHL_lp3_fp17_r1,Plannerinputs/generated/problemPickUpHL_lp3_fp17_r1.pddl,True,281.66,325.20,2,0,
10,2026-07-01 12:20:51.538,FF,PlaceHL_lp3_pr3_r1,Plannerinputs/generated/problemPlaceHL_lp3_pr3_r1.pddl,True,287.04,335.53,2,0,
11,2026-07-01 12:20:52.298,FF,PickUpHL_lp4_fp25_r1,Plannerinputs/generated/problemPickUpHL_lp4_fp25_r1.pddl,True,276.81,328.55,2,0,
12,2026-07-01 12:20:53.026,FF,PlaceHL_lp4_pr4_r1,Plannerinputs/generated/problemPlaceHL_lp4_pr4_r1.pddl,True,279.91,325.49,2,0,
13,2026-07-01 12:20:53.764,FF,GluingPlateHL_lp1_pr1_r1,Plannerinputs/generated/problemGluingPlateHL_lp1_pr1_r1.pddl,True,313.18,366.18,8,0,
14,2026-07-01 12:20:55.263,FF,GluingPlateHL_lp2_pr2_r1,Plannerinputs/generated/problemGluingPlateHL_lp2_pr2_r1.pddl,True,299.68,347.43,2,0,
15,2026-07-01 12:20:56.016,FF,GluingPlateHL_lp3_pr3_r1,Plannerinputs/generated/problemGluingPlateHL_lp3_pr3_r1.pddl,True,293.83,357.06,2,0,
16,2026-07-01 12:20:56.754,FF,GluingPlateHL_lp4_pr4_r1,Plannerinputs/generated/problemGluingPlateHL_lp4_pr4_r1.pddl,True,309.26,359.27,2,0,
17,2026-07-01 12:20:57.537,FF,PickUpHL_b1_fp2_r1,Plannerinputs/generated/problemPickUpHL_b1_fp2_r1.pddl,True,317.37,380.71,9,0,
18,2026-07-01 12:20:59.184,FF,StackHL_b1_lp1_r1_pr1_lay1_m1,Plannerinputs/generated/problemStackHL_b1_lp1_r1_pr1_lay1_m1.pddl,True,295.37,332.53,2,0,
19,2026-07-01 12:20:59.946,FF,PickUpHL_b2_fp3_r1,Plannerinputs/generated/problemPickUpHL_b2_fp3_r1.pddl,True,291.99,352.30,2,0,
20,2026-07-01 12:21:00.697,FF,StackHL_b2_lp1_r1_pr1_lay1_m1,Plannerinputs/generated/problemStackHL_b2_lp1_r1_pr1_lay1_m1.pddl,True,283.22,328.63,2,0,
21,2026-07-01 12:21:01.452,FF,PickUpHL_b6_fp8_r1,Plannerinputs/generated/problemPickUpHL_b6_fp8_r1.pddl,True,304.58,349.81,2,0,
22,2026-07-01 12:21:02.198,FF,StackHL_b6_lp1_r1_pr1_lay1_m1,Plannerinputs/generated/problemStackHL_b6_lp1_r1_pr1_lay1_m1.pddl,True,306.91,351.68,2,0,
23,2026-07-01 12:21:02.980,FF,PickUpHL_b4_fp6_r1,Plannerinputs/generated/problemPickUpHL_b4_fp6_r1.pddl,True,317.70,360.63,2,0,
24,2026-07-01 12:21:03.740,FF,StackHL_b4_lp1_r1_pr1_lay1_m1,Plannerinputs/generated/problemStackHL_b4_lp1_r1_pr1_lay1_m1.pddl,True,298.10,343.28,2,0,
25,2026-07-01 12:21:04.483,FF,PickUpHL_b3_fp4_r1,Plannerinputs/generated/problemPickUpHL_b3_fp4_r1.pddl,True,297.32,343.87,2,0,
26,2026-07-01 12:21:05.220,FF,StackHL_b3_lp1_r1_pr1_lay1_m1,Plannerinputs/generated/problemStackHL_b3_lp1_r1_pr1_lay1_m1.pddl,True,297.38,345.23,2,0,
27,2026-07-01 12:21:05.955,FF,PickUpHL_b5_fp7_r1,Plannerinputs/generated/problemPickUpHL_b5_fp7_r1.pddl,True,294.58,343.46,2,0,
28,2026-07-01 12:21:06.696,FF,StackHL_b5_lp1_r1_pr1_lay1_m1,Plannerinputs/generated/problemStackHL_b5_lp1_r1_pr1_lay1_m1.pddl,True,310.80,356.31,2,0,
29,2026-07-01 12:21:07.475,FF,PickUpHL_b7_fp10_r1,Plannerinputs/generated/problemPickUpHL_b7_fp10_r1.pddl,True,290.34,334.47,2,0,
30,2026-07-01 12:21:08.206,FF,StackHL_b7_lp2_r1_pr2_lay2_m2,Plannerinputs/generated/problemStackHL_b7_lp2_r1_pr2_lay2_m2.pddl,True,291.79,343.83,2,0,
31,2026-07-01 12:21:08.933,FF,PickUpHL_b8_fp11_r1,Plannerinputs/generated/problemPickUpHL_b8_fp11_r1.pddl,True,286.12,328.55,2,0,
32,2026-07-01 12:21:09.683,FF,StackHL_b8_lp2_r1_pr2_lay2_m2,Plannerinputs/generated/problemStackHL_b8_lp2_r1_pr2_lay2_m2.pddl,True,299.67,356.17,2,0,
33,2026-07-01 12:21:10.474,FF,PickUpHL_b12_fp16_r1,Plannerinputs/generated/problemPickUpHL_b12_fp16_r1.pddl,True,292.94,342.94,2,0,
34,2026-07-01 12:21:11.229,FF,StackHL_b12_lp2_r1_pr2_lay2_m2,Plannerinputs/generated/problemStackHL_b12_lp2_r1_pr2_lay2_m2.pddl,True,306.99,352.15,2,0,
35,2026-07-01 12:21:11.985,FF,PickUpHL_b10_fp14_r1,Plannerinputs/generated/problemPickUpHL_b10_fp14_r1.pddl,True,292.91,334.58,2,0,
36,2026-07-01 12:21:12.758,FF,StackHL_b10_lp2_r1_pr2_lay2_m2,Plannerinputs/generated/problemStackHL_b10_lp2_r1_pr2_lay2_m2.pddl,True,288.61,336.06,2,0,
37,2026-07-01 12:21:13.481,FF,PickUpHL_b9_fp12_r1,Plannerinputs/generated/problemPickUpHL_b9_fp12_r1.pddl,True,294.68,338.04,2,0,
38,2026-07-01 12:21:14.239,FF,StackHL_b9_lp2_r1_pr2_lay2_m2,Plannerinputs/generated/problemStackHL_b9_lp2_r1_pr2_lay2_m2.pddl,True,296.51,338.42,2,0,
39,2026-07-01 12:21:15.000,FF,PickUpHL_b11_fp15_r1,Plannerinputs/generated/problemPickUpHL_b11_fp15_r1.pddl,True,294.23,338.05,2,0,
40,2026-07-01 12:21:15.731,FF,StackHL_b11_lp2_r1_pr2_lay2_m2,Plannerinputs/generated/problemStackHL_b11_lp2_r1_pr2_lay2_m2.pddl,True,287.35,335.05,2,0,
41,2026-07-01 12:21:16.480,FF,PickUpHL_b13_fp18_r1,Plannerinputs/generated/problemPickUpHL_b13_fp18_r1.pddl,True,301.36,348.99,2,0,
42,2026-07-01 12:21:17.231,FF,StackHL_b13_lp3_r1_pr3_lay3_m3,Plannerinputs/generated/problemStackHL_b13_lp3_r1_pr3_lay3_m3.pddl,True,305.30,352.19,2,0,
43,2026-07-01 12:21:17.996,FF,PickUpHL_b14_fp19_r1,Plannerinputs/generated/problemPickUpHL_b14_fp19_r1.pddl,True,302.25,346.36,2,0,
44,2026-07-01 12:21:18.738,FF,StackHL_b14_lp3_r1_pr3_lay3_m3,Plannerinputs/generated/problemStackHL_b14_lp3_r1_pr3_lay3_m3.pddl,True,315.78,370.64,2,0,
45,2026-07-01 12:21:19.512,FF,PickUpHL_b18_fp24_r1,Plannerinputs/generated/problemPickUpHL_b18_fp24_r1.pddl,True,305.31,348.42,2,0,
46,2026-07-01 12:21:20.280,FF,StackHL_b18_lp3_r1_pr3_lay3_m3,Plannerinputs/generated/problemStackHL_b18_lp3_r1_pr3_lay3_m3.pddl,True,306.73,351.89,2,0,
47,2026-07-01 12:21:21.031,FF,PickUpHL_b16_fp22_r1,Plannerinputs/generated/problemPickUpHL_b16_fp22_r1.pddl,True,282.55,327.79,2,0,
48,2026-07-01 12:21:21.755,FF,StackHL_b16_lp3_r1_pr3_lay3_m3,Plannerinputs/generated/problemStackHL_b16_lp3_r1_pr3_lay3_m3.pddl,True,277.20,322.91,2,0,
49,2026-07-01 12:21:22.486,FF,PickUpHL_b15_fp20_r1,Plannerinputs/generated/problemPickUpHL_b15_fp20_r1.pddl,True,271.27,314.60,2,0,
50,2026-07-01 12:21:23.218,FF,StackHL_b15_lp3_r1_pr3_lay3_m3,Plannerinputs/generated/problemStackHL_b15_lp3_r1_pr3_lay3_m3.pddl,True,280.19,327.32,2,0,
51,2026-07-01 12:21:23.964,FF,PickUpHL_b17_fp23_r1,Plannerinputs/generated/problemPickUpHL_b17_fp23_r1.pddl,True,272.24,317.96,2,0,
52,2026-07-01 12:21:24.680,FF,StackHL_b17_lp3_r1_pr3_lay3_m3,Plannerinputs/generated/problemStackHL_b17_lp3_r1_pr3_lay3_m3.pddl,True,279.15,331.41,2,0,
53,2026-07-01 12:21:25.425,FF,PickUpHL_b19_fp26_r1,Plannerinputs/generated/problemPickUpHL_b19_fp26_r1.pddl,True,274.31,319.19,2,0,
54,2026-07-01 12:21:26.140,FF,StackHL_b19_lp4_r1_pr4_lay4_m4,Plannerinputs/generated/problemStackHL_b19_lp4_r1_pr4_lay4_m4.pddl,True,279.81,328.55,2,0,
55,2026-07-01 12:21:26.893,FF,PickUpHL_b20_fp27_r1,Plannerinputs/generated/problemPickUpHL_b20_fp27_r1.pddl,True,268.39,313.76,2,0,
56,2026-07-01 12:21:27.641,FF,StackHL_b20_lp4_r1_pr4_lay4_m4,Plannerinputs/generated/problemStackHL_b20_lp4_r1_pr4_lay4_m4.pddl,True,279.51,325.35,2,0,
57,2026-07-01 12:21:28.355,FF,PickUpHL_b24_fp32_r1,Plannerinputs/generated/problemPickUpHL_b24_fp32_r1.pddl,True,283.46,331.80,2,0,
58,2026-07-01 12:21:29.131,FF,StackHL_b24_lp4_r1_pr4_lay4_m4,Plannerinputs/generated/problemStackHL_b24_lp4_r1_pr4_lay4_m4.pddl,True,321.48,369.06,2,0,
59,2026-07-01 12:21:29.906,FF,PickUpHL_b22_fp30_r1,Plannerinputs/generated/problemPickUpHL_b22_fp30_r1.pddl,True,281.85,324.80,2,0,
60,2026-07-01 12:21:30.645,FF,StackHL_b22_lp4_r1_pr4_lay4_m4,Plannerinputs/generated/problemStackHL_b22_lp4_r1_pr4_lay4_m4.pddl,True,285.44,331.57,2,0,
61,2026-07-01 12:21:31.416,FF,PickUpHL_b21_fp28_r1,Plannerinputs/generated/problemPickUpHL_b21_fp28_r1.pddl,True,274.11,321.64,2,0,
62,2026-07-01 12:21:32.174,FF,StackHL_b21_lp4_r1_pr4_lay4_m4,Plannerinputs/generated/problemStackHL_b21_lp4_r1_pr4_lay4_m4.pddl,True,279.80,330.86,2,0,
63,2026-07-01 12:21:32.925,FF,PickUpHL_b23_fp31_r1,Plannerinputs/generated/problemPickUpHL_b23_fp31_r1.pddl,True,277.13,316.71,2,0,
64,2026-07-01 12:21:33.668,FF,StackHL_b23_lp4_r1_pr4_lay4_m4,Plannerinputs/generated/problemStackHL_b23_lp4_r1_pr4_lay4_m4.pddl,True,307.44,358.76,2,0,
65,2026-07-01 12:21:34.459,FF,NailingBeamHL_b2_r1_m1_lay1,Plannerinputs/generated/problemNailingBeamHL_b2_r1_m1_lay1.pddl,True,321.30,382.15,8,0,
66,2026-07-01 12:21:36.021,FF,NailingBeamHL_b4_r1_m1_lay1,Plannerinputs/generated/problemNailingBeamHL_b4_r1_m1_lay1.pddl,True,267.94,313.21,1,0,
67,2026-07-01 12:21:36.608,FF,NailingBeamHL_b3_r1_m1_lay1,Plannerinputs/generated/problemNailingBeamHL_b3_r1_m1_lay1.pddl,True,278.90,328.10,1,0,
68,2026-07-01 12:21:37.209,FF,NailingBeamHL_b5_r1_m1_lay1,Plannerinputs/generated/problemNailingBeamHL_b5_r1_m1_lay1.pddl,True,270.48,299.15,1,0,
69,2026-07-01 12:21:37.814,FF,NailingBeamHL_b1_r1_m1_lay1,Plannerinputs/generated/problemNailingBeamHL_b1_r1_m1_lay1.pddl,True,282.06,321.52,1,0,
70,2026-07-01 12:21:38.421,FF,NailingBeamHL_b6_r1_m1_lay1,Plannerinputs/generated/problemNailingBeamHL_b6_r1_m1_lay1.pddl,True,298.70,345.23,1,0,
71,2026-07-01 12:21:39.039,FF,NailingBeamHL_b8_r1_m2_lay2,Plannerinputs/generated/problemNailingBeamHL_b8_r1_m2_lay2.pddl,True,285.57,343.84,2,0,
72,2026-07-01 12:21:39.799,FF,NailingBeamHL_b10_r1_m2_lay2,Plannerinputs/generated/problemNailingBeamHL_b10_r1_m2_lay2.pddl,True,285.09,337.23,1,0,
73,2026-07-01 12:21:40.435,FF,NailingBeamHL_b9_r1_m2_lay2,Plannerinputs/generated/problemNailingBeamHL_b9_r1_m2_lay2.pddl,True,266.27,307.70,1,0,
74,2026-07-01 12:21:41.047,FF,NailingBeamHL_b11_r1_m2_lay2,Plannerinputs/generated/problemNailingBeamHL_b11_r1_m2_lay2.pddl,True,293.33,340.22,1,0,
75,2026-07-01 12:21:41.658,FF,NailingBeamHL_b7_r1_m2_lay2,Plannerinputs/generated/problemNailingBeamHL_b7_r1_m2_lay2.pddl,True,270.52,312.13,1,0,
76,2026-07-01 12:21:42.277,FF,NailingBeamHL_b12_r1_m2_lay2,Plannerinputs/generated/problemNailingBeamHL_b12_r1_m2_lay2.pddl,True,261.78,306.91,1,0,
77,2026-07-01 12:21:42.872,FF,NailingBeamHL_b14_r1_m3_lay3,Plannerinputs/generated/problemNailingBeamHL_b14_r1_m3_lay3.pddl,True,263.96,308.18,2,0,
78,2026-07-01 12:21:43.576,FF,NailingBeamHL_b16_r1_m3_lay3,Plannerinputs/generated/problemNailingBeamHL_b16_r1_m3_lay3.pddl,True,266.00,314.49,1,0,
79,2026-07-01 12:21:44.162,FF,NailingBeamHL_b15_r1_m3_lay3,Plannerinputs/generated/problemNailingBeamHL_b15_r1_m3_lay3.pddl,True,258.70,305.55,1,0,
80,2026-07-01 12:21:44.772,FF,NailingBeamHL_b17_r1_m3_lay3,Plannerinputs/generated/problemNailingBeamHL_b17_r1_m3_lay3.pddl,True,257.94,304.45,1,0,
81,2026-07-01 12:21:45.396,FF,NailingBeamHL_b13_r1_m3_lay3,Plannerinputs/generated/problemNailingBeamHL_b13_r1_m3_lay3.pddl,True,262.73,313.71,1,0,
82,2026-07-01 12:21:45.984,FF,NailingBeamHL_b18_r1_m3_lay3,Plannerinputs/generated/problemNailingBeamHL_b18_r1_m3_lay3.pddl,True,256.83,300.41,1,0,
83,2026-07-01 12:21:46.571,FF,NailingBeamHL_b20_r1_m4_lay4,Plannerinputs/generated/problemNailingBeamHL_b20_r1_m4_lay4.pddl,True,256.99,300.14,2,0,
84,2026-07-01 12:21:47.292,FF,NailingBeamHL_b22_r1_m4_lay4,Plannerinputs/generated/problemNailingBeamHL_b22_r1_m4_lay4.pddl,True,259.71,299.49,1,0,
85,2026-07-01 12:21:47.872,FF,NailingBeamHL_b21_r1_m4_lay4,Plannerinputs/generated/problemNailingBeamHL_b21_r1_m4_lay4.pddl,True,246.41,287.42,1,0,
86,2026-07-01 12:21:48.433,FF,NailingBeamHL_b23_r1_m4_lay4,Plannerinputs/generated/problemNailingBeamHL_b23_r1_m4_lay4.pddl,True,259.17,310.20,1,0,
87,2026-07-01 12:21:49.060,FF,NailingBeamHL_b19_r1_m4_lay4,Plannerinputs/generated/problemNailingBeamHL_b19_r1_m4_lay4.pddl,True,265.67,312.13,1,0,
88,2026-07-01 12:21:49.682,FF,NailingBeamHL_b24_r1_m4_lay4,Plannerinputs/generated/problemNailingBeamHL_b24_r1_m4_lay4.pddl,True,256.41,300.68,1,0,
89,2026-07-01 12:21:50.269,FF,GluingBeamHL_b1_r1_m1_lay1,Plannerinputs/generated/problemGluingBeamHL_b1_r1_m1_lay1.pddl,True,259.71,309.57,8,0,
90,2026-07-01 12:21:51.772,FF,GluingBeamHL_b2_r1_m1_lay1,Plannerinputs/generated/problemGluingBeamHL_b2_r1_m1_lay1.pddl,True,270.31,317.35,1,0,
91,2026-07-01 12:21:52.411,FF,GluingBeamHL_b5_r1_m1_lay1,Plannerinputs/generated/problemGluingBeamHL_b5_r1_m1_lay1.pddl,True,255.90,296.73,1,0,
92,2026-07-01 12:21:53.004,FF,GluingBeamHL_b6_r1_m1_lay1,Plannerinputs/generated/problemGluingBeamHL_b6_r1_m1_lay1.pddl,True,253.27,290.71,1,0,
93,2026-07-01 12:21:53.572,FF,GluingBeamHL_b4_r1_m1_lay1,Plannerinputs/generated/problemGluingBeamHL_b4_r1_m1_lay1.pddl,True,291.71,337.66,1,0,
94,2026-07-01 12:21:54.208,FF,GluingBeamHL_b3_r1_m1_lay1,Plannerinputs/generated/problemGluingBeamHL_b3_r1_m1_lay1.pddl,True,277.80,324.19,1,0,
95,2026-07-01 12:21:54.829,FF,GluingBeamHL_b7_r1_m2_lay2,Plannerinputs/generated/problemGluingBeamHL_b7_r1_m2_lay2.pddl,True,277.03,325.55,2,0,
96,2026-07-01 12:21:55.561,FF,GluingBeamHL_b8_r1_m2_lay2,Plannerinputs/generated/problemGluingBeamHL_b8_r1_m2_lay2.pddl,True,274.89,320.14,1,0,
97,2026-07-01 12:21:56.148,FF,GluingBeamHL_b11_r1_m2_lay2,Plannerinputs/generated/problemGluingBeamHL_b11_r1_m2_lay2.pddl,True,276.21,323.74,1,0,
98,2026-07-01 12:21:56.782,FF,GluingBeamHL_b12_r1_m2_lay2,Plannerinputs/generated/problemGluingBeamHL_b12_r1_m2_lay2.pddl,True,286.56,335.61,1,0,
99,2026-07-01 12:21:57.430,FF,GluingBeamHL_b10_r1_m2_lay2,Plannerinputs/generated/problemGluingBeamHL_b10_r1_m2_lay2.pddl,True,281.56,329.33,1,0,
100,2026-07-01 12:21:58.044,FF,GluingBeamHL_b9_r1_m2_lay2,Plannerinputs/generated/problemGluingBeamHL_b9_r1_m2_lay2.pddl,True,281.69,331.08,1,0,
101,2026-07-01 12:21:58.681,FF,GluingBeamHL_b13_r1_m3_lay3,Plannerinputs/generated/problemGluingBeamHL_b13_r1_m3_lay3.pddl,True,284.18,323.93,2,0,
102,2026-07-01 12:21:59.400,FF,GluingBeamHL_b14_r1_m3_lay3,Plannerinputs/generated/problemGluingBeamHL_b14_r1_m3_lay3.pddl,True,299.08,327.42,1,0,
103,2026-07-01 12:22:00.024,FF,GluingBeamHL_b17_r1_m3_lay3,Plannerinputs/generated/problemGluingBeamHL_b17_r1_m3_lay3.pddl,True,286.37,330.04,1,0,
104,2026-07-01 12:22:00.659,FF,GluingBeamHL_b18_r1_m3_lay3,Plannerinputs/generated/problemGluingBeamHL_b18_r1_m3_lay3.pddl,True,278.35,318.65,1,0,
105,2026-07-01 12:22:01.291,FF,GluingBeamHL_b16_r1_m3_lay3,Plannerinputs/generated/problemGluingBeamHL_b16_r1_m3_lay3.pddl,True,252.32,305.43,1,0,
106,2026-07-01 12:22:01.893,FF,GluingBeamHL_b15_r1_m3_lay3,Plannerinputs/generated/problemGluingBeamHL_b15_r1_m3_lay3.pddl,True,245.97,282.73,1,0,
107,2026-07-01 12:22:02.490,FF,GluingBeamHL_b19_r1_m4_lay4,Plannerinputs/generated/problemGluingBeamHL_b19_r1_m4_lay4.pddl,True,243.28,287.06,2,0,
108,2026-07-01 12:22:03.198,FF,GluingBeamHL_b20_r1_m4_lay4,Plannerinputs/generated/problemGluingBeamHL_b20_r1_m4_lay4.pddl,True,248.27,289.46,1,0,
109,2026-07-01 12:22:03.783,FF,GluingBeamHL_b23_r1_m4_lay4,Plannerinputs/generated/problemGluingBeamHL_b23_r1_m4_lay4.pddl,True,272.24,305.48,1,0,
110,2026-07-01 12:22:04.417,FF,GluingBeamHL_b24_r1_m4_lay4,Plannerinputs/generated/problemGluingBeamHL_b24_r1_m4_lay4.pddl,True,256.89,297.32,1,0,
111,2026-07-01 12:22:05.021,FF,GluingBeamHL_b22_r1_m4_lay4,Plannerinputs/generated/problemGluingBeamHL_b22_r1_m4_lay4.pddl,True,251.76,293.45,1,0,
112,2026-07-01 12:22:05.633,FF,GluingBeamHL_b21_r1_m4_lay4,Plannerinputs/generated/problemGluingBeamHL_b21_r1_m4_lay4.pddl,True,243.15,291.60,1,0,
113,2026-07-01 12:22:06.207,FF,PickUpHL_tp1_fp5_r1,Plannerinputs/generated/problemPickUpHL_tp1_fp5_r1.pddl,True,252.67,327.16,9,0,
114,2026-07-01 12:22:07.838,FF,StackOnMultipleHL_tp1_r1_pr1_m1_lay1,Plannerinputs/generated/problemStackOnMultipleHL_tp1_r1_pr1_m1_lay1.pddl,True,278.11,321.73,2,0,
115,2026-07-01 12:22:08.569,FF,PickUpHL_tp2_fp13_r1,Plannerinputs/generated/problemPickUpHL_tp2_fp13_r1.pddl,True,279.19,331.30,2,0,
116,2026-07-01 12:22:09.310,FF,StackOnMultipleHL_tp2_r1_pr2_m2_lay2,Plannerinputs/generated/problemStackOnMultipleHL_tp2_r1_pr2_m2_lay2.pddl,True,291.74,338.88,2,0,
117,2026-07-01 12:22:10.052,FF,PickUpHL_tp3_fp21_r1,Plannerinputs/generated/problemPickUpHL_tp3_fp21_r1.pddl,True,317.64,358.62,2,0,
118,2026-07-01 12:22:10.835,FF,StackOnMultipleHL_tp3_r1_pr3_m3_lay3,Plannerinputs/generated/problemStackOnMultipleHL_tp3_r1_pr3_m3_lay3.pddl,True,293.19,335.08,2,0,
119,2026-07-01 12:22:11.604,FF,PickUpHL_tp4_fp29_r1,Plannerinputs/generated/problemPickUpHL_tp4_fp29_r1.pddl,True,277.20,323.82,2,0,
120,2026-07-01 12:22:12.332,FF,StackOnMultipleHL_tp4_r1_pr4_m4_lay4,Plannerinputs/generated/problemStackOnMultipleHL_tp4_r1_pr4_m4_lay4.pddl,True,285.40,331.29,2,0,
121,2026-07-01 12:22:13.093,FF,NailingHL_tp1_r1,Plannerinputs/generated/problemNailingHL_tp1_r1.pddl,True,271.31,326.10,8,0,
122,2026-07-01 12:22:14.627,FF,NailingHL_tp2_r1,Plannerinputs/generated/problemNailingHL_tp2_r1.pddl,True,257.77,331.19,2,0,
123,2026-07-01 12:22:15.396,FF,NailingHL_tp3_r1,Plannerinputs/generated/problemNailingHL_tp3_r1.pddl,True,254.86,297.90,2,0,
124,2026-07-01 12:22:16.130,FF,NailingHL_tp4_r1,Plannerinputs/generated/problemNailingHL_tp4_r1.pddl,True,256.08,299.76,2,0,
125,2026-07-01 12:22:16.857,FF,MoveCassetteToStackHL_tp1_lp1_pr1_sp1_r1_m1_lay1,Plannerinputs/generated/problemMoveCassetteToStackHL_tp1_lp1_pr1_sp1_r1_m1_lay1.pddl,True,288.17,348.17,10,0,
126,2026-07-01 12:22:18.654,FF,MoveCassetteToStackHL_tp2_lp2_pr2_sp2_r1_m2_lay2,Plannerinputs/generated/problemMoveCassetteToStackHL_tp2_lp2_pr2_sp2_r1_m2_lay2.pddl,True,272.88,328.33,4,0,
127,2026-07-01 12:22:19.670,FF,MoveCassetteToStackHL_tp3_lp3_pr3_sp3_r1_m3_lay3,Plannerinputs/generated/problemMoveCassetteToStackHL_tp3_lp3_pr3_sp3_r1_m3_lay3.pddl,True,280.81,334.01,4,0,
128,2026-07-01 12:22:20.680,FF,MoveCassetteToStackHL_tp4_lp4_pr4_sp4_r1_m4_lay4,Plannerinputs/generated/problemMoveCassetteToStackHL_tp4_lp4_pr4_sp4_r1_m4_lay4.pddl,True,302.16,381.61,4,0,
129,2026-07-01 12:22:21.838,ENHSP,cassette5,./Plannerinputs/static/problemC5.pddl,True,1285.83,1381.91,31,0,
130,2026-07-01 12:22:23.220,ENHSP,cassette6,./Plannerinputs/static/problemC6.pddl,True,1241.68,1313.81,31,0,
131,2026-07-01 12:22:24.534,ENHSP,cassette7,./Plannerinputs/static/problemC7.pddl,True,1281.31,1356.95,31,0,
132,2026-07-01 12:22:25.891,ENHSP,cassette8,./Plannerinputs/static/problemC8.pddl,True,1271.19,1348.12,31,0,
133,2026-07-01 12:22:27.372,FF,PickUpHL_lp5_fp33_r1,Plannerinputs/generated/problemPickUpHL_lp5_fp33_r1.pddl,True,278.28,331.01,2,0,
134,2026-07-01 12:22:28.098,FF,PlaceHL_lp5_pr1_r1,Plannerinputs/generated/problemPlaceHL_lp5_pr1_r1.pddl,True,274.10,322.81,2,0,
135,2026-07-01 12:22:28.823,FF,PickUpHL_lp6_fp41_r1,Plannerinputs/generated/problemPickUpHL_lp6_fp41_r1.pddl,True,277.67,323.37,2,0,
136,2026-07-01 12:22:29.538,FF,PlaceHL_lp6_pr2_r1,Plannerinputs/generated/problemPlaceHL_lp6_pr2_r1.pddl,True,288.70,335.50,2,0,
137,2026-07-01 12:22:30.282,FF,PickUpHL_lp7_fp49_r1,Plannerinputs/generated/problemPickUpHL_lp7_fp49_r1.pddl,True,281.30,331.02,2,0,
138,2026-07-01 12:22:31.033,FF,PlaceHL_lp7_pr3_r1,Plannerinputs/generated/problemPlaceHL_lp7_pr3_r1.pddl,True,285.81,338.21,2,0,
139,2026-07-01 12:22:31.766,FF,PickUpHL_lp8_fp57_r1,Plannerinputs/generated/problemPickUpHL_lp8_fp57_r1.pddl,True,307.43,353.00,2,0,
140,2026-07-01 12:22:32.576,FF,PlaceHL_lp8_pr4_r1,Plannerinputs/generated/problemPlaceHL_lp8_pr4_r1.pddl,True,304.89,340.75,2,0,
141,2026-07-01 12:22:33.326,FF,GluingPlateHL_lp5_pr1_r1,Plannerinputs/generated/problemGluingPlateHL_lp5_pr1_r1.pddl,True,311.10,366.70,8,0,
142,2026-07-01 12:22:34.841,FF,GluingPlateHL_lp6_pr2_r1,Plannerinputs/generated/problemGluingPlateHL_lp6_pr2_r1.pddl,True,278.79,322.53,2,0,
143,2026-07-01 12:22:35.592,FF,GluingPlateHL_lp7_pr3_r1,Plannerinputs/generated/problemGluingPlateHL_lp7_pr3_r1.pddl,True,288.28,334.01,2,0,
144,2026-07-01 12:22:36.328,FF,GluingPlateHL_lp8_pr4_r1,Plannerinputs/generated/problemGluingPlateHL_lp8_pr4_r1.pddl,True,278.34,324.29,2,0,
145,2026-07-01 12:22:37.061,FF,PickUpHL_b25_fp34_r1,Plannerinputs/generated/problemPickUpHL_b25_fp34_r1.pddl,True,291.09,352.63,9,0,
146,2026-07-01 12:22:38.743,FF,StackHL_b25_lp5_r1_pr1_lay5_m5,Plannerinputs/generated/problemStackHL_b25_lp5_r1_pr1_lay5_m5.pddl,True,308.78,340.55,2,0,
147,2026-07-01 12:22:39.496,FF,PickUpHL_b26_fp35_r1,Plannerinputs/generated/problemPickUpHL_b26_fp35_r1.pddl,True,303.43,349.17,2,0,
148,2026-07-01 12:22:40.276,FF,StackHL_b26_lp5_r1_pr1_lay5_m5,Plannerinputs/generated/problemStackHL_b26_lp5_r1_pr1_lay5_m5.pddl,True,277.66,322.94,2,0,
149,2026-07-01 12:22:41.019,FF,PickUpHL_b30_fp40_r1,Plannerinputs/generated/problemPickUpHL_b30_fp40_r1.pddl,True,284.15,335.45,2,0,
150,2026-07-01 12:22:41.761,FF,StackHL_b30_lp5_r1_pr1_lay5_m5,Plannerinputs/generated/problemStackHL_b30_lp5_r1_pr1_lay5_m5.pddl,True,275.16,326.78,2,0,
151,2026-07-01 12:22:42.500,FF,PickUpHL_b28_fp38_r1,Plannerinputs/generated/problemPickUpHL_b28_fp38_r1.pddl,True,300.50,350.17,2,0,
152,2026-07-01 12:22:43.264,FF,StackHL_b28_lp5_r1_pr1_lay5_m5,Plannerinputs/generated/problemStackHL_b28_lp5_r1_pr1_lay5_m5.pddl,True,305.98,348.17,2,0,
153,2026-07-01 12:22:44.050,FF,PickUpHL_b27_fp36_r1,Plannerinputs/generated/problemPickUpHL_b27_fp36_r1.pddl,True,297.11,344.13,2,0,
154,2026-07-01 12:22:44.797,FF,StackHL_b27_lp5_r1_pr1_lay5_m5,Plannerinputs/generated/problemStackHL_b27_lp5_r1_pr1_lay5_m5.pddl,True,314.85,362.99,2,0,
155,2026-07-01 12:22:45.580,FF,PickUpHL_b29_fp39_r1,Plannerinputs/generated/problemPickUpHL_b29_fp39_r1.pddl,True,316.16,361.84,2,0,
156,2026-07-01 12:22:46.336,FF,StackHL_b29_lp5_r1_pr1_lay5_m5,Plannerinputs/generated/problemStackHL_b29_lp5_r1_pr1_lay5_m5.pddl,True,302.60,349.79,2,0,
157,2026-07-01 12:22:47.135,FF,PickUpHL_b31_fp42_r1,Plannerinputs/generated/problemPickUpHL_b31_fp42_r1.pddl,True,294.41,345.48,2,0,
158,2026-07-01 12:22:47.884,FF,StackHL_b31_lp6_r1_pr2_lay6_m6,Plannerinputs/generated/problemStackHL_b31_lp6_r1_pr2_lay6_m6.pddl,True,299.91,330.06,2,0,
159,2026-07-01 12:22:48.622,FF,PickUpHL_b32_fp43_r1,Plannerinputs/generated/problemPickUpHL_b32_fp43_r1.pddl,True,298.38,341.67,2,0,
160,2026-07-01 12:22:49.363,FF,StackHL_b32_lp6_r1_pr2_lay6_m6,Plannerinputs/generated/problemStackHL_b32_lp6_r1_pr2_lay6_m6.pddl,True,306.51,355.58,2,0,
161,2026-07-01 12:22:50.147,FF,PickUpHL_b36_fp48_r1,Plannerinputs/generated/problemPickUpHL_b36_fp48_r1.pddl,True,309.58,357.07,2,0,
162,2026-07-01 12:22:50.912,FF,StackHL_b36_lp6_r1_pr2_lay6_m6,Plannerinputs/generated/problemStackHL_b36_lp6_r1_pr2_lay6_m6.pddl,True,304.10,346.03,2,0,
163,2026-07-01 12:22:51.659,FF,PickUpHL_b34_fp46_r1,Plannerinputs/generated/problemPickUpHL_b34_fp46_r1.pddl,True,305.87,358.90,2,0,
164,2026-07-01 12:22:52.423,FF,StackHL_b34_lp6_r1_pr2_lay6_m6,Plannerinputs/generated/problemStackHL_b34_lp6_r1_pr2_lay6_m6.pddl,True,303.35,349.23,2,0,
165,2026-07-01 12:22:53.166,FF,PickUpHL_b33_fp44_r1,Plannerinputs/generated/problemPickUpHL_b33_fp44_r1.pddl,True,295.60,345.69,2,0,
166,2026-07-01 12:22:53.908,FF,StackHL_b33_lp6_r1_pr2_lay6_m6,Plannerinputs/generated/problemStackHL_b33_lp6_r1_pr2_lay6_m6.pddl,True,297.51,338.48,2,0,
167,2026-07-01 12:22:54.670,FF,PickUpHL_b35_fp47_r1,Plannerinputs/generated/problemPickUpHL_b35_fp47_r1.pddl,True,314.52,374.28,2,0,
168,2026-07-01 12:22:55.492,FF,StackHL_b35_lp6_r1_pr2_lay6_m6,Plannerinputs/generated/problemStackHL_b35_lp6_r1_pr2_lay6_m6.pddl,True,322.81,368.14,2,0,
169,2026-07-01 12:22:56.308,FF,PickUpHL_b37_fp50_r1,Plannerinputs/generated/problemPickUpHL_b37_fp50_r1.pddl,True,295.69,348.66,2,0,
170,2026-07-01 12:22:57.078,FF,StackHL_b37_lp7_r1_pr3_lay7_m7,Plannerinputs/generated/problemStackHL_b37_lp7_r1_pr3_lay7_m7.pddl,True,297.80,353.56,2,0,
171,2026-07-01 12:22:57.837,FF,PickUpHL_b38_fp51_r1,Plannerinputs/generated/problemPickUpHL_b38_fp51_r1.pddl,True,304.85,352.19,2,0,
172,2026-07-01 12:22:58.615,FF,StackHL_b38_lp7_r1_pr3_lay7_m7,Plannerinputs/generated/problemStackHL_b38_lp7_r1_pr3_lay7_m7.pddl,True,302.98,344.25,2,0,
173,2026-07-01 12:22:59.363,FF,PickUpHL_b42_fp56_r1,Plannerinputs/generated/problemPickUpHL_b42_fp56_r1.pddl,True,312.83,361.14,2,0,
174,2026-07-01 12:23:00.131,FF,StackHL_b42_lp7_r1_pr3_lay7_m7,Plannerinputs/generated/problemStackHL_b42_lp7_r1_pr3_lay7_m7.pddl,True,311.20,354.79,2,0,
175,2026-07-01 12:23:00.917,FF,PickUpHL_b40_fp54_r1,Plannerinputs/generated/problemPickUpHL_b40_fp54_r1.pddl,True,312.90,354.90,2,0,
176,2026-07-01 12:23:01.670,FF,StackHL_b40_lp7_r1_pr3_lay7_m7,Plannerinputs/generated/problemStackHL_b40_lp7_r1_pr3_lay7_m7.pddl,True,312.39,361.37,2,0,
177,2026-07-01 12:23:02.445,FF,PickUpHL_b39_fp52_r1,Plannerinputs/generated/problemPickUpHL_b39_fp52_r1.pddl,True,300.36,353.77,2,0,
178,2026-07-01 12:23:03.207,FF,StackHL_b39_lp7_r1_pr3_lay7_m7,Plannerinputs/generated/problemStackHL_b39_lp7_r1_pr3_lay7_m7.pddl,True,298.78,341.78,2,0,
179,2026-07-01 12:23:03.946,FF,PickUpHL_b41_fp55_r1,Plannerinputs/generated/problemPickUpHL_b41_fp55_r1.pddl,True,312.29,349.57,2,0,
180,2026-07-01 12:23:04.704,FF,StackHL_b41_lp7_r1_pr3_lay7_m7,Plannerinputs/generated/problemStackHL_b41_lp7_r1_pr3_lay7_m7.pddl,True,305.34,345.78,2,0,
181,2026-07-01 12:23:05.472,FF,PickUpHL_b43_fp58_r1,Plannerinputs/generated/problemPickUpHL_b43_fp58_r1.pddl,True,294.87,337.97,2,0,
182,2026-07-01 12:23:06.213,FF,StackHL_b43_lp8_r1_pr4_lay8_m8,Plannerinputs/generated/problemStackHL_b43_lp8_r1_pr4_lay8_m8.pddl,True,297.20,358.01,2,0,
183,2026-07-01 12:23:07.002,FF,PickUpHL_b44_fp59_r1,Plannerinputs/generated/problemPickUpHL_b44_fp59_r1.pddl,True,296.41,330.76,2,0,
184,2026-07-01 12:23:07.771,FF,StackHL_b44_lp8_r1_pr4_lay8_m8,Plannerinputs/generated/problemStackHL_b44_lp8_r1_pr4_lay8_m8.pddl,True,303.27,353.14,2,0,
185,2026-07-01 12:23:08.548,FF,PickUpHL_b48_fp64_r1,Plannerinputs/generated/problemPickUpHL_b48_fp64_r1.pddl,True,318.79,352.76,2,0,
186,2026-07-01 12:23:09.351,FF,StackHL_b48_lp8_r1_pr4_lay8_m8,Plannerinputs/generated/problemStackHL_b48_lp8_r1_pr4_lay8_m8.pddl,True,295.91,342.83,2,0,
187,2026-07-01 12:23:10.125,FF,PickUpHL_b46_fp62_r1,Plannerinputs/generated/problemPickUpHL_b46_fp62_r1.pddl,True,292.61,335.45,2,0,
188,2026-07-01 12:23:10.874,FF,StackHL_b46_lp8_r1_pr4_lay8_m8,Plannerinputs/generated/problemStackHL_b46_lp8_r1_pr4_lay8_m8.pddl,True,303.91,352.18,2,0,
189,2026-07-01 12:23:11.653,FF,PickUpHL_b45_fp60_r1,Plannerinputs/generated/problemPickUpHL_b45_fp60_r1.pddl,True,318.85,367.34,2,0,
190,2026-07-01 12:23:12.430,FF,StackHL_b45_lp8_r1_pr4_lay8_m8,Plannerinputs/generated/problemStackHL_b45_lp8_r1_pr4_lay8_m8.pddl,True,315.69,368.79,2,0,
191,2026-07-01 12:23:13.264,FF,PickUpHL_b47_fp63_r1,Plannerinputs/generated/problemPickUpHL_b47_fp63_r1.pddl,True,324.21,384.52,2,0,
192,2026-07-01 12:23:14.092,FF,StackHL_b47_lp8_r1_pr4_lay8_m8,Plannerinputs/generated/problemStackHL_b47_lp8_r1_pr4_lay8_m8.pddl,True,313.31,353.85,2,0,
193,2026-07-01 12:23:14.890,FF,NailingBeamHL_b26_r1_m5_lay5,Plannerinputs/generated/problemNailingBeamHL_b26_r1_m5_lay5.pddl,True,310.61,365.10,8,0,
194,2026-07-01 12:23:16.513,FF,NailingBeamHL_b28_r1_m5_lay5,Plannerinputs/generated/problemNailingBeamHL_b28_r1_m5_lay5.pddl,True,298.55,356.83,1,0,
195,2026-07-01 12:23:17.159,FF,NailingBeamHL_b27_r1_m5_lay5,Plannerinputs/generated/problemNailingBeamHL_b27_r1_m5_lay5.pddl,True,297.07,336.63,1,0,
196,2026-07-01 12:23:17.761,FF,NailingBeamHL_b29_r1_m5_lay5,Plannerinputs/generated/problemNailingBeamHL_b29_r1_m5_lay5.pddl,True,298.72,342.86,1,0,
197,2026-07-01 12:23:18.379,FF,NailingBeamHL_b25_r1_m5_lay5,Plannerinputs/generated/problemNailingBeamHL_b25_r1_m5_lay5.pddl,True,317.01,375.51,1,0,
198,2026-07-01 12:23:19.032,FF,NailingBeamHL_b30_r1_m5_lay5,Plannerinputs/generated/problemNailingBeamHL_b30_r1_m5_lay5.pddl,True,286.41,332.69,1,0,
199,2026-07-01 12:23:19.644,FF,NailingBeamHL_b32_r1_m6_lay6,Plannerinputs/generated/problemNailingBeamHL_b32_r1_m6_lay6.pddl,True,302.54,343.71,2,0,
200,2026-07-01 12:23:20.412,FF,NailingBeamHL_b34_r1_m6_lay6,Plannerinputs/generated/problemNailingBeamHL_b34_r1_m6_lay6.pddl,True,285.17,332.88,1,0,
201,2026-07-01 12:23:21.061,FF,NailingBeamHL_b33_r1_m6_lay6,Plannerinputs/generated/problemNailingBeamHL_b33_r1_m6_lay6.pddl,True,303.68,344.78,1,0,
202,2026-07-01 12:23:21.693,FF,NailingBeamHL_b35_r1_m6_lay6,Plannerinputs/generated/problemNailingBeamHL_b35_r1_m6_lay6.pddl,True,306.88,348.72,1,0,
203,2026-07-01 12:23:22.335,FF,NailingBeamHL_b31_r1_m6_lay6,Plannerinputs/generated/problemNailingBeamHL_b31_r1_m6_lay6.pddl,True,269.99,324.17,1,0,
204,2026-07-01 12:23:22.956,FF,NailingBeamHL_b36_r1_m6_lay6,Plannerinputs/generated/problemNailingBeamHL_b36_r1_m6_lay6.pddl,True,263.87,304.15,1,0,
205,2026-07-01 12:23:23.542,FF,NailingBeamHL_b38_r1_m7_lay7,Plannerinputs/generated/problemNailingBeamHL_b38_r1_m7_lay7.pddl,True,264.12,309.92,2,0,
206,2026-07-01 12:23:24.259,FF,NailingBeamHL_b40_r1_m7_lay7,Plannerinputs/generated/problemNailingBeamHL_b40_r1_m7_lay7.pddl,True,256.48,302.14,1,0,
207,2026-07-01 12:23:24.861,FF,NailingBeamHL_b39_r1_m7_lay7,Plannerinputs/generated/problemNailingBeamHL_b39_r1_m7_lay7.pddl,True,262.75,305.50,1,0,
208,2026-07-01 12:23:25.438,FF,NailingBeamHL_b41_r1_m7_lay7,Plannerinputs/generated/problemNailingBeamHL_b41_r1_m7_lay7.pddl,True,251.59,294.71,1,0,
209,2026-07-01 12:23:26.008,FF,NailingBeamHL_b37_r1_m7_lay7,Plannerinputs/generated/problemNailingBeamHL_b37_r1_m7_lay7.pddl,True,266.60,308.38,1,0,
210,2026-07-01 12:23:26.595,FF,NailingBeamHL_b42_r1_m7_lay7,Plannerinputs/generated/problemNailingBeamHL_b42_r1_m7_lay7.pddl,True,251.12,294.29,1,0,
211,2026-07-01 12:23:27.189,FF,NailingBeamHL_b44_r1_m8_lay8,Plannerinputs/generated/problemNailingBeamHL_b44_r1_m8_lay8.pddl,True,252.80,310.70,2,0,
212,2026-07-01 12:23:27.938,FF,NailingBeamHL_b46_r1_m8_lay8,Plannerinputs/generated/problemNailingBeamHL_b46_r1_m8_lay8.pddl,True,251.88,316.06,1,0,
213,2026-07-01 12:23:28.535,FF,NailingBeamHL_b45_r1_m8_lay8,Plannerinputs/generated/problemNailingBeamHL_b45_r1_m8_lay8.pddl,True,274.83,318.56,1,0,
214,2026-07-01 12:23:29.137,FF,NailingBeamHL_b47_r1_m8_lay8,Plannerinputs/generated/problemNailingBeamHL_b47_r1_m8_lay8.pddl,True,278.62,324.61,1,0,
215,2026-07-01 12:23:29.735,FF,NailingBeamHL_b43_r1_m8_lay8,Plannerinputs/generated/problemNailingBeamHL_b43_r1_m8_lay8.pddl,True,300.23,342.26,1,0,
216,2026-07-01 12:23:30.357,FF,NailingBeamHL_b48_r1_m8_lay8,Plannerinputs/generated/problemNailingBeamHL_b48_r1_m8_lay8.pddl,True,268.99,311.57,1,0,
217,2026-07-01 12:23:30.961,FF,GluingBeamHL_b25_r1_m5_lay5,Plannerinputs/generated/problemGluingBeamHL_b25_r1_m5_lay5.pddl,True,280.70,341.41,8,0,
218,2026-07-01 12:23:32.518,FF,GluingBeamHL_b26_r1_m5_lay5,Plannerinputs/generated/problemGluingBeamHL_b26_r1_m5_lay5.pddl,True,270.94,316.19,1,0,
219,2026-07-01 12:23:33.118,FF,GluingBeamHL_b29_r1_m5_lay5,Plannerinputs/generated/problemGluingBeamHL_b29_r1_m5_lay5.pddl,True,306.76,348.94,1,0,
220,2026-07-01 12:23:33.737,FF,GluingBeamHL_b30_r1_m5_lay5,Plannerinputs/generated/problemGluingBeamHL_b30_r1_m5_lay5.pddl,True,279.91,325.74,1,0,
221,2026-07-01 12:23:34.337,FF,GluingBeamHL_b28_r1_m5_lay5,Plannerinputs/generated/problemGluingBeamHL_b28_r1_m5_lay5.pddl,True,288.93,331.26,1,0,
222,2026-07-01 12:23:34.954,FF,GluingBeamHL_b27_r1_m5_lay5,Plannerinputs/generated/problemGluingBeamHL_b27_r1_m5_lay5.pddl,True,277.93,321.40,1,0,
223,2026-07-01 12:23:35.553,FF,GluingBeamHL_b31_r1_m6_lay6,Plannerinputs/generated/problemGluingBeamHL_b31_r1_m6_lay6.pddl,True,280.50,322.70,2,0,
224,2026-07-01 12:23:36.306,FF,GluingBeamHL_b32_r1_m6_lay6,Plannerinputs/generated/problemGluingBeamHL_b32_r1_m6_lay6.pddl,True,286.83,336.64,1,0,
225,2026-07-01 12:23:36.929,FF,GluingBeamHL_b35_r1_m6_lay6,Plannerinputs/generated/problemGluingBeamHL_b35_r1_m6_lay6.pddl,True,278.82,330.42,1,0,
226,2026-07-01 12:23:37.555,FF,GluingBeamHL_b36_r1_m6_lay6,Plannerinputs/generated/problemGluingBeamHL_b36_r1_m6_lay6.pddl,True,277.88,354.34,1,0,
227,2026-07-01 12:23:38.192,FF,GluingBeamHL_b34_r1_m6_lay6,Plannerinputs/generated/problemGluingBeamHL_b34_r1_m6_lay6.pddl,True,278.78,320.27,1,0,
228,2026-07-01 12:23:38.778,FF,GluingBeamHL_b33_r1_m6_lay6,Plannerinputs/generated/problemGluingBeamHL_b33_r1_m6_lay6.pddl,True,280.64,322.68,1,0,
229,2026-07-01 12:23:39.384,FF,GluingBeamHL_b37_r1_m7_lay7,Plannerinputs/generated/problemGluingBeamHL_b37_r1_m7_lay7.pddl,True,274.41,321.26,2,0,
230,2026-07-01 12:23:40.143,FF,GluingBeamHL_b38_r1_m7_lay7,Plannerinputs/generated/problemGluingBeamHL_b38_r1_m7_lay7.pddl,True,278.61,329.19,1,0,
231,2026-07-01 12:23:40.784,FF,GluingBeamHL_b41_r1_m7_lay7,Plannerinputs/generated/problemGluingBeamHL_b41_r1_m7_lay7.pddl,True,289.80,331.59,1,0,
232,2026-07-01 12:23:41.408,FF,GluingBeamHL_b42_r1_m7_lay7,Plannerinputs/generated/problemGluingBeamHL_b42_r1_m7_lay7.pddl,True,280.89,320.10,1,0,
233,2026-07-01 12:23:42.013,FF,GluingBeamHL_b40_r1_m7_lay7,Plannerinputs/generated/problemGluingBeamHL_b40_r1_m7_lay7.pddl,True,284.36,341.65,1,0,
234,2026-07-01 12:23:42.630,FF,GluingBeamHL_b39_r1_m7_lay7,Plannerinputs/generated/problemGluingBeamHL_b39_r1_m7_lay7.pddl,True,274.88,319.58,1,0,
235,2026-07-01 12:23:43.226,FF,GluingBeamHL_b43_r1_m8_lay8,Plannerinputs/generated/problemGluingBeamHL_b43_r1_m8_lay8.pddl,True,280.03,327.31,2,0,
236,2026-07-01 12:23:43.961,FF,GluingBeamHL_b44_r1_m8_lay8,Plannerinputs/generated/problemGluingBeamHL_b44_r1_m8_lay8.pddl,True,257.93,303.80,1,0,
237,2026-07-01 12:23:44.549,FF,GluingBeamHL_b47_r1_m8_lay8,Plannerinputs/generated/problemGluingBeamHL_b47_r1_m8_lay8.pddl,True,250.37,285.96,1,0,
238,2026-07-01 12:23:45.131,FF,GluingBeamHL_b48_r1_m8_lay8,Plannerinputs/generated/problemGluingBeamHL_b48_r1_m8_lay8.pddl,True,250.20,298.32,1,0,
239,2026-07-01 12:23:45.695,FF,GluingBeamHL_b46_r1_m8_lay8,Plannerinputs/generated/problemGluingBeamHL_b46_r1_m8_lay8.pddl,True,248.05,286.65,1,0,
240,2026-07-01 12:23:46.258,FF,GluingBeamHL_b45_r1_m8_lay8,Plannerinputs/generated/problemGluingBeamHL_b45_r1_m8_lay8.pddl,True,250.34,296.37,1,0,
241,2026-07-01 12:23:46.848,FF,PickUpHL_tp5_fp37_r1,Plannerinputs/generated/problemPickUpHL_tp5_fp37_r1.pddl,True,250.41,307.64,9,0,
242,2026-07-01 12:23:48.579,FF,StackOnMultipleHL_tp5_r1_pr1_m5_lay5,Plannerinputs/generated/problemStackOnMultipleHL_tp5_r1_pr1_m5_lay5.pddl,True,255.14,341.54,2,0,
243,2026-07-01 12:23:49.341,FF,PickUpHL_tp6_fp45_r1,Plannerinputs/generated/problemPickUpHL_tp6_fp45_r1.pddl,True,249.41,305.70,2,0,
244,2026-07-01 12:23:50.105,FF,StackOnMultipleHL_tp6_r1_pr2_m6_lay6,Plannerinputs/generated/problemStackOnMultipleHL_tp6_r1_pr2_m6_lay6.pddl,True,263.71,313.36,2,0,
245,2026-07-01 12:23:50.877,FF,PickUpHL_tp7_fp53_r1,Plannerinputs/generated/problemPickUpHL_tp7_fp53_r1.pddl,True,285.04,328.65,2,0,
246,2026-07-01 12:23:51.620,FF,StackOnMultipleHL_tp7_r1_pr3_m7_lay7,Plannerinputs/generated/problemStackOnMultipleHL_tp7_r1_pr3_m7_lay7.pddl,True,276.94,318.42,2,0,
247,2026-07-01 12:23:52.372,FF,PickUpHL_tp8_fp61_r1,Plannerinputs/generated/problemPickUpHL_tp8_fp61_r1.pddl,True,275.73,321.54,2,0,
248,2026-07-01 12:23:53.143,FF,StackOnMultipleHL_tp8_r1_pr4_m8_lay8,Plannerinputs/generated/problemStackOnMultipleHL_tp8_r1_pr4_m8_lay8.pddl,True,276.68,327.38,2,0,
249,2026-07-01 12:23:53.914,FF,NailingHL_tp5_r1,Plannerinputs/generated/problemNailingHL_tp5_r1.pddl,True,257.20,326.35,8,0,
250,2026-07-01 12:23:55.536,FF,NailingHL_tp6_r1,Plannerinputs/generated/problemNailingHL_tp6_r1.pddl,True,258.17,291.01,2,0,
251,2026-07-01 12:23:56.300,FF,NailingHL_tp7_r1,Plannerinputs/generated/problemNailingHL_tp7_r1.pddl,True,282.91,328.01,2,0,
252,2026-07-01 12:23:57.062,FF,NailingHL_tp8_r1,Plannerinputs/generated/problemNailingHL_tp8_r1.pddl,True,272.93,318.83,2,0,
253,2026-07-01 12:23:57.806,FF,MoveCassetteToStackHL_tp5_lp5_pr1_sp5_r1_m5_lay5,Plannerinputs/generated/problemMoveCassetteToStackHL_tp5_lp5_pr1_sp5_r1_m5_lay5.pddl,True,258.20,323.57,10,0,
254,2026-07-01 12:23:59.693,FF,MoveCassetteToStackHL_tp6_lp6_pr2_sp6_r1_m6_lay6,Plannerinputs/generated/problemMoveCassetteToStackHL_tp6_lp6_pr2_sp6_r1_m6_lay6.pddl,True,314.94,380.70,4,0,
255,2026-07-01 12:24:00.775,FF,MoveCassetteToStackHL_tp7_lp7_pr3_sp7_r1_m7_lay7,Plannerinputs/generated/problemMoveCassetteToStackHL_tp7_lp7_pr3_sp7_r1_m7_lay7.pddl,True,257.22,311.05,4,0,
256,2026-07-01 12:24:01.837,FF,MoveCassetteToStackHL_tp8_lp8_pr4_sp8_r1_m8_lay8,Plannerinputs/generated/problemMoveCassetteToStackHL_tp8_lp8_pr4_sp8_r1_m8_lay8.pddl,True,263.13,320.93,4,0,
257,2026-07-01 12:24:03.001,ENHSP,cassette9,./Plannerinputs/static/problemC9.pddl,True,1290.69,1370.53,31,0,
258,2026-07-01 12:24:04.372,ENHSP,cassette10,./Plannerinputs/static/problemC10.pddl,True,1260.91,1401.45,31,0,
259,2026-07-01 12:24:05.773,ENHSP,cassette11,./Plannerinputs/static/problemC11.pddl,True,1257.47,1405.90,31,0,
260,2026-07-01 12:24:07.180,ENHSP,cassette12,./Plannerinputs/static/problemC12.pddl,True,1261.31,1330.70,31,0,
261,2026-07-01 12:24:08.657,FF,PickUpHL_lp9_fp65_r1,Plannerinputs/generated/problemPickUpHL_lp9_fp65_r1.pddl,True,271.38,335.48,2,0,
262,2026-07-01 12:24:09.579,FF,PlaceHL_lp9_pr1_r1,Plannerinputs/generated/problemPlaceHL_lp9_pr1_r1.pddl,True,299.84,370.14,2,0,
263,2026-07-01 12:24:10.608,FF,PickUpHL_lp10_fp73_r1,Plannerinputs/generated/problemPickUpHL_lp10_fp73_r1.pddl,True,293.68,341.82,2,0,
264,2026-07-01 12:24:11.430,FF,PlaceHL_lp10_pr2_r1,Plannerinputs/generated/problemPlaceHL_lp10_pr2_r1.pddl,True,294.09,339.20,2,0,
265,2026-07-01 12:24:12.201,FF,PickUpHL_lp11_fp81_r1,Plannerinputs/generated/problemPickUpHL_lp11_fp81_r1.pddl,True,292.31,344.77,2,0,
266,2026-07-01 12:24:12.969,FF,PlaceHL_lp11_pr3_r1,Plannerinputs/generated/problemPlaceHL_lp11_pr3_r1.pddl,True,307.00,352.87,2,0,
267,2026-07-01 12:24:13.742,FF,PickUpHL_lp12_fp89_r1,Plannerinputs/generated/problemPickUpHL_lp12_fp89_r1.pddl,True,304.90,356.76,2,0,
268,2026-07-01 12:24:14.565,FF,PlaceHL_lp12_pr4_r1,Plannerinputs/generated/problemPlaceHL_lp12_pr4_r1.pddl,True,280.39,378.08,2,0,
269,2026-07-01 12:24:15.389,FF,GluingPlateHL_lp9_pr1_r1,Plannerinputs/generated/problemGluingPlateHL_lp9_pr1_r1.pddl,True,291.99,430.45,8,0,
270,2026-07-01 12:24:17.113,FF,GluingPlateHL_lp10_pr2_r1,Plannerinputs/generated/problemGluingPlateHL_lp10_pr2_r1.pddl,True,298.24,365.14,2,0,
271,2026-07-01 12:24:17.908,FF,GluingPlateHL_lp11_pr3_r1,Plannerinputs/generated/problemGluingPlateHL_lp11_pr3_r1.pddl,True,298.57,375.43,2,0,
272,2026-07-01 12:24:18.713,FF,GluingPlateHL_lp12_pr4_r1,Plannerinputs/generated/problemGluingPlateHL_lp12_pr4_r1.pddl,True,295.47,341.84,2,0,
273,2026-07-01 12:24:19.506,FF,PickUpHL_b49_fp66_r1,Plannerinputs/generated/problemPickUpHL_b49_fp66_r1.pddl,True,307.12,364.68,9,0,
274,2026-07-01 12:24:21.340,FF,StackHL_b49_lp9_r1_pr1_lay9_m9,Plannerinputs/generated/problemStackHL_b49_lp9_r1_pr1_lay9_m9.pddl,True,264.24,315.84,2,0,
275,2026-07-01 12:24:22.123,FF,PickUpHL_b50_fp67_r1,Plannerinputs/generated/problemPickUpHL_b50_fp67_r1.pddl,True,271.19,315.00,2,0,
276,2026-07-01 12:24:22.867,FF,StackHL_b50_lp9_r1_pr1_lay9_m9,Plannerinputs/generated/problemStackHL_b50_lp9_r1_pr1_lay9_m9.pddl,True,283.81,337.54,2,0,
277,2026-07-01 12:24:23.648,FF,PickUpHL_b54_fp72_r1,Plannerinputs/generated/problemPickUpHL_b54_fp72_r1.pddl,True,272.46,323.47,2,0,
278,2026-07-01 12:24:24.398,FF,StackHL_b54_lp9_r1_pr1_lay9_m9,Plannerinputs/generated/problemStackHL_b54_lp9_r1_pr1_lay9_m9.pddl,True,273.07,318.21,2,0,
279,2026-07-01 12:24:25.153,FF,PickUpHL_b52_fp70_r1,Plannerinputs/generated/problemPickUpHL_b52_fp70_r1.pddl,True,272.41,321.72,2,0,
280,2026-07-01 12:24:25.908,FF,StackHL_b52_lp9_r1_pr1_lay9_m9,Plannerinputs/generated/problemStackHL_b52_lp9_r1_pr1_lay9_m9.pddl,True,268.09,321.04,2,0,
281,2026-07-01 12:24:26.648,FF,PickUpHL_b51_fp68_r1,Plannerinputs/generated/problemPickUpHL_b51_fp68_r1.pddl,True,262.55,310.18,2,0,
282,2026-07-01 12:24:27.393,FF,StackHL_b51_lp9_r1_pr1_lay9_m9,Plannerinputs/generated/problemStackHL_b51_lp9_r1_pr1_lay9_m9.pddl,True,265.48,312.80,2,0,
283,2026-07-01 12:24:28.129,FF,PickUpHL_b53_fp71_r1,Plannerinputs/generated/problemPickUpHL_b53_fp71_r1.pddl,True,270.27,318.51,2,0,
284,2026-07-01 12:24:28.914,FF,StackHL_b53_lp9_r1_pr1_lay9_m9,Plannerinputs/generated/problemStackHL_b53_lp9_r1_pr1_lay9_m9.pddl,True,278.75,321.67,2,0,
285,2026-07-01 12:24:29.663,FF,PickUpHL_b55_fp74_r1,Plannerinputs/generated/problemPickUpHL_b55_fp74_r1.pddl,True,304.80,350.47,2,0,
286,2026-07-01 12:24:30.453,FF,StackHL_b55_lp10_r1_pr2_lay10_m10,Plannerinputs/generated/problemStackHL_b55_lp10_r1_pr2_lay10_m10.pddl,True,299.84,346.66,2,0,
287,2026-07-01 12:24:31.279,FF,PickUpHL_b56_fp75_r1,Plannerinputs/generated/problemPickUpHL_b56_fp75_r1.pddl,True,299.86,350.97,2,0,
288,2026-07-01 12:24:32.082,FF,StackHL_b56_lp10_r1_pr2_lay10_m10,Plannerinputs/generated/problemStackHL_b56_lp10_r1_pr2_lay10_m10.pddl,True,295.65,346.32,2,0,
289,2026-07-01 12:24:32.856,FF,PickUpHL_b60_fp80_r1,Plannerinputs/generated/problemPickUpHL_b60_fp80_r1.pddl,True,393.47,442.00,2,0,
290,2026-07-01 12:24:33.730,FF,StackHL_b60_lp10_r1_pr2_lay10_m10,Plannerinputs/generated/problemStackHL_b60_lp10_r1_pr2_lay10_m10.pddl,True,314.95,364.79,2,0,
291,2026-07-01 12:24:34.559,FF,PickUpHL_b58_fp78_r1,Plannerinputs/generated/problemPickUpHL_b58_fp78_r1.pddl,True,265.52,313.01,2,0,
292,2026-07-01 12:24:35.338,FF,StackHL_b58_lp10_r1_pr2_lay10_m10,Plannerinputs/generated/problemStackHL_b58_lp10_r1_pr2_lay10_m10.pddl,True,270.71,314.71,2,0,
293,2026-07-01 12:24:36.081,FF,PickUpHL_b57_fp76_r1,Plannerinputs/generated/problemPickUpHL_b57_fp76_r1.pddl,True,274.37,315.62,2,0,
294,2026-07-01 12:24:36.853,FF,StackHL_b57_lp10_r1_pr2_lay10_m10,Plannerinputs/generated/problemStackHL_b57_lp10_r1_pr2_lay10_m10.pddl,True,275.70,324.84,2,0,
295,2026-07-01 12:24:37.622,FF,PickUpHL_b59_fp79_r1,Plannerinputs/generated/problemPickUpHL_b59_fp79_r1.pddl,True,282.66,330.35,2,0,
296,2026-07-01 12:24:38.380,FF,StackHL_b59_lp10_r1_pr2_lay10_m10,Plannerinputs/generated/problemStackHL_b59_lp10_r1_pr2_lay10_m10.pddl,True,269.31,314.21,2,0,
297,2026-07-01 12:24:39.140,FF,PickUpHL_b61_fp82_r1,Plannerinputs/generated/problemPickUpHL_b61_fp82_r1.pddl,True,268.53,320.87,2,0,
298,2026-07-01 12:24:39.909,FF,StackHL_b61_lp11_r1_pr3_lay11_m11,Plannerinputs/generated/problemStackHL_b61_lp11_r1_pr3_lay11_m11.pddl,True,304.50,355.60,2,0,
299,2026-07-01 12:24:40.693,FF,PickUpHL_b62_fp83_r1,Plannerinputs/generated/problemPickUpHL_b62_fp83_r1.pddl,True,302.66,356.89,2,0,
300,2026-07-01 12:24:41.496,FF,StackHL_b62_lp11_r1_pr3_lay11_m11,Plannerinputs/generated/problemStackHL_b62_lp11_r1_pr3_lay11_m11.pddl,True,297.64,339.32,2,0,
301,2026-07-01 12:24:42.283,FF,PickUpHL_b66_fp88_r1,Plannerinputs/generated/problemPickUpHL_b66_fp88_r1.pddl,True,311.10,363.95,2,0,
302,2026-07-01 12:24:43.084,FF,StackHL_b66_lp11_r1_pr3_lay11_m11,Plannerinputs/generated/problemStackHL_b66_lp11_r1_pr3_lay11_m11.pddl,True,300.28,336.98,2,0,
303,2026-07-01 12:24:43.852,FF,PickUpHL_b64_fp86_r1,Plannerinputs/generated/problemPickUpHL_b64_fp86_r1.pddl,True,311.43,355.12,2,0,
304,2026-07-01 12:24:44.658,FF,StackHL_b64_lp11_r1_pr3_lay11_m11,Plannerinputs/generated/problemStackHL_b64_lp11_r1_pr3_lay11_m11.pddl,True,306.30,360.04,2,0,
305,2026-07-01 12:24:45.468,FF,PickUpHL_b63_fp84_r1,Plannerinputs/generated/problemPickUpHL_b63_fp84_r1.pddl,True,300.29,343.21,2,0,
306,2026-07-01 12:24:46.247,FF,StackHL_b63_lp11_r1_pr3_lay11_m11,Plannerinputs/generated/problemStackHL_b63_lp11_r1_pr3_lay11_m11.pddl,True,300.16,347.07,2,0,
307,2026-07-01 12:24:47.038,FF,PickUpHL_b65_fp87_r1,Plannerinputs/generated/problemPickUpHL_b65_fp87_r1.pddl,True,307.39,351.86,2,0,
308,2026-07-01 12:24:47.860,FF,StackHL_b65_lp11_r1_pr3_lay11_m11,Plannerinputs/generated/problemStackHL_b65_lp11_r1_pr3_lay11_m11.pddl,True,305.46,355.91,2,0,
309,2026-07-01 12:24:48.677,FF,PickUpHL_b67_fp90_r1,Plannerinputs/generated/problemPickUpHL_b67_fp90_r1.pddl,True,304.77,352.91,2,0,
310,2026-07-01 12:24:49.467,FF,StackHL_b67_lp12_r1_pr4_lay12_m12,Plannerinputs/generated/problemStackHL_b67_lp12_r1_pr4_lay12_m12.pddl,True,300.83,345.49,2,0,
311,2026-07-01 12:24:50.252,FF,PickUpHL_b68_fp91_r1,Plannerinputs/generated/problemPickUpHL_b68_fp91_r1.pddl,True,306.24,353.95,2,0,
312,2026-07-01 12:24:51.055,FF,StackHL_b68_lp12_r1_pr4_lay12_m12,Plannerinputs/generated/problemStackHL_b68_lp12_r1_pr4_lay12_m12.pddl,True,265.26,312.91,2,0,
313,2026-07-01 12:24:51.806,FF,PickUpHL_b72_fp96_r1,Plannerinputs/generated/problemPickUpHL_b72_fp96_r1.pddl,True,276.57,324.34,2,0,
314,2026-07-01 12:24:52.557,FF,StackHL_b72_lp12_r1_pr4_lay12_m12,Plannerinputs/generated/problemStackHL_b72_lp12_r1_pr4_lay12_m12.pddl,True,279.61,326.37,2,0,
315,2026-07-01 12:24:53.341,FF,PickUpHL_b70_fp94_r1,Plannerinputs/generated/problemPickUpHL_b70_fp94_r1.pddl,True,274.19,326.68,2,0,
316,2026-07-01 12:24:54.107,FF,StackHL_b70_lp12_r1_pr4_lay12_m12,Plannerinputs/generated/problemStackHL_b70_lp12_r1_pr4_lay12_m12.pddl,True,268.72,312.28,2,0,
317,2026-07-01 12:24:54.853,FF,PickUpHL_b69_fp92_r1,Plannerinputs/generated/problemPickUpHL_b69_fp92_r1.pddl,True,267.10,314.77,2,0,
318,2026-07-01 12:24:55.611,FF,StackHL_b69_lp12_r1_pr4_lay12_m12,Plannerinputs/generated/problemStackHL_b69_lp12_r1_pr4_lay12_m12.pddl,True,265.23,318.02,2,0,
319,2026-07-01 12:24:56.368,FF,PickUpHL_b71_fp95_r1,Plannerinputs/generated/problemPickUpHL_b71_fp95_r1.pddl,True,316.03,363.20,2,0,
320,2026-07-01 12:24:57.176,FF,StackHL_b71_lp12_r1_pr4_lay12_m12,Plannerinputs/generated/problemStackHL_b71_lp12_r1_pr4_lay12_m12.pddl,True,309.58,374.85,2,0,
321,2026-07-01 12:24:57.999,FF,NailingBeamHL_b50_r1_m9_lay9,Plannerinputs/generated/problemNailingBeamHL_b50_r1_m9_lay9.pddl,True,311.28,366.75,8,0,
322,2026-07-01 12:24:59.697,FF,NailingBeamHL_b52_r1_m9_lay9,Plannerinputs/generated/problemNailingBeamHL_b52_r1_m9_lay9.pddl,True,299.48,345.10,1,0,
323,2026-07-01 12:25:00.337,FF,NailingBeamHL_b51_r1_m9_lay9,Plannerinputs/generated/problemNailingBeamHL_b51_r1_m9_lay9.pddl,True,304.98,353.10,1,0,
324,2026-07-01 12:25:00.986,FF,NailingBeamHL_b53_r1_m9_lay9,Plannerinputs/generated/problemNailingBeamHL_b53_r1_m9_lay9.pddl,True,304.18,349.08,1,0,
325,2026-07-01 12:25:01.632,FF,NailingBeamHL_b49_r1_m9_lay9,Plannerinputs/generated/problemNailingBeamHL_b49_r1_m9_lay9.pddl,True,312.38,354.43,1,0,
326,2026-07-01 12:25:02.317,FF,NailingBeamHL_b54_r1_m9_lay9,Plannerinputs/generated/problemNailingBeamHL_b54_r1_m9_lay9.pddl,True,301.95,350.06,1,0,
327,2026-07-01 12:25:02.970,FF,NailingBeamHL_b56_r1_m10_lay10,Plannerinputs/generated/problemNailingBeamHL_b56_r1_m10_lay10.pddl,True,289.35,336.03,2,0,
328,2026-07-01 12:25:03.770,FF,NailingBeamHL_b58_r1_m10_lay10,Plannerinputs/generated/problemNailingBeamHL_b58_r1_m10_lay10.pddl,True,289.88,335.03,1,0,
329,2026-07-01 12:25:04.431,FF,NailingBeamHL_b57_r1_m10_lay10,Plannerinputs/generated/problemNailingBeamHL_b57_r1_m10_lay10.pddl,True,266.52,316.76,1,0,
330,2026-07-01 12:25:05.055,FF,NailingBeamHL_b59_r1_m10_lay10,Plannerinputs/generated/problemNailingBeamHL_b59_r1_m10_lay10.pddl,True,293.53,326.82,1,0,
331,2026-07-01 12:25:05.703,FF,NailingBeamHL_b55_r1_m10_lay10,Plannerinputs/generated/problemNailingBeamHL_b55_r1_m10_lay10.pddl,True,297.32,354.31,1,0,
332,2026-07-01 12:25:06.354,FF,NailingBeamHL_b60_r1_m10_lay10,Plannerinputs/generated/problemNailingBeamHL_b60_r1_m10_lay10.pddl,True,286.56,334.56,1,0,
333,2026-07-01 12:25:07.010,FF,NailingBeamHL_b62_r1_m11_lay11,Plannerinputs/generated/problemNailingBeamHL_b62_r1_m11_lay11.pddl,True,312.17,357.93,2,0,
334,2026-07-01 12:25:07.819,FF,NailingBeamHL_b64_r1_m11_lay11,Plannerinputs/generated/problemNailingBeamHL_b64_r1_m11_lay11.pddl,True,285.78,336.94,1,0,
335,2026-07-01 12:25:08.450,FF,NailingBeamHL_b63_r1_m11_lay11,Plannerinputs/generated/problemNailingBeamHL_b63_r1_m11_lay11.pddl,True,281.34,332.60,1,0,
336,2026-07-01 12:25:09.085,FF,NailingBeamHL_b65_r1_m11_lay11,Plannerinputs/generated/problemNailingBeamHL_b65_r1_m11_lay11.pddl,True,289.34,339.35,1,0,
337,2026-07-01 12:25:09.731,FF,NailingBeamHL_b61_r1_m11_lay11,Plannerinputs/generated/problemNailingBeamHL_b61_r1_m11_lay11.pddl,True,282.77,337.73,1,0,
338,2026-07-01 12:25:10.378,FF,NailingBeamHL_b66_r1_m11_lay11,Plannerinputs/generated/problemNailingBeamHL_b66_r1_m11_lay11.pddl,True,294.76,342.32,1,0,
339,2026-07-01 12:25:11.023,FF,NailingBeamHL_b68_r1_m12_lay12,Plannerinputs/generated/problemNailingBeamHL_b68_r1_m12_lay12.pddl,True,277.15,334.59,2,0,
340,2026-07-01 12:25:11.802,FF,NailingBeamHL_b70_r1_m12_lay12,Plannerinputs/generated/problemNailingBeamHL_b70_r1_m12_lay12.pddl,True,280.96,334.39,1,0,
341,2026-07-01 12:25:12.428,FF,NailingBeamHL_b69_r1_m12_lay12,Plannerinputs/generated/problemNailingBeamHL_b69_r1_m12_lay12.pddl,True,278.94,342.33,1,0,
342,2026-07-01 12:25:13.094,FF,NailingBeamHL_b71_r1_m12_lay12,Plannerinputs/generated/problemNailingBeamHL_b71_r1_m12_lay12.pddl,True,292.12,348.01,1,0,
343,2026-07-01 12:25:13.740,FF,NailingBeamHL_b67_r1_m12_lay12,Plannerinputs/generated/problemNailingBeamHL_b67_r1_m12_lay12.pddl,True,279.05,340.30,1,0,
344,2026-07-01 12:25:14.394,FF,NailingBeamHL_b72_r1_m12_lay12,Plannerinputs/generated/problemNailingBeamHL_b72_r1_m12_lay12.pddl,True,281.80,337.66,1,0,
345,2026-07-01 12:25:15.043,FF,GluingBeamHL_b49_r1_m9_lay9,Plannerinputs/generated/problemGluingBeamHL_b49_r1_m9_lay9.pddl,True,274.99,324.47,8,0,
346,2026-07-01 12:25:16.679,FF,GluingBeamHL_b50_r1_m9_lay9,Plannerinputs/generated/problemGluingBeamHL_b50_r1_m9_lay9.pddl,True,280.15,324.62,1,0,
347,2026-07-01 12:25:17.293,FF,GluingBeamHL_b53_r1_m9_lay9,Plannerinputs/generated/problemGluingBeamHL_b53_r1_m9_lay9.pddl,True,245.64,293.02,1,0,
348,2026-07-01 12:25:17.914,FF,GluingBeamHL_b54_r1_m9_lay9,Plannerinputs/generated/problemGluingBeamHL_b54_r1_m9_lay9.pddl,True,279.01,327.53,1,0,
349,2026-07-01 12:25:18.565,FF,GluingBeamHL_b52_r1_m9_lay9,Plannerinputs/generated/problemGluingBeamHL_b52_r1_m9_lay9.pddl,True,272.72,306.28,1,0,
350,2026-07-01 12:25:19.165,FF,GluingBeamHL_b51_r1_m9_lay9,Plannerinputs/generated/problemGluingBeamHL_b51_r1_m9_lay9.pddl,True,268.45,316.83,1,0,
351,2026-07-01 12:25:19.804,FF,GluingBeamHL_b55_r1_m10_lay10,Plannerinputs/generated/problemGluingBeamHL_b55_r1_m10_lay10.pddl,True,277.30,322.43,2,0,
352,2026-07-01 12:25:20.569,FF,GluingBeamHL_b56_r1_m10_lay10,Plannerinputs/generated/problemGluingBeamHL_b56_r1_m10_lay10.pddl,True,297.54,340.95,1,0,
353,2026-07-01 12:25:21.214,FF,GluingBeamHL_b59_r1_m10_lay10,Plannerinputs/generated/problemGluingBeamHL_b59_r1_m10_lay10.pddl,True,288.83,334.70,1,0,
354,2026-07-01 12:25:21.885,FF,GluingBeamHL_b60_r1_m10_lay10,Plannerinputs/generated/problemGluingBeamHL_b60_r1_m10_lay10.pddl,True,290.29,339.37,1,0,
355,2026-07-01 12:25:22.567,FF,GluingBeamHL_b58_r1_m10_lay10,Plannerinputs/generated/problemGluingBeamHL_b58_r1_m10_lay10.pddl,True,281.95,326.55,1,0,
356,2026-07-01 12:25:23.189,FF,GluingBeamHL_b57_r1_m10_lay10,Plannerinputs/generated/problemGluingBeamHL_b57_r1_m10_lay10.pddl,True,273.96,323.79,1,0,
357,2026-07-01 12:25:23.843,FF,GluingBeamHL_b61_r1_m11_lay11,Plannerinputs/generated/problemGluingBeamHL_b61_r1_m11_lay11.pddl,True,246.14,289.74,2,0,
358,2026-07-01 12:25:24.572,FF,GluingBeamHL_b62_r1_m11_lay11,Plannerinputs/generated/problemGluingBeamHL_b62_r1_m11_lay11.pddl,True,243.20,284.51,1,0,
359,2026-07-01 12:25:25.175,FF,GluingBeamHL_b65_r1_m11_lay11,Plannerinputs/generated/problemGluingBeamHL_b65_r1_m11_lay11.pddl,True,240.40,285.98,1,0,
360,2026-07-01 12:25:25.791,FF,GluingBeamHL_b66_r1_m11_lay11,Plannerinputs/generated/problemGluingBeamHL_b66_r1_m11_lay11.pddl,True,282.76,323.20,1,0,
361,2026-07-01 12:25:26.411,FF,GluingBeamHL_b64_r1_m11_lay11,Plannerinputs/generated/problemGluingBeamHL_b64_r1_m11_lay11.pddl,True,280.11,330.01,1,0,
362,2026-07-01 12:25:27.026,FF,GluingBeamHL_b63_r1_m11_lay11,Plannerinputs/generated/problemGluingBeamHL_b63_r1_m11_lay11.pddl,True,271.73,314.16,1,0,
363,2026-07-01 12:25:27.632,FF,GluingBeamHL_b67_r1_m12_lay12,Plannerinputs/generated/problemGluingBeamHL_b67_r1_m12_lay12.pddl,True,272.12,319.18,2,0,
364,2026-07-01 12:25:28.401,FF,GluingBeamHL_b68_r1_m12_lay12,Plannerinputs/generated/problemGluingBeamHL_b68_r1_m12_lay12.pddl,True,272.83,319.44,1,0,
365,2026-07-01 12:25:29.037,FF,GluingBeamHL_b71_r1_m12_lay12,Plannerinputs/generated/problemGluingBeamHL_b71_r1_m12_lay12.pddl,True,257.86,304.38,1,0,
366,2026-07-01 12:25:29.637,FF,GluingBeamHL_b72_r1_m12_lay12,Plannerinputs/generated/problemGluingBeamHL_b72_r1_m12_lay12.pddl,True,251.39,294.84,1,0,
367,2026-07-01 12:25:30.256,FF,GluingBeamHL_b70_r1_m12_lay12,Plannerinputs/generated/problemGluingBeamHL_b70_r1_m12_lay12.pddl,True,243.91,449.93,1,0,
368,2026-07-01 12:25:31.018,FF,GluingBeamHL_b69_r1_m12_lay12,Plannerinputs/generated/problemGluingBeamHL_b69_r1_m12_lay12.pddl,True,247.40,287.58,1,0,
369,2026-07-01 12:25:31.608,FF,PickUpHL_tp9_fp69_r1,Plannerinputs/generated/problemPickUpHL_tp9_fp69_r1.pddl,True,252.59,321.16,9,0,
370,2026-07-01 12:25:33.411,FF,StackOnMultipleHL_tp9_r1_pr1_m9_lay9,Plannerinputs/generated/problemStackOnMultipleHL_tp9_r1_pr1_m9_lay9.pddl,True,253.73,304.08,2,0,
371,2026-07-01 12:25:34.160,FF,PickUpHL_tp10_fp77_r1,Plannerinputs/generated/problemPickUpHL_tp10_fp77_r1.pddl,True,257.46,299.24,2,0,
372,2026-07-01 12:25:34.935,FF,StackOnMultipleHL_tp10_r1_pr2_m10_lay10,Plannerinputs/generated/problemStackOnMultipleHL_tp10_r1_pr2_m10_lay10.pddl,True,247.55,294.89,2,0,
373,2026-07-01 12:25:35.670,FF,PickUpHL_tp11_fp85_r1,Plannerinputs/generated/problemPickUpHL_tp11_fp85_r1.pddl,True,264.21,310.70,2,0,
374,2026-07-01 12:25:36.433,FF,StackOnMultipleHL_tp11_r1_pr3_m11_lay11,Plannerinputs/generated/problemStackOnMultipleHL_tp11_r1_pr3_m11_lay11.pddl,True,247.44,292.01,2,0,
375,2026-07-01 12:25:37.215,FF,PickUpHL_tp12_fp93_r1,Plannerinputs/generated/problemPickUpHL_tp12_fp93_r1.pddl,True,247.00,292.53,2,0,
376,2026-07-01 12:25:37.969,FF,StackOnMultipleHL_tp12_r1_pr4_m12_lay12,Plannerinputs/generated/problemStackOnMultipleHL_tp12_r1_pr4_m12_lay12.pddl,True,240.27,287.74,2,0,
377,2026-07-01 12:25:38.711,FF,NailingHL_tp9_r1,Plannerinputs/generated/problemNailingHL_tp9_r1.pddl,True,259.29,315.46,8,0,
378,2026-07-01 12:25:40.349,FF,NailingHL_tp10_r1,Plannerinputs/generated/problemNailingHL_tp10_r1.pddl,True,247.18,291.77,2,0,
379,2026-07-01 12:25:41.086,FF,NailingHL_tp11_r1,Plannerinputs/generated/problemNailingHL_tp11_r1.pddl,True,246.47,289.76,2,0,
380,2026-07-01 12:25:41.835,FF,NailingHL_tp12_r1,Plannerinputs/generated/problemNailingHL_tp12_r1.pddl,True,248.09,297.06,2,0,
381,2026-07-01 12:25:42.580,FF,MoveCassetteToStackHL_tp9_lp9_pr1_sp9_r1_m9_lay9,Plannerinputs/generated/problemMoveCassetteToStackHL_tp9_lp9_pr1_sp9_r1_m9_lay9.pddl,True,257.81,362.02,10,0,
382,2026-07-01 12:25:44.536,FF,MoveCassetteToStackHL_tp10_lp10_pr2_sp10_r1_m10_lay10,Plannerinputs/generated/problemMoveCassetteToStackHL_tp10_lp10_pr2_sp10_r1_m10_lay10.pddl,True,247.99,303.98,4,0,
383,2026-07-01 12:25:45.573,FF,MoveCassetteToStackHL_tp11_lp11_pr3_sp11_r1_m11_lay11,Plannerinputs/generated/problemMoveCassetteToStackHL_tp11_lp11_pr3_sp11_r1_m11_lay11.pddl,True,260.14,314.77,4,0,
384,2026-07-01 12:25:46.643,FF,MoveCassetteToStackHL_tp12_lp12_pr4_sp12_r1_m12_lay12,Plannerinputs/generated/problemMoveCassetteToStackHL_tp12_lp12_pr4_sp12_r1_m12_lay12.pddl,True,247.69,302.30,4,0,
