LLId,ActionType,InstanceName,CommandType,TargetPosition,ParentMLAction,Success,ExecTimeMs
1,MoveToLL,MoveToLL_TravelML_robot1_rpmanipulate_rppickup,movej,rppickup,,True,1532.20
2,MoveToLL,MoveToLL_PickUpML_stick4_initlocstick4_robot1_gripper1_rppickup,movel,initlocstick4,,True,5129.98
3,CloseGripperLL,CloseGripperLL_PickUpML_stick4_initlocstick4_robot1_gripper1_rppickup,close_gripper,,,True,25.90
4,MoveToLL,MoveToLL_PickUpML_stick4_initlocstick4_robot1_gripper1_rppickup,movel,rppickup,,True,5246.84
5,MoveToLL,MoveToLL_TravelML_robot1_rppickup_rpmanipulate,movej,rpmanipulate,,True,10973.82
6,MoveToLL,MoveToLL_StackML_stick4_table1_robot1_gripper1_finallocstick4_rpmanipulate,planned,finallocstick4,,True,19111.85
7,MoveToLL,MoveToLL_StackML_stick4_table1_robot1_gripper1_finallocstick4_rpmanipulate,movej,rpmanipulate,,True,10056.35
8,MoveToLL,MoveToLL_TravelML_robot1_rpmanipulate_rppickup_dup2,movej,rppickup,,True,10808.84
9,MoveToLL,MoveToLL_PickUpML_stick5_initlocstick5_robot1_gripper1_rppickup,movel,initlocstick5,,True,6428.28
10,CloseGripperLL,CloseGripperLL_PickUpML_stick5_initlocstick5_robot1_gripper1_rppickup,close_gripper,,,True,13.10
11,MoveToLL,MoveToLL_PickUpML_stick5_initlocstick5_robot1_gripper1_rppickup,movel,rppickup,,True,5245.52
12,MoveToLL,MoveToLL_TravelML_robot1_rppickup_rpmanipulate_dup2,movej,rpmanipulate,,True,10829.16
13,MoveToLL,MoveToLL_StackML_stick5_table1_robot1_gripper1_finallocstick5_rpmanipulate,planned,finallocstick5,,True,17508.91
14,MoveToLL,MoveToLL_StackML_stick5_table1_robot1_gripper1_finallocstick5_rpmanipulate,movej,rpmanipulate,,True,10048.94
15,MoveToLL,MoveToLL_TravelML_robot1_rpmanipulate_rppickup_dup3,movej,rppickup,,True,10864.36
16,MoveToLL,MoveToLL_PickUpML_stick2_initlocstick2_robot1_gripper1_rppickup,movel,initlocstick2,,True,5151.65
17,CloseGripperLL,CloseGripperLL_PickUpML_stick2_initlocstick2_robot1_gripper1_rppickup,close_gripper,,,True,2.54
18,MoveToLL,MoveToLL_PickUpML_stick2_initlocstick2_robot1_gripper1_rppickup,movel,rppickup,,True,5834.40
19,MoveToLL,MoveToLL_TravelML_robot1_rppickup_rpmanipulate_dup3,movej,rpmanipulate,,True,10906.71
20,MoveToLL,MoveToLL_StackML_stick2_table1_robot1_gripper1_finallocstick2_rpmanipulate,planned,finallocstick2,,True,16693.99
21,MoveToLL,MoveToLL_StackML_stick2_table1_robot1_gripper1_finallocstick2_rpmanipulate,movej,rpmanipulate,,True,10756.31
22,MoveToLL,MoveToLL_TravelML_robot1_rpmanipulate_rppickup_dup4,movej,rppickup,,True,10839.21
23,MoveToLL,MoveToLL_PickUpML_stick9_initlocstick9_robot1_gripper1_rppickup,movel,initlocstick9,,True,5144.82
24,CloseGripperLL,CloseGripperLL_PickUpML_stick9_initlocstick9_robot1_gripper1_rppickup,close_gripper,,,True,13.58
25,MoveToLL,MoveToLL_PickUpML_stick9_initlocstick9_robot1_gripper1_rppickup,movel,rppickup,,True,5930.80
26,MoveToLL,MoveToLL_TravelML_robot1_rppickup_rpmanipulate_dup4,movej,rpmanipulate,,True,10825.30
27,MoveToLL,MoveToLL_StackOnTwoML_stick9_robot1_finallocstick9_rpmanipulate_stick5_stick4_gripper1_layer1_layer2,planned,finallocstick9,,True,17521.42
28,MoveToLL,MoveToLL_StackOnTwoML_stick9_robot1_finallocstick9_rpmanipulate_stick5_stick4_gripper1_layer1_layer2,movej,rpmanipulate,,True,10068.90
29,MoveToLL,MoveToLL_TravelML_robot1_rpmanipulate_rppickup_dup5,movej,rppickup,,True,10902.42
30,MoveToLL,MoveToLL_PickUpML_cube2_initloccube2_robot1_gripper1_rppickup,movel,initloccube2,,True,6274.41
31,CloseGripperLL,CloseGripperLL_PickUpML_cube2_initloccube2_robot1_gripper1_rppickup,close_gripper,,,True,1.13
32,MoveToLL,MoveToLL_PickUpML_cube2_initloccube2_robot1_gripper1_rppickup,movel,rppickup,,True,5123.49
33,MoveToLL,MoveToLL_TravelML_robot1_rppickup_rpmanipulate_dup5,movej,rpmanipulate,,True,11303.72
34,MoveToLL,MoveToLL_StackML_cube2_stick5_robot1_gripper1_finloccube2_rpmanipulate,planned,finloccube2,,True,17491.88
35,MoveToLL,MoveToLL_StackML_cube2_stick5_robot1_gripper1_finloccube2_rpmanipulate,movej,rpmanipulate,,True,10051.70
36,MoveToLL,MoveToLL_TravelML_robot1_rpmanipulate_rppickup_dup6,movej,rppickup,,True,10794.88
37,MoveToLL,MoveToLL_PickUpML_stick1_initlocstick1_robot1_gripper1_rppickup,movel,initlocstick1,,True,6347.41
38,CloseGripperLL,CloseGripperLL_PickUpML_stick1_initlocstick1_robot1_gripper1_rppickup,close_gripper,,,True,12.54
39,MoveToLL,MoveToLL_PickUpML_stick1_initlocstick1_robot1_gripper1_rppickup,movel,rppickup,,True,5217.53
40,MoveToLL,MoveToLL_TravelML_robot1_rppickup_rpmanipulate_dup6,movej,rpmanipulate,,True,10749.17
41,MoveToLL,MoveToLL_StackML_stick1_table1_robot1_gripper1_finallocstick1_rpmanipulate,planned,finallocstick1,,True,21487.71
42,MoveToLL,MoveToLL_StackML_stick1_table1_robot1_gripper1_finallocstick1_rpmanipulate,movej,rpmanipulate,,True,14271.06
43,MoveToLL,MoveToLL_TravelML_robot1_rpmanipulate_rppickup_dup7,movej,rppickup,,True,10888.82
44,MoveToLL,MoveToLL_PickUpML_stick3_initlocstick3_robot1_gripper1_rppickup,movel,initlocstick3,,True,5205.28
45,CloseGripperLL,CloseGripperLL_PickUpML_stick3_initlocstick3_robot1_gripper1_rppickup,close_gripper,,,True,11.92
46,MoveToLL,MoveToLL_PickUpML_stick3_initlocstick3_robot1_gripper1_rppickup,movel,rppickup,,True,5921.61
47,MoveToLL,MoveToLL_TravelML_robot1_rppickup_rpmanipulate_dup7,movej,rpmanipulate,,True,10747.73
48,MoveToLL,MoveToLL_StackML_stick3_table1_robot1_gripper1_finallocstick3_rpmanipulate,planned,finallocstick3,,True,15868.28
49,MoveToLL,MoveToLL_StackML_stick3_table1_robot1_gripper1_finallocstick3_rpmanipulate,movej,rpmanipulate,,True,9357.72
50,MoveToLL,MoveToLL_TravelML_robot1_rpmanipulate_rppickup_dup8,movej,rppickup,,True,10753.96
51,MoveToLL,MoveToLL_PickUpML_cube1_initloccube1_robot1_gripper1_rppickup,movel,initloccube1,,True,5266.93
52,CloseGripperLL,CloseGripperLL_PickUpML_cube1_initloccube1_robot1_gripper1_rppickup,close_gripper,,,True,12.84
53,MoveToLL,MoveToLL_PickUpML_cube1_initloccube1_robot1_gripper1_rppickup,movel,rppickup,,True,5132.42
54,MoveToLL,MoveToLL_TravelML_robot1_rppickup_rpmanipulate_dup8,movej,rpmanipulate,,True,10824.35
55,MoveToLL,MoveToLL_StackML_cube1_stick1_robot1_gripper1_finloccube1_rpmanipulate,planned,finloccube1,,True,17453.65
56,MoveToLL,MoveToLL_StackML_cube1_stick1_robot1_gripper1_finloccube1_rpmanipulate,movej,rpmanipulate,,True,10045.22
57,MoveToLL,MoveToLL_TravelML_robot1_rpmanipulate_rppickup_dup9,movej,rppickup,,True,10750.72
58,MoveToLL,MoveToLL_PickUpML_stick7_initlocstick7_robot1_gripper1_rppickup,movel,initlocstick7,,True,6386.71
59,CloseGripperLL,CloseGripperLL_PickUpML_stick7_initlocstick7_robot1_gripper1_rppickup,close_gripper,,,True,13.71
60,MoveToLL,MoveToLL_PickUpML_stick7_initlocstick7_robot1_gripper1_rppickup,movel,rppickup,,True,5919.65
61,MoveToLL,MoveToLL_TravelML_robot1_rppickup_rpmanipulate_dup9,movej,rpmanipulate,,True,10736.74
62,MoveToLL,MoveToLL_StackOnTwoML_stick7_robot1_finallocstick7_rpmanipulate_stick3_stick2_gripper1_layer1_layer2,planned,finallocstick7,,True,15888.27
63,MoveToLL,MoveToLL_StackOnTwoML_stick7_robot1_finallocstick7_rpmanipulate_stick3_stick2_gripper1_layer1_layer2,movej,rpmanipulate,,True,8639.78
64,MoveToLL,MoveToLL_TravelML_robot1_rpmanipulate_rppickup_dup10,movej,rppickup,,True,10740.50
65,MoveToLL,MoveToLL_PickUpML_stick8_initlocstick8_robot1_gripper1_rppickup,movel,initlocstick8,,True,5198.68
66,CloseGripperLL,CloseGripperLL_PickUpML_stick8_initlocstick8_robot1_gripper1_rppickup,close_gripper,,,True,13.52
67,MoveToLL,MoveToLL_PickUpML_stick8_initlocstick8_robot1_gripper1_rppickup,movel,rppickup,,True,5933.80
68,MoveToLL,MoveToLL_TravelML_robot1_rppickup_rpmanipulate_dup10,movej,rpmanipulate,,True,10832.64
69,MoveToLL,MoveToLL_StackOnTwoML_stick8_robot1_finallocstick8_rpmanipulate_stick4_stick3_gripper1_layer1_layer2,planned,finallocstick8,,True,17499.43
70,MoveToLL,MoveToLL_StackOnTwoML_stick8_robot1_finallocstick8_rpmanipulate_stick4_stick3_gripper1_layer1_layer2,movej,rpmanipulate,,True,11472.30
71,MoveToLL,MoveToLL_TravelML_robot1_rpmanipulate_rppickup_dup11,movej,rppickup,,True,10758.99
72,MoveToLL,MoveToLL_PickUpML_stick6_initlocstick6_robot1_gripper1_rppickup,movel,initlocstick6,,True,5421.31
73,CloseGripperLL,CloseGripperLL_PickUpML_stick6_initlocstick6_robot1_gripper1_rppickup,close_gripper,,,True,0.74
74,MoveToLL,MoveToLL_PickUpML_stick6_initlocstick6_robot1_gripper1_rppickup,movel,rppickup,,True,5921.00
75,MoveToLL,MoveToLL_TravelML_robot1_rppickup_rpmanipulate_dup11,movej,rpmanipulate,,True,10809.37
76,MoveToLL,MoveToLL_StackOnTwoML_stick6_robot1_finallocstick6_rpmanipulate_stick2_stick1_gripper1_layer1_layer2,planned,finallocstick6,,True,18274.49
77,MoveToLL,MoveToLL_StackOnTwoML_stick6_robot1_finallocstick6_rpmanipulate_stick2_stick1_gripper1_layer1_layer2,movej,rpmanipulate,,True,12157.34
78,MoveToLL,MoveToLL_TravelML_robot1_rpmanipulate_rptoolchange,movej,rptoolchange,,True,9052.45
79,DeequipToolLL,DeequipToolLL_DeequipML_robot1_gripper1_equiplocgripper_rptoolchange,play_program,,,True,20739.10
80,EquipToolLL,EquipToolLL_EquipeML_robot1_staplergun1_rptoolchange_equiplocstapler,play_program,,,True,10309.99
81,MoveToLL,MoveToLL_TravelML_robot1_rptoolchange_rpmanipulate,movej,rpmanipulate,,True,9715.68
82,NailingLL,NailingLL_NailingML_stick6_stick1_robot1_staplergun1_rpmanipulate,planned,unknown,,True,27901.81
83,NailingLL,NailingLL_NailingML_stick6_stick2_robot1_staplergun1_rpmanipulate,planned,unknown,,True,9037.80
84,NailingLL,NailingLL_NailingML_stick7_stick2_robot1_staplergun1_rpmanipulate,planned,unknown,,True,10696.40
85,NailingLL,NailingLL_NailingML_stick7_stick3_robot1_staplergun1_rpmanipulate,planned,unknown,,True,14609.64
86,NailingLL,NailingLL_NailingML_stick8_stick3_robot1_staplergun1_rpmanipulate,planned,unknown,,True,9976.31
87,NailingLL,NailingLL_NailingML_stick8_stick4_robot1_staplergun1_rpmanipulate,planned,unknown,,True,7476.71
88,NailingLL,NailingLL_NailingML_stick9_stick4_robot1_staplergun1_rpmanipulate,planned,unknown,,True,8283.37
89,NailingLL,NailingLL_NailingML_stick9_stick5_robot1_staplergun1_rpmanipulate,planned,unknown,,True,6740.29
90,NailingLL,NailingLL_NailingML_cube1_stick1_robot1_staplergun1_rpmanipulate,planned,unknown,,True,15404.99
91,NailingLL,NailingLL_NailingML_cube2_stick5_robot1_staplergun1_rpmanipulate,planned,unknown,,True,11385.84
92,MoveToLL,MoveToLL_TravelML_robot1_rpmanipulate_rptoolchange_dup2,movej,rptoolchange,,True,11034.66
93,DeequipToolLL,DeequipToolLL_DeequipML_robot1_staplergun1_equiplocstapler_rptoolchange,play_program,,,True,7381.65
94,EquipToolLL,EquipToolLL_EquipeML_robot1_gripper1_rptoolchange_equiplocgripper,play_program,,,True,20332.80
95,MoveToLL,MoveToLL_TravelML_robot1_rptoolchange_rppickup,movej,rppickup,,True,11970.59
96,MoveToLL,MoveToLL_PickUpML_stick11_initlocstick11_robot1_gripper1_rppickup,movel,initlocstick11,,True,5155.00
97,CloseGripperLL,CloseGripperLL_PickUpML_stick11_initlocstick11_robot1_gripper1_rppickup,close_gripper,,,True,12.67
98,MoveToLL,MoveToLL_PickUpML_stick11_initlocstick11_robot1_gripper1_rppickup,movel,rppickup,,True,5905.77
99,MoveToLL,MoveToLL_TravelML_robot1_rppickup_rpmanipulate_dup12,movej,rpmanipulate,,True,10862.56
100,MoveToLL,MoveToLL_StackOnTwoML_stick11_robot1_finallocstick11_rpmanipulate_stick6_stick7_gripper1_layer2_layer3,planned,finallocstick11,,True,19123.75
101,MoveToLL,MoveToLL_StackOnTwoML_stick11_robot1_finallocstick11_rpmanipulate_stick6_stick7_gripper1_layer2_layer3,movej,rpmanipulate,,True,10053.19
102,MoveToLL,MoveToLL_TravelML_robot1_rpmanipulate_rppickup_dup12,movej,rppickup,,True,10911.05
103,MoveToLL,MoveToLL_PickUpML_stick10_initlocstick10_robot1_gripper1_rppickup,movel,initlocstick10,,True,5426.04
104,CloseGripperLL,CloseGripperLL_PickUpML_stick10_initlocstick10_robot1_gripper1_rppickup,close_gripper,,,True,13.95
105,MoveToLL,MoveToLL_PickUpML_stick10_initlocstick10_robot1_gripper1_rppickup,movel,rppickup,,True,5251.81
106,MoveToLL,MoveToLL_TravelML_robot1_rppickup_rpmanipulate_dup13,movej,rpmanipulate,,True,10745.88
107,MoveToLL,MoveToLL_StackOnTwoML_stick10_robot1_finallocstick10_rpmanipulate_stick6_cube1_gripper1_layer2_layer3,planned,finallocstick10,,True,21524.60
108,MoveToLL,MoveToLL_StackOnTwoML_stick10_robot1_finallocstick10_rpmanipulate_stick6_cube1_gripper1_layer2_layer3,movej,rpmanipulate,,True,13589.50
109,MoveToLL,MoveToLL_TravelML_robot1_rpmanipulate_rppickup_dup13,movej,rppickup,,True,10749.38
110,MoveToLL,MoveToLL_PickUpML_stick13_initlocstick13_robot1_gripper1_rppickup,movel,initlocstick13,,True,5157.40
111,CloseGripperLL,CloseGripperLL_PickUpML_stick13_initlocstick13_robot1_gripper1_rppickup,close_gripper,,,True,13.69
112,MoveToLL,MoveToLL_PickUpML_stick13_initlocstick13_robot1_gripper1_rppickup,movel,rppickup,,True,5833.87
113,MoveToLL,MoveToLL_TravelML_robot1_rppickup_rpmanipulate_dup14,movej,rpmanipulate,,True,10746.32
114,MoveToLL,MoveToLL_StackOnTwoML_stick13_robot1_finallocstick13_rpmanipulate_stick9_stick8_gripper1_layer2_layer3,planned,finallocstick13,,True,16671.24
115,MoveToLL,MoveToLL_StackOnTwoML_stick13_robot1_finallocstick13_rpmanipulate_stick9_stick8_gripper1_layer2_layer3,movej,rpmanipulate,,True,9349.51
116,MoveToLL,MoveToLL_TravelML_robot1_rpmanipulate_rppickup_dup14,movej,rppickup,,True,11290.81
117,MoveToLL,MoveToLL_PickUpML_stick14_initlocstick14_robot1_gripper1_rppickup,movel,initlocstick14,,True,5379.70
118,CloseGripperLL,CloseGripperLL_PickUpML_stick14_initlocstick14_robot1_gripper1_rppickup,close_gripper,,,True,12.88
119,MoveToLL,MoveToLL_PickUpML_stick14_initlocstick14_robot1_gripper1_rppickup,movel,rppickup,,True,5928.27
120,MoveToLL,MoveToLL_TravelML_robot1_rppickup_rpmanipulate_dup15,movej,rpmanipulate,,True,10752.10
121,MoveToLL,MoveToLL_StackOnTwoML_stick14_robot1_finallocstick14_rpmanipulate_cube2_stick9_gripper1_layer2_layer3,planned,finallocstick14,,True,17483.89
122,MoveToLL,MoveToLL_StackOnTwoML_stick14_robot1_finallocstick14_rpmanipulate_cube2_stick9_gripper1_layer2_layer3,movej,rpmanipulate,,True,10074.70
123,MoveToLL,MoveToLL_TravelML_robot1_rpmanipulate_rppickup_dup15,movej,rppickup,,True,10850.19
124,MoveToLL,MoveToLL_PickUpML_stick12_initlocstick12_robot1_gripper1_rppickup,movel,initlocstick12,,True,5250.83
125,CloseGripperLL,CloseGripperLL_PickUpML_stick12_initlocstick12_robot1_gripper1_rppickup,close_gripper,,,True,13.37
126,MoveToLL,MoveToLL_PickUpML_stick12_initlocstick12_robot1_gripper1_rppickup,movel,rppickup,,True,5910.24
127,MoveToLL,MoveToLL_TravelML_robot1_rppickup_rpmanipulate_dup16,movej,rpmanipulate,,True,11293.45
128,MoveToLL,MoveToLL_StackOnTwoML_stick12_robot1_finallocstick12_rpmanipulate_stick7_stick8_gripper1_layer2_layer3,planned,finallocstick12,,True,15097.56
129,MoveToLL,MoveToLL_StackOnTwoML_stick12_robot1_finallocstick12_rpmanipulate_stick7_stick8_gripper1_layer2_layer3,movej,rpmanipulate,,True,8652.20
130,MoveToLL,MoveToLL_TravelML_robot1_rpmanipulate_rptoolchange_dup3,movej,rptoolchange,,True,8746.34
131,DeequipToolLL,DeequipToolLL_DeequipML_robot1_gripper1_equiplocgripper_rptoolchange_dup2,play_program,,,True,20628.94
132,EquipToolLL,EquipToolLL_EquipeML_robot1_staplergun1_rptoolchange_equiplocstapler_dup2,play_program,,,True,10337.09
133,MoveToLL,MoveToLL_TravelML_robot1_rptoolchange_rpmanipulate_dup2,movej,rpmanipulate,,True,8644.40
134,NailingLL,NailingLL_NailingML_stick10_stick6_robot1_staplergun1_rpmanipulate,planned,unknown,,True,20383.63
135,NailingLL,NailingLL_NailingML_stick13_stick8_robot1_staplergun1_rpmanipulate,planned,unknown,,True,9908.57
136,NailingLL,NailingLL_NailingML_stick10_cube1_robot1_staplergun1_rpmanipulate,planned,unknown,,True,15523.88
137,NailingLL,NailingLL_NailingML_stick11_stick6_robot1_staplergun1_rpmanipulate,planned,unknown,,True,13910.20
138,NailingLL,NailingLL_NailingML_stick11_stick7_robot1_staplergun1_rpmanipulate,planned,unknown,,True,14703.49
139,NailingLL,NailingLL_NailingML_stick12_stick7_robot1_staplergun1_rpmanipulate,planned,unknown,,True,14615.04
140,NailingLL,NailingLL_NailingML_stick12_stick8_robot1_staplergun1_rpmanipulate,planned,unknown,,True,11373.82
141,NailingLL,NailingLL_NailingML_stick13_stick9_robot1_staplergun1_rpmanipulate,planned,unknown,,True,7485.56
142,NailingLL,NailingLL_NailingML_stick14_cube2_robot1_staplergun1_rpmanipulate,planned,unknown,,True,10430.59
143,NailingLL,NailingLL_NailingML_stick14_stick9_robot1_staplergun1_rpmanipulate,planned,unknown,,True,12286.41
144,MoveToLL,MoveToLL_TravelML_robot1_rpmanipulate_rptoolchange_dup4,movej,rptoolchange,,True,10835.97
145,DeequipToolLL,DeequipToolLL_DeequipML_robot1_staplergun1_equiplocstapler_rptoolchange_dup2,play_program,,,True,7240.92
146,EquipToolLL,EquipToolLL_EquipeML_robot1_gripper1_rptoolchange_equiplocgripper_dup2,play_program,,,True,20654.38
147,MoveToLL,MoveToLL_TravelML_robot1_rptoolchange_rppickup_dup2,movej,rppickup,,True,11479.11
148,MoveToLL,MoveToLL_PickUpML_stick15_initlocstick15_robot1_gripper1_rppickup,movel,initlocstick15,,True,5278.21
149,CloseGripperLL,CloseGripperLL_PickUpML_stick15_initlocstick15_robot1_gripper1_rppickup,close_gripper,,,True,14.03
150,MoveToLL,MoveToLL_PickUpML_stick15_initlocstick15_robot1_gripper1_rppickup,movel,rppickup,,True,5921.96
151,MoveToLL,MoveToLL_TravelML_robot1_rppickup_rpmanipulate_dup17,movej,rpmanipulate,,True,11223.96
152,MoveToLL,MoveToLL_StackOnTwoML_stick15_robot1_finallocstick15_rpmanipulate_stick11_stick10_gripper1_layer3_layer4,planned,finallocstick15,,True,20685.36
153,MoveToLL,MoveToLL_StackOnTwoML_stick15_robot1_finallocstick15_rpmanipulate_stick11_stick10_gripper1_layer3_layer4,movej,rpmanipulate,,True,12128.26
154,MoveToLL,MoveToLL_TravelML_robot1_rpmanipulate_rppickup_dup16,movej,rppickup,,True,10738.40
155,MoveToLL,MoveToLL_PickUpML_cube4_initloccube4_robot1_gripper1_rppickup,movel,initloccube4,,True,6343.24
156,CloseGripperLL,CloseGripperLL_PickUpML_cube4_initloccube4_robot1_gripper1_rppickup,close_gripper,,,True,12.76
157,MoveToLL,MoveToLL_PickUpML_cube4_initloccube4_robot1_gripper1_rppickup,movel,rppickup,,True,5130.92
158,MoveToLL,MoveToLL_TravelML_robot1_rppickup_rpmanipulate_dup18,movej,rpmanipulate,,True,10790.85
159,MoveToLL,MoveToLL_StackML_cube4_stick14_robot1_gripper1_finloccube4_rpmanipulate,planned,finloccube4,,True,16678.18
160,MoveToLL,MoveToLL_StackML_cube4_stick14_robot1_gripper1_finloccube4_rpmanipulate,movej,rpmanipulate,,True,10046.55
161,MoveToLL,MoveToLL_TravelML_robot1_rpmanipulate_rppickup_dup17,movej,rppickup,,True,11330.92
162,MoveToLL,MoveToLL_PickUpML_stick18_initlocstick18_robot1_gripper1_rppickup,movel,initlocstick18,,True,5261.88
163,CloseGripperLL,CloseGripperLL_PickUpML_stick18_initlocstick18_robot1_gripper1_rppickup,close_gripper,,,True,2.30
164,MoveToLL,MoveToLL_PickUpML_stick18_initlocstick18_robot1_gripper1_rppickup,movel,rppickup,,True,5825.12
165,MoveToLL,MoveToLL_TravelML_robot1_rppickup_rpmanipulate_dup19,movej,rpmanipulate,,True,10739.44
166,MoveToLL,MoveToLL_StackOnTwoML_stick18_robot1_finallocstick18_rpmanipulate_stick14_stick13_gripper1_layer3_layer4,planned,finallocstick18,,True,16660.36
167,MoveToLL,MoveToLL_StackOnTwoML_stick18_robot1_finallocstick18_rpmanipulate_stick14_stick13_gripper1_layer3_layer4,movej,rpmanipulate,,True,9363.65
168,MoveToLL,MoveToLL_TravelML_robot1_rpmanipulate_rppickup_dup18,movej,rppickup,,True,10737.07
169,MoveToLL,MoveToLL_PickUpML_cube3_initloccube3_robot1_gripper1_rppickup,movel,initloccube3,,True,6344.44
170,CloseGripperLL,CloseGripperLL_PickUpML_cube3_initloccube3_robot1_gripper1_rppickup,close_gripper,,,True,1.25
171,MoveToLL,MoveToLL_PickUpML_cube3_initloccube3_robot1_gripper1_rppickup,movel,rppickup,,True,5232.68
172,MoveToLL,MoveToLL_TravelML_robot1_rppickup_rpmanipulate_dup20,movej,rpmanipulate,,True,10761.43
173,MoveToLL,MoveToLL_StackML_cube3_stick10_robot1_gripper1_finloccube3_rpmanipulate,planned,finloccube3,,True,17519.61
174,MoveToLL,MoveToLL_StackML_cube3_stick10_robot1_gripper1_finloccube3_rpmanipulate,movej,rpmanipulate,,True,10045.27
175,MoveToLL,MoveToLL_TravelML_robot1_rpmanipulate_rppickup_dup19,movej,rppickup,,True,10737.38
176,MoveToLL,MoveToLL_PickUpML_stick17_initlocstick17_robot1_gripper1_rppickup,movel,initlocstick17,,True,5286.29
177,CloseGripperLL,CloseGripperLL_PickUpML_stick17_initlocstick17_robot1_gripper1_rppickup,close_gripper,,,True,13.71
178,MoveToLL,MoveToLL_PickUpML_stick17_initlocstick17_robot1_gripper1_rppickup,movel,rppickup,,True,5933.56
179,MoveToLL,MoveToLL_TravelML_robot1_rppickup_rpmanipulate_dup21,movej,rpmanipulate,,True,11332.23
180,MoveToLL,MoveToLL_StackOnTwoML_stick17_robot1_finallocstick17_rpmanipulate_stick12_stick13_gripper1_layer3_layer4,planned,finallocstick17,,True,17495.26
181,MoveToLL,MoveToLL_StackOnTwoML_stick17_robot1_finallocstick17_rpmanipulate_stick12_stick13_gripper1_layer3_layer4,movej,rpmanipulate,,True,11422.63
182,MoveToLL,MoveToLL_TravelML_robot1_rpmanipulate_rppickup_dup20,movej,rppickup,,True,11286.00
183,MoveToLL,MoveToLL_PickUpML_stick16_initlocstick16_robot1_gripper1_rppickup,movel,initlocstick16,,True,5306.21
184,CloseGripperLL,CloseGripperLL_PickUpML_stick16_initlocstick16_robot1_gripper1_rppickup,close_gripper,,,True,13.46
185,MoveToLL,MoveToLL_PickUpML_stick16_initlocstick16_robot1_gripper1_rppickup,movel,rppickup,,True,5835.05
186,MoveToLL,MoveToLL_TravelML_robot1_rppickup_rpmanipulate_dup22,movej,rpmanipulate,,True,10745.74
187,MoveToLL,MoveToLL_StackOnTwoML_stick16_robot1_finallocstick16_rpmanipulate_stick12_stick11_gripper1_layer3_layer4,planned,finallocstick16,,True,15062.30
188,MoveToLL,MoveToLL_StackOnTwoML_stick16_robot1_finallocstick16_rpmanipulate_stick12_stick11_gripper1_layer3_layer4,movej,rpmanipulate,,True,8626.88
189,MoveToLL,MoveToLL_TravelML_robot1_rpmanipulate_rptoolchange_dup5,movej,rptoolchange,,True,8641.18
190,DeequipToolLL,DeequipToolLL_DeequipML_robot1_gripper1_equiplocgripper_rptoolchange_dup3,play_program,,,True,20525.26
191,EquipToolLL,EquipToolLL_EquipeML_robot1_staplergun1_rptoolchange_equiplocstapler_dup3,play_program,,,True,9884.28
192,MoveToLL,MoveToLL_TravelML_robot1_rptoolchange_rpmanipulate_dup3,movej,rpmanipulate,,True,9734.78
193,NailingLL,NailingLL_NailingML_cube3_stick10_robot1_staplergun1_rpmanipulate,planned,unknown,,True,27583.39
194,NailingLL,NailingLL_NailingML_cube4_stick14_robot1_staplergun1_rpmanipulate,planned,unknown,,True,15925.96
195,NailingLL,NailingLL_NailingML_stick15_stick10_robot1_staplergun1_rpmanipulate,planned,unknown,,True,9703.99
196,NailingLL,NailingLL_NailingML_stick15_stick11_robot1_staplergun1_rpmanipulate,planned,unknown,,True,7422.46
197,NailingLL,NailingLL_NailingML_stick16_stick11_robot1_staplergun1_rpmanipulate,planned,unknown,,True,12199.14
198,NailingLL,NailingLL_NailingML_stick16_stick12_robot1_staplergun1_rpmanipulate,planned,unknown,,True,14382.53
199,NailingLL,NailingLL_NailingML_stick17_stick12_robot1_staplergun1_rpmanipulate,planned,unknown,,True,12786.09
200,NailingLL,NailingLL_NailingML_stick17_stick13_robot1_staplergun1_rpmanipulate,planned,unknown,,True,14584.16
201,NailingLL,NailingLL_NailingML_stick18_stick13_robot1_staplergun1_rpmanipulate,planned,unknown,,True,8929.58
202,NailingLL,NailingLL_NailingML_stick18_stick14_robot1_staplergun1_rpmanipulate,planned,unknown,,True,12210.96
203,MoveToLL,MoveToLL_TravelML_robot1_rpmanipulate_rptoolchange_dup6,movej,rptoolchange,,True,10863.01
204,DeequipToolLL,DeequipToolLL_DeequipML_robot1_staplergun1_equiplocstapler_rptoolchange_dup3,play_program,,,True,7342.24
205,EquipToolLL,EquipToolLL_EquipeML_robot1_gripper1_rptoolchange_equiplocgripper_dup3,play_program,,,True,20622.23
206,MoveToLL,MoveToLL_TravelML_robot1_rptoolchange_rppickup_dup3,movej,rppickup,,True,11724.23
207,MoveToLL,MoveToLL_PickUpML_stick20_initlocstick20_robot1_gripper1_rppickup,movel,initlocstick20,,True,6147.76
208,CloseGripperLL,CloseGripperLL_PickUpML_stick20_initlocstick20_robot1_gripper1_rppickup,close_gripper,,,True,1.08
209,MoveToLL,MoveToLL_PickUpML_stick20_initlocstick20_robot1_gripper1_rppickup,movel,rppickup,,True,6435.81
210,MoveToLL,MoveToLL_TravelML_robot1_rppickup_rpmanipulate_dup23,movej,rpmanipulate,,True,11003.24
211,MoveToLL,MoveToLL_StackOnTwoML_stick20_robot1_finallocstick20_rpmanipulate_stick15_stick16_gripper1_layer4_layer5,planned,finallocstick20,,True,18144.69
212,MoveToLL,MoveToLL_StackOnTwoML_stick20_robot1_finallocstick20_rpmanipulate_stick15_stick16_gripper1_layer4_layer5,movej,rpmanipulate,,True,9873.42
213,MoveToLL,MoveToLL_TravelML_robot1_rpmanipulate_rppickup_dup21,movej,rppickup,,True,11055.44
214,MoveToLL,MoveToLL_PickUpML_stick19_initlocstick19_robot1_gripper1_rppickup,movel,initlocstick19,,True,6158.42
215,CloseGripperLL,CloseGripperLL_PickUpML_stick19_initlocstick19_robot1_gripper1_rppickup,close_gripper,,,True,25.75
216,MoveToLL,MoveToLL_PickUpML_stick19_initlocstick19_robot1_gripper1_rppickup,movel,rppickup,,True,6340.87
217,MoveToLL,MoveToLL_TravelML_robot1_rppickup_rpmanipulate_dup24,movej,rpmanipulate,,True,11250.73
218,MoveToLL,MoveToLL_StackOnTwoML_stick19_robot1_finallocstick19_rpmanipulate_stick15_cube3_gripper1_layer4_layer5,planned,finallocstick19,,True,20514.94
219,MoveToLL,MoveToLL_StackOnTwoML_stick19_robot1_finallocstick19_rpmanipulate_stick15_cube3_gripper1_layer4_layer5,movej,rpmanipulate,,True,13469.72
220,MoveToLL,MoveToLL_TravelML_robot1_rpmanipulate_rppickup_dup22,movej,rppickup,,True,11161.78
221,MoveToLL,MoveToLL_PickUpML_stick23_initlocstick23_robot1_gripper1_rppickup,movel,initlocstick23,,True,5553.22
222,CloseGripperLL,CloseGripperLL_PickUpML_stick23_initlocstick23_robot1_gripper1_rppickup,close_gripper,,,True,15.63
223,MoveToLL,MoveToLL_PickUpML_stick23_initlocstick23_robot1_gripper1_rppickup,movel,rppickup,,True,5838.42
224,MoveToLL,MoveToLL_TravelML_robot1_rppickup_rpmanipulate_dup25,movej,rpmanipulate,,True,11228.65
225,MoveToLL,MoveToLL_StackOnTwoML_stick23_robot1_finallocstick23_rpmanipulate_cube4_stick18_gripper1_layer4_layer5,planned,finallocstick23,,True,17021.80
226,MoveToLL,MoveToLL_StackOnTwoML_stick23_robot1_finallocstick23_rpmanipulate_cube4_stick18_gripper1_layer4_layer5,movej,rpmanipulate,,True,9955.74
227,MoveToLL,MoveToLL_TravelML_robot1_rpmanipulate_rppickup_dup23,movej,rppickup,,True,11301.98
228,MoveToLL,MoveToLL_PickUpML_stick21_initlocstick21_robot1_gripper1_rppickup,movel,initlocstick21,,True,6236.51
229,CloseGripperLL,CloseGripperLL_PickUpML_stick21_initlocstick21_robot1_gripper1_rppickup,close_gripper,,,True,1.18
230,MoveToLL,MoveToLL_PickUpML_stick21_initlocstick21_robot1_gripper1_rppickup,movel,rppickup,,True,6375.16
231,MoveToLL,MoveToLL_TravelML_robot1_rppickup_rpmanipulate_dup26,movej,rpmanipulate,,True,11300.13
232,MoveToLL,MoveToLL_StackOnTwoML_stick21_robot1_finallocstick21_rpmanipulate_stick16_stick17_gripper1_layer4_layer5,planned,finallocstick21,,True,14950.23
233,MoveToLL,MoveToLL_StackOnTwoML_stick21_robot1_finallocstick21_rpmanipulate_stick16_stick17_gripper1_layer4_layer5,movej,rpmanipulate,,True,8582.10
234,MoveToLL,MoveToLL_TravelML_robot1_rpmanipulate_rppickup_dup24,movej,rppickup,,True,10740.17
235,MoveToLL,MoveToLL_PickUpML_stick22_initlocstick22_robot1_gripper1_rppickup,movel,initlocstick22,,True,5342.93
236,CloseGripperLL,CloseGripperLL_PickUpML_stick22_initlocstick22_robot1_gripper1_rppickup,close_gripper,,,True,13.11
237,MoveToLL,MoveToLL_PickUpML_stick22_initlocstick22_robot1_gripper1_rppickup,movel,rppickup,,True,6390.23
238,MoveToLL,MoveToLL_TravelML_robot1_rppickup_rpmanipulate_dup27,movej,rpmanipulate,,True,11207.21
239,MoveToLL,MoveToLL_StackOnTwoML_stick22_robot1_finallocstick22_rpmanipulate_stick18_stick17_gripper1_layer4_layer5,planned,finallocstick22,,True,16535.24
240,MoveToLL,MoveToLL_StackOnTwoML_stick22_robot1_finallocstick22_rpmanipulate_stick18_stick17_gripper1_layer4_layer5,movej,rpmanipulate,,True,9288.72
241,MoveToLL,MoveToLL_TravelML_robot1_rpmanipulate_rptoolchange_dup7,movej,rptoolchange,,True,9049.19
242,DeequipToolLL,DeequipToolLL_DeequipML_robot1_gripper1_equiplocgripper_rptoolchange_dup4,play_program,,,True,20751.11
243,EquipToolLL,EquipToolLL_EquipeML_robot1_staplergun1_rptoolchange_equiplocstapler_dup4,play_program,,,True,9792.11
244,MoveToLL,MoveToLL_TravelML_robot1_rptoolchange_rpmanipulate_dup4,movej,rpmanipulate,,True,8891.35
245,NailingLL,NailingLL_NailingML_stick19_stick15_robot1_staplergun1_rpmanipulate,planned,unknown,,True,18820.89
246,NailingLL,NailingLL_NailingML_stick23_stick18_robot1_staplergun1_rpmanipulate,planned,unknown,,True,9700.96
247,NailingLL,NailingLL_NailingML_stick19_cube3_robot1_staplergun1_rpmanipulate,planned,unknown,,True,19233.51
248,NailingLL,NailingLL_NailingML_stick20_stick15_robot1_staplergun1_rpmanipulate,planned,unknown,,True,7329.29
249,NailingLL,NailingLL_NailingML_stick22_stick18_robot1_staplergun1_rpmanipulate,planned,unknown,,True,11162.96
250,NailingLL,NailingLL_NailingML_stick23_cube4_robot1_staplergun1_rpmanipulate,planned,unknown,,True,8737.06
251,NailingLL,NailingLL_NailingML_stick20_stick16_robot1_staplergun1_rpmanipulate,planned,unknown,,True,14395.48
252,NailingLL,NailingLL_NailingML_stick21_stick16_robot1_staplergun1_rpmanipulate,planned,unknown,,True,10374.97
253,NailingLL,NailingLL_NailingML_stick21_stick17_robot1_staplergun1_rpmanipulate,planned,unknown,,True,12226.80
254,NailingLL,NailingLL_NailingML_stick22_stick17_robot1_staplergun1_rpmanipulate,planned,unknown,,True,5567.72
255,MoveToLL,MoveToLL_TravelML_robot1_rpmanipulate_rptoolchange_dup8,movej,rptoolchange,,True,10219.33
256,DeequipToolLL,DeequipToolLL_DeequipML_robot1_staplergun1_equiplocstapler_rptoolchange_dup4,play_program,,,True,7293.16
257,EquipToolLL,EquipToolLL_EquipeML_robot1_gripper1_rptoolchange_equiplocgripper_dup4,play_program,,,True,20587.24
258,MoveToLL,MoveToLL_TravelML_robot1_rptoolchange_rppickup_dup4,movej,rppickup,,True,11443.16
259,MoveToLL,MoveToLL_PickUpML_stick24_initlocstick24_robot1_gripper1_rppickup,movel,initlocstick24,,True,6366.32
260,CloseGripperLL,CloseGripperLL_PickUpML_stick24_initlocstick24_robot1_gripper1_rppickup,close_gripper,,,True,0.95
261,MoveToLL,MoveToLL_PickUpML_stick24_initlocstick24_robot1_gripper1_rppickup,movel,rppickup,,True,6423.05
262,MoveToLL,MoveToLL_TravelML_robot1_rppickup_rpmanipulate_dup28,movej,rpmanipulate,,True,11153.88
263,MoveToLL,MoveToLL_StackOnTwoML_stick24_robot1_finallocstick24_rpmanipulate_stick20_stick19_gripper1_layer5_layer6,planned,finallocstick24,,True,20648.27
264,MoveToLL,MoveToLL_StackOnTwoML_stick24_robot1_finallocstick24_rpmanipulate_stick20_stick19_gripper1_layer5_layer6,movej,rpmanipulate,,True,12101.43
265,MoveToLL,MoveToLL_TravelML_robot1_rpmanipulate_rppickup_dup25,movej,rppickup,,True,11102.48
266,MoveToLL,MoveToLL_PickUpML_cube6_initloccube6_robot1_gripper1_rppickup,movel,initloccube6,,True,5274.36
267,CloseGripperLL,CloseGripperLL_PickUpML_cube6_initloccube6_robot1_gripper1_rppickup,close_gripper,,,True,1.29
268,MoveToLL,MoveToLL_PickUpML_cube6_initloccube6_robot1_gripper1_rppickup,movel,rppickup,,True,6331.33
269,MoveToLL,MoveToLL_TravelML_robot1_rppickup_rpmanipulate_dup29,movej,rpmanipulate,,True,11043.36
270,MoveToLL,MoveToLL_StackML_cube6_stick23_robot1_gripper1_finloccube6_rpmanipulate,planned,finloccube6,,True,16520.66
271,MoveToLL,MoveToLL_StackML_cube6_stick23_robot1_gripper1_finloccube6_rpmanipulate,movej,rpmanipulate,,True,9998.51
272,MoveToLL,MoveToLL_TravelML_robot1_rpmanipulate_rppickup_dup26,movej,rppickup,,True,11049.58
273,MoveToLL,MoveToLL_PickUpML_stick26_initlocstick26_robot1_gripper1_rppickup,movel,initlocstick26,,True,6146.82
274,CloseGripperLL,CloseGripperLL_PickUpML_stick26_initlocstick26_robot1_gripper1_rppickup,close_gripper,,,True,0.90
275,MoveToLL,MoveToLL_PickUpML_stick26_initlocstick26_robot1_gripper1_rppickup,movel,rppickup,,True,5821.84
276,MoveToLL,MoveToLL_TravelML_robot1_rppickup_rpmanipulate_dup30,movej,rpmanipulate,,True,11065.05
277,MoveToLL,MoveToLL_StackOnTwoML_stick26_robot1_finallocstick26_rpmanipulate_stick21_stick22_gripper1_layer5_layer6,planned,finallocstick26,,True,17352.82
278,MoveToLL,MoveToLL_StackOnTwoML_stick26_robot1_finallocstick26_rpmanipulate_stick21_stick22_gripper1_layer5_layer6,movej,rpmanipulate,,True,11391.60
279,MoveToLL,MoveToLL_TravelML_robot1_rpmanipulate_rppickup_dup27,movej,rppickup,,True,10808.95
280,MoveToLL,MoveToLL_PickUpML_stick25_initlocstick25_robot1_gripper1_rppickup,movel,initlocstick25,,True,6184.55
281,CloseGripperLL,CloseGripperLL_PickUpML_stick25_initlocstick25_robot1_gripper1_rppickup,close_gripper,,,True,1.07
282,MoveToLL,MoveToLL_PickUpML_stick25_initlocstick25_robot1_gripper1_rppickup,movel,rppickup,,True,5121.09
283,MoveToLL,MoveToLL_TravelML_robot1_rppickup_rpmanipulate_dup31,movej,rpmanipulate,,True,11052.97
284,MoveToLL,MoveToLL_StackOnTwoML_stick25_robot1_finallocstick25_rpmanipulate_stick21_stick20_gripper1_layer5_layer6,planned,finallocstick25,,True,14907.20
285,MoveToLL,MoveToLL_StackOnTwoML_stick25_robot1_finallocstick25_rpmanipulate_stick21_stick20_gripper1_layer5_layer6,movej,rpmanipulate,,True,8579.40
286,MoveToLL,MoveToLL_TravelML_robot1_rpmanipulate_rppickup_dup28,movej,rppickup,,True,11220.86
287,MoveToLL,MoveToLL_PickUpML_cube5_initloccube5_robot1_gripper1_rppickup,movel,initloccube5,,True,6147.37
288,CloseGripperLL,CloseGripperLL_PickUpML_cube5_initloccube5_robot1_gripper1_rppickup,close_gripper,,,True,1.40
289,MoveToLL,MoveToLL_PickUpML_cube5_initloccube5_robot1_gripper1_rppickup,movel,rppickup,,True,5125.42
290,MoveToLL,MoveToLL_TravelML_robot1_rppickup_rpmanipulate_dup32,movej,rpmanipulate,,True,11144.15
291,MoveToLL,MoveToLL_StackML_cube5_stick19_robot1_gripper1_finloccube5_rpmanipulate,planned,finloccube5,,False,0.00
292,MoveToLL,MoveToLL_StackML_cube5_stick19_robot1_gripper1_finloccube5_rpmanipulate,planned,finloccube5,,False,0.00
293,MoveToLL,MoveToLL_StackML_cube5_stick19_robot1_gripper1_finloccube5_rpmanipulate,planned,finloccube5,,True,17411.56
294,MoveToLL,MoveToLL_StackML_cube5_stick19_robot1_gripper1_finloccube5_rpmanipulate,movej,rpmanipulate,,True,10054.56
295,MoveToLL,MoveToLL_TravelML_robot1_rpmanipulate_rppickup_dup29,movej,rppickup,,True,10871.26
296,MoveToLL,MoveToLL_PickUpML_stick27_initlocstick27_robot1_gripper1_rppickup,movel,initlocstick27,,True,5180.99
297,CloseGripperLL,CloseGripperLL_PickUpML_stick27_initlocstick27_robot1_gripper1_rppickup,close_gripper,,,True,13.46
298,MoveToLL,MoveToLL_PickUpML_stick27_initlocstick27_robot1_gripper1_rppickup,movel,rppickup,,True,5945.85
299,MoveToLL,MoveToLL_TravelML_robot1_rppickup_rpmanipulate_dup33,movej,rpmanipulate,,True,10750.47
300,MoveToLL,MoveToLL_StackOnTwoML_stick27_robot1_finallocstick27_rpmanipulate_stick23_stick22_gripper1_layer5_layer6,planned,finallocstick27,,True,16667.53
301,MoveToLL,MoveToLL_StackOnTwoML_stick27_robot1_finallocstick27_rpmanipulate_stick23_stick22_gripper1_layer5_layer6,movej,rpmanipulate,,True,10020.18
302,MoveToLL,MoveToLL_TravelML_robot1_rpmanipulate_rptoolchange_dup9,movej,rptoolchange,,True,8653.40
303,DeequipToolLL,DeequipToolLL_DeequipML_robot1_gripper1_equiplocgripper_rptoolchange_dup5,play_program,,,True,20624.33
304,EquipToolLL,EquipToolLL_EquipeML_robot1_staplergun1_rptoolchange_equiplocstapler_dup5,play_program,,,True,9932.31
305,MoveToLL,MoveToLL_TravelML_robot1_rptoolchange_rpmanipulate_dup5,movej,rpmanipulate,,True,8893.48
306,NailingLL,NailingLL_NailingML_cube5_stick19_robot1_staplergun1_rpmanipulate,planned,unknown,,True,27603.36
307,NailingLL,NailingLL_NailingML_cube6_stick23_robot1_staplergun1_rpmanipulate,planned,unknown,,True,9099.30
308,NailingLL,NailingLL_NailingML_stick24_stick19_robot1_staplergun1_rpmanipulate,planned,unknown,,True,15329.75
309,NailingLL,NailingLL_NailingML_stick24_stick20_robot1_staplergun1_rpmanipulate,planned,unknown,,True,11344.62
310,NailingLL,NailingLL_NailingML_stick25_stick20_robot1_staplergun1_rpmanipulate,planned,unknown,,True,10643.60
311,NailingLL,NailingLL_NailingML_stick25_stick21_robot1_staplergun1_rpmanipulate,planned,unknown,,True,5899.05
312,NailingLL,NailingLL_NailingML_stick26_stick21_robot1_staplergun1_rpmanipulate,planned,unknown,,True,13026.70
313,NailingLL,NailingLL_NailingML_stick26_stick22_robot1_staplergun1_rpmanipulate,planned,unknown,,True,8184.01
314,NailingLL,NailingLL_NailingML_stick27_stick22_robot1_staplergun1_rpmanipulate,planned,unknown,,True,9875.23
315,NailingLL,NailingLL_NailingML_stick27_stick23_robot1_staplergun1_rpmanipulate,planned,unknown,,True,12185.96
316,MoveToLL,MoveToLL_TravelML_robot1_rpmanipulate_rptoolchange_dup10,movej,rptoolchange,,True,11042.17
317,DeequipToolLL,DeequipToolLL_DeequipML_robot1_staplergun1_equiplocstapler_rptoolchange_dup5,play_program,,,True,7259.65
318,EquipToolLL,EquipToolLL_EquipeML_robot1_gripper1_rptoolchange_equiplocgripper_dup5,play_program,,,True,20693.74
319,MoveToLL,MoveToLL_TravelML_robot1_rptoolchange_rppickup_dup5,movej,rppickup,,True,11766.36
320,MoveToLL,MoveToLL_PickUpML_stick29_initlocstick29_robot1_gripper1_rppickup,movel,initlocstick29,,True,5154.35
321,CloseGripperLL,CloseGripperLL_PickUpML_stick29_initlocstick29_robot1_gripper1_rppickup,close_gripper,,,True,0.97
322,MoveToLL,MoveToLL_PickUpML_stick29_initlocstick29_robot1_gripper1_rppickup,movel,rppickup,,True,5849.32
323,MoveToLL,MoveToLL_TravelML_robot1_rppickup_rpmanipulate_dup34,movej,rpmanipulate,,True,11316.94
324,MoveToLL,MoveToLL_StackOnTwoML_stick29_robot1_finallocstick29_rpmanipulate_stick24_stick25_gripper1_layer6_layer7,planned,finallocstick29,,True,18282.01
325,MoveToLL,MoveToLL_StackOnTwoML_stick29_robot1_finallocstick29_rpmanipulate_stick24_stick25_gripper1_layer6_layer7,movej,rpmanipulate,,True,9748.03
326,MoveToLL,MoveToLL_TravelML_robot1_rpmanipulate_rppickup_dup30,movej,rppickup,,True,11331.82
327,MoveToLL,MoveToLL_PickUpML_stick28_initlocstick28_robot1_gripper1_rppickup,movel,initlocstick28,,True,6324.31
328,CloseGripperLL,CloseGripperLL_PickUpML_stick28_initlocstick28_robot1_gripper1_rppickup,close_gripper,,,True,12.60
329,MoveToLL,MoveToLL_PickUpML_stick28_initlocstick28_robot1_gripper1_rppickup,movel,rppickup,,True,5120.65
330,MoveToLL,MoveToLL_TravelML_robot1_rppickup_rpmanipulate_dup35,movej,rpmanipulate,,True,10745.74
331,MoveToLL,MoveToLL_StackOnTwoML_stick28_robot1_finallocstick28_rpmanipulate_stick24_cube5_gripper1_layer6_layer7,planned,finallocstick28,,True,20693.72
332,MoveToLL,MoveToLL_StackOnTwoML_stick28_robot1_finallocstick28_rpmanipulate_stick24_cube5_gripper1_layer6_layer7,movej,rpmanipulate,,True,13560.42
333,MoveToLL,MoveToLL_TravelML_robot1_rpmanipulate_rppickup_dup31,movej,rppickup,,True,11331.04
334,MoveToLL,MoveToLL_PickUpML_stick30_initlocstick30_robot1_gripper1_rppickup,movel,initlocstick30,,True,6162.01
335,CloseGripperLL,CloseGripperLL_PickUpML_stick30_initlocstick30_robot1_gripper1_rppickup,close_gripper,,,True,1.13
336,MoveToLL,MoveToLL_PickUpML_stick30_initlocstick30_robot1_gripper1_rppickup,movel,rppickup,,True,5937.12
337,MoveToLL,MoveToLL_TravelML_robot1_rppickup_rpmanipulate_dup36,movej,rpmanipulate,,True,11311.17
338,MoveToLL,MoveToLL_StackOnTwoML_stick30_robot1_finallocstick30_rpmanipulate_stick25_stick26_gripper1_layer6_layer7,planned,finallocstick30,,True,15083.93
339,MoveToLL,MoveToLL_StackOnTwoML_stick30_robot1_finallocstick30_rpmanipulate_stick25_stick26_gripper1_layer6_layer7,movej,rpmanipulate,,True,7926.18
340,MoveToLL,MoveToLL_TravelML_robot1_rpmanipulate_rppickup_dup32,movej,rppickup,,True,10789.48
341,MoveToLL,MoveToLL_PickUpML_stick31_initlocstick31_robot1_gripper1_rppickup,movel,initlocstick31,,True,5237.78
342,CloseGripperLL,CloseGripperLL_PickUpML_stick31_initlocstick31_robot1_gripper1_rppickup,close_gripper,,,True,0.92
343,MoveToLL,MoveToLL_PickUpML_stick31_initlocstick31_robot1_gripper1_rppickup,movel,rppickup,,True,5941.58
344,MoveToLL,MoveToLL_TravelML_robot1_rppickup_rpmanipulate_dup37,movej,rpmanipulate,,True,10801.04
345,MoveToLL,MoveToLL_StackOnTwoML_stick31_robot1_finallocstick31_rpmanipulate_stick27_stick26_gripper1_layer6_layer7,planned,finallocstick31,,True,15838.17
346,MoveToLL,MoveToLL_StackOnTwoML_stick31_robot1_finallocstick31_rpmanipulate_stick27_stick26_gripper1_layer6_layer7,movej,rpmanipulate,,True,9340.25
347,MoveToLL,MoveToLL_TravelML_robot1_rpmanipulate_rppickup_dup33,movej,rppickup,,True,10817.85
348,MoveToLL,MoveToLL_PickUpML_stick32_initlocstick32_robot1_gripper1_rppickup,movel,initlocstick32,,True,5446.47
349,CloseGripperLL,CloseGripperLL_PickUpML_stick32_initlocstick32_robot1_gripper1_rppickup,close_gripper,,,True,12.39
350,MoveToLL,MoveToLL_PickUpML_stick32_initlocstick32_robot1_gripper1_rppickup,movel,rppickup,,True,5910.62
351,MoveToLL,MoveToLL_TravelML_robot1_rppickup_rpmanipulate_dup38,movej,rpmanipulate,,True,10739.93
352,MoveToLL,MoveToLL_StackOnTwoML_stick32_robot1_finallocstick32_rpmanipulate_cube6_stick27_gripper1_layer6_layer7,planned,finallocstick32,,True,16689.13
353,MoveToLL,MoveToLL_StackOnTwoML_stick32_robot1_finallocstick32_rpmanipulate_cube6_stick27_gripper1_layer6_layer7,movej,rpmanipulate,,True,10036.13
354,MoveToLL,MoveToLL_TravelML_robot1_rpmanipulate_rptoolchange_dup11,movej,rptoolchange,,True,8783.28
355,DeequipToolLL,DeequipToolLL_DeequipML_robot1_gripper1_equiplocgripper_rptoolchange_dup6,play_program,,,True,20627.55
356,EquipToolLL,EquipToolLL_EquipeML_robot1_staplergun1_rptoolchange_equiplocstapler_dup6,play_program,,,True,9864.02
357,MoveToLL,MoveToLL_TravelML_robot1_rptoolchange_rpmanipulate_dup6,movej,rpmanipulate,,True,8802.67
358,NailingLL,NailingLL_NailingML_stick28_stick24_robot1_staplergun1_rpmanipulate,planned,unknown,,True,21231.00
359,NailingLL,NailingLL_NailingML_stick32_stick27_robot1_staplergun1_rpmanipulate,planned,unknown,,True,14441.92
360,NailingLL,NailingLL_NailingML_stick28_cube5_robot1_staplergun1_rpmanipulate,planned,unknown,,True,13071.44
361,NailingLL,NailingLL_NailingML_stick29_stick24_robot1_staplergun1_rpmanipulate,planned,unknown,,True,12277.56
362,NailingLL,NailingLL_NailingML_stick31_stick27_robot1_staplergun1_rpmanipulate,planned,unknown,,True,10507.26
363,NailingLL,NailingLL_NailingML_stick32_cube6_robot1_staplergun1_rpmanipulate,planned,unknown,,True,14617.21
364,NailingLL,NailingLL_NailingML_stick29_stick25_robot1_staplergun1_rpmanipulate,planned,unknown,,True,10545.83
365,NailingLL,NailingLL_NailingML_stick30_stick25_robot1_staplergun1_rpmanipulate,planned,unknown,,True,14535.35
366,NailingLL,NailingLL_NailingML_stick30_stick26_robot1_staplergun1_rpmanipulate,planned,unknown,,True,7521.32
367,NailingLL,NailingLL_NailingML_stick31_stick26_robot1_staplergun1_rpmanipulate,planned,unknown,,True,10507.72
368,MoveToLL,MoveToLL_TravelML_robot1_rpmanipulate_rptoolchange_dup12,movej,rptoolchange,,True,10203.03
369,DeequipToolLL,DeequipToolLL_DeequipML_robot1_staplergun1_equiplocstapler_rptoolchange_dup6,play_program,,,True,7220.61
370,EquipToolLL,EquipToolLL_EquipeML_robot1_gripper1_rptoolchange_equiplocgripper_dup6,play_program,,,True,20693.67
371,MoveToLL,MoveToLL_TravelML_robot1_rptoolchange_rppickup_dup6,movej,rppickup,,True,11581.97
372,MoveToLL,MoveToLL_PickUpML_stick33_initlocstick33_robot1_gripper1_rppickup,movel,initlocstick33,,True,5390.40
373,CloseGripperLL,CloseGripperLL_PickUpML_stick33_initlocstick33_robot1_gripper1_rppickup,close_gripper,,,True,25.32
374,MoveToLL,MoveToLL_PickUpML_stick33_initlocstick33_robot1_gripper1_rppickup,movel,rppickup,,True,5822.34
375,MoveToLL,MoveToLL_TravelML_robot1_rppickup_rpmanipulate_dup39,movej,rpmanipulate,,True,10839.44
376,MoveToLL,MoveToLL_StackOnTwoML_stick33_robot1_finallocstick33_rpmanipulate_stick29_stick28_gripper1_layer7_layer8,planned,finallocstick33,,True,19880.17
377,MoveToLL,MoveToLL_StackOnTwoML_stick33_robot1_finallocstick33_rpmanipulate_stick29_stick28_gripper1_layer7_layer8,movej,rpmanipulate,,True,12121.57
378,MoveToLL,MoveToLL_TravelML_robot1_rpmanipulate_rppickup_dup34,movej,rppickup,,True,10737.01
379,MoveToLL,MoveToLL_PickUpML_cube8_initloccube8_robot1_gripper1_rppickup,movel,initloccube8,,True,6137.39
380,CloseGripperLL,CloseGripperLL_PickUpML_cube8_initloccube8_robot1_gripper1_rppickup,close_gripper,,,True,25.96
381,MoveToLL,MoveToLL_PickUpML_cube8_initloccube8_robot1_gripper1_rppickup,movel,rppickup,,True,5922.77
382,MoveToLL,MoveToLL_TravelML_robot1_rppickup_rpmanipulate_dup40,movej,rpmanipulate,,True,10840.11
383,MoveToLL,MoveToLL_StackML_cube8_stick32_robot1_gripper1_finloccube8_rpmanipulate,planned,finloccube8,,True,15965.70
384,MoveToLL,MoveToLL_StackML_cube8_stick32_robot1_gripper1_finloccube8_rpmanipulate,movej,rpmanipulate,,True,9343.94
385,MoveToLL,MoveToLL_TravelML_robot1_rpmanipulate_rppickup_dup35,movej,rppickup,,True,10838.69
386,MoveToLL,MoveToLL_PickUpML_cube7_initloccube7_robot1_gripper1_rppickup,movel,initloccube7,,True,5249.78
387,CloseGripperLL,CloseGripperLL_PickUpML_cube7_initloccube7_robot1_gripper1_rppickup,close_gripper,,,True,26.80
388,MoveToLL,MoveToLL_PickUpML_cube7_initloccube7_robot1_gripper1_rppickup,movel,rppickup,,True,5194.66
389,MoveToLL,MoveToLL_TravelML_robot1_rppickup_rpmanipulate_dup41,movej,rpmanipulate,,True,10933.56
390,MoveToLL,MoveToLL_StackML_cube7_stick28_robot1_gripper1_finloccube7_rpmanipulate,planned,finloccube7,,True,16682.01
391,MoveToLL,MoveToLL_StackML_cube7_stick28_robot1_gripper1_finloccube7_rpmanipulate,movej,rpmanipulate,,True,10047.84
392,MoveToLL,MoveToLL_TravelML_robot1_rpmanipulate_rppickup_dup36,movej,rppickup,,True,11277.01
393,MoveToLL,MoveToLL_PickUpML_stick34_initlocstick34_robot1_gripper1_rppickup,movel,initlocstick34,,True,6250.80
394,CloseGripperLL,CloseGripperLL_PickUpML_stick34_initlocstick34_robot1_gripper1_rppickup,close_gripper,,,True,0.94
395,MoveToLL,MoveToLL_PickUpML_stick34_initlocstick34_robot1_gripper1_rppickup,movel,rppickup,,True,5949.76
396,MoveToLL,MoveToLL_TravelML_robot1_rppickup_rpmanipulate_dup42,movej,rpmanipulate,,True,11257.33
397,MoveToLL,MoveToLL_StackOnTwoML_stick34_robot1_finallocstick34_rpmanipulate_stick30_stick29_gripper1_layer7_layer8,planned,finallocstick34,,True,16671.25
398,MoveToLL,MoveToLL_StackOnTwoML_stick34_robot1_finallocstick34_rpmanipulate_stick30_stick29_gripper1_layer7_layer8,movej,rpmanipulate,,True,8624.70
399,MoveToLL,MoveToLL_TravelML_robot1_rpmanipulate_rppickup_dup37,movej,rppickup,,True,10776.67
400,MoveToLL,MoveToLL_PickUpML_stick35_initlocstick35_robot1_gripper1_rppickup,movel,initlocstick35,,True,6343.16
401,CloseGripperLL,CloseGripperLL_PickUpML_stick35_initlocstick35_robot1_gripper1_rppickup,close_gripper,,,True,13.10
402,MoveToLL,MoveToLL_PickUpML_stick35_initlocstick35_robot1_gripper1_rppickup,movel,rppickup,,True,5908.55
403,MoveToLL,MoveToLL_TravelML_robot1_rppickup_rpmanipulate_dup43,movej,rpmanipulate,,True,11310.01
404,MoveToLL,MoveToLL_StackOnTwoML_stick35_robot1_finallocstick35_rpmanipulate_stick30_stick31_gripper1_layer7_layer8,planned,finallocstick35,,True,16693.22
405,MoveToLL,MoveToLL_StackOnTwoML_stick35_robot1_finallocstick35_rpmanipulate_stick30_stick31_gripper1_layer7_layer8,movej,rpmanipulate,,True,11454.50
406,MoveToLL,MoveToLL_TravelML_robot1_rpmanipulate_rppickup_dup38,movej,rppickup,,True,10805.21
407,MoveToLL,MoveToLL_PickUpML_stick36_initlocstick36_robot1_gripper1_rppickup,movel,initlocstick36,,True,6149.48
408,CloseGripperLL,CloseGripperLL_PickUpML_stick36_initlocstick36_robot1_gripper1_rppickup,close_gripper,,,True,12.92
409,MoveToLL,MoveToLL_PickUpML_stick36_initlocstick36_robot1_gripper1_rppickup,movel,rppickup,,True,5905.91
410,MoveToLL,MoveToLL_TravelML_robot1_rppickup_rpmanipulate_dup44,movej,rpmanipulate,,True,10747.42
411,MoveToLL,MoveToLL_StackOnTwoML_stick36_robot1_finallocstick36_rpmanipulate_stick32_stick31_gripper1_layer7_layer8,planned,finallocstick36,,True,16706.61
412,MoveToLL,MoveToLL_StackOnTwoML_stick36_robot1_finallocstick36_rpmanipulate_stick32_stick31_gripper1_layer7_layer8,movej,rpmanipulate,,True,9328.29
413,MoveToLL,MoveToLL_TravelML_robot1_rpmanipulate_rptoolchange_dup13,movej,rptoolchange,,True,8724.58
414,DeequipToolLL,DeequipToolLL_DeequipML_robot1_gripper1_equiplocgripper_rptoolchange_dup7,play_program,,,True,20499.18
415,EquipToolLL,EquipToolLL_EquipeML_robot1_staplergun1_rptoolchange_equiplocstapler_dup7,play_program,,,True,9853.53
416,MoveToLL,MoveToLL_TravelML_robot1_rptoolchange_rpmanipulate_dup7,movej,rpmanipulate,,True,9760.79
417,NailingLL,NailingLL_NailingML_cube7_stick28_robot1_staplergun1_rpmanipulate,planned,unknown,,True,23628.24
418,NailingLL,NailingLL_NailingML_cube8_stick32_robot1_staplergun1_rpmanipulate,planned,unknown,,True,16914.09
419,NailingLL,NailingLL_NailingML_stick33_stick28_robot1_staplergun1_rpmanipulate,planned,unknown,,True,11292.99
420,NailingLL,NailingLL_NailingML_stick33_stick29_robot1_staplergun1_rpmanipulate,planned,unknown,,True,14551.21
421,NailingLL,NailingLL_NailingML_stick34_stick29_robot1_staplergun1_rpmanipulate,planned,unknown,,True,13627.30
422,NailingLL,NailingLL_NailingML_stick34_stick30_robot1_staplergun1_rpmanipulate,planned,unknown,,True,14442.22
423,NailingLL,NailingLL_NailingML_stick35_stick30_robot1_staplergun1_rpmanipulate,planned,unknown,,True,10440.07
424,NailingLL,NailingLL_NailingML_stick35_stick31_robot1_staplergun1_rpmanipulate,planned,unknown,,True,13781.35
425,NailingLL,NailingLL_NailingML_stick36_stick31_robot1_staplergun1_rpmanipulate,planned,unknown,,True,14506.23
426,NailingLL,NailingLL_NailingML_stick36_stick32_robot1_staplergun1_rpmanipulate,planned,unknown,,True,13758.08
427,MoveToLL,MoveToLL_TravelML_robot1_rpmanipulate_rptoolchange_dup14,movej,rptoolchange,,True,9860.21
428,DeequipToolLL,DeequipToolLL_DeequipML_robot1_staplergun1_equiplocstapler_rptoolchange_dup7,play_program,,,True,7323.20
429,EquipToolLL,EquipToolLL_EquipeML_robot1_gripper1_rptoolchange_equiplocgripper_dup7,play_program,,,True,20596.57
430,MoveToLL,MoveToLL_TravelML_robot1_rptoolchange_rppickup_dup7,movej,rppickup,,True,11765.98
431,MoveToLL,MoveToLL_PickUpML_stick38_initlocstick38_robot1_gripper1_rppickup,movel,initlocstick38,,True,6317.99
432,CloseGripperLL,CloseGripperLL_PickUpML_stick38_initlocstick38_robot1_gripper1_rppickup,close_gripper,,,True,12.84
433,MoveToLL,MoveToLL_PickUpML_stick38_initlocstick38_robot1_gripper1_rppickup,movel,rppickup,,True,5226.25
434,MoveToLL,MoveToLL_TravelML_robot1_rppickup_rpmanipulate_dup45,movej,rpmanipulate,,True,11216.47
435,MoveToLL,MoveToLL_StackOnTwoML_stick38_robot1_finallocstick38_rpmanipulate_stick33_stick34_gripper1_layer8_layer9,planned,finallocstick38,,True,17458.95
436,MoveToLL,MoveToLL_StackOnTwoML_stick38_robot1_finallocstick38_rpmanipulate_stick33_stick34_gripper1_layer8_layer9,movej,rpmanipulate,,True,9352.01
437,MoveToLL,MoveToLL_TravelML_robot1_rpmanipulate_rppickup_dup39,movej,rppickup,,True,10740.69
438,MoveToLL,MoveToLL_PickUpML_stick37_initlocstick37_robot1_gripper1_rppickup,movel,initlocstick37,,True,5476.26
439,CloseGripperLL,CloseGripperLL_PickUpML_stick37_initlocstick37_robot1_gripper1_rppickup,close_gripper,,,True,13.73
440,MoveToLL,MoveToLL_PickUpML_stick37_initlocstick37_robot1_gripper1_rppickup,movel,rppickup,,True,5911.24
441,MoveToLL,MoveToLL_TravelML_robot1_rppickup_rpmanipulate_dup46,movej,rpmanipulate,,True,11258.22
442,MoveToLL,MoveToLL_StackOnTwoML_stick37_robot1_finallocstick37_rpmanipulate_stick33_cube7_gripper1_layer8_layer9,planned,finallocstick37,,True,20628.87
443,MoveToLL,MoveToLL_StackOnTwoML_stick37_robot1_finallocstick37_rpmanipulate_stick33_cube7_gripper1_layer8_layer9,movej,rpmanipulate,,True,13566.34
444,MoveToLL,MoveToLL_TravelML_robot1_rpmanipulate_rppickup_dup40,movej,rppickup,,True,11277.18
445,MoveToLL,MoveToLL_PickUpML_stick39_initlocstick39_robot1_gripper1_rppickup,movel,initlocstick39,,True,5358.21
446,CloseGripperLL,CloseGripperLL_PickUpML_stick39_initlocstick39_robot1_gripper1_rppickup,close_gripper,,,True,0.93
447,MoveToLL,MoveToLL_PickUpML_stick39_initlocstick39_robot1_gripper1_rppickup,movel,rppickup,,True,5945.51
448,MoveToLL,MoveToLL_TravelML_robot1_rppickup_rpmanipulate_dup47,movej,rpmanipulate,,True,10749.02
449,MoveToLL,MoveToLL_StackOnTwoML_stick39_robot1_finallocstick39_rpmanipulate_stick34_stick35_gripper1_layer8_layer9,planned,finallocstick39,,True,16694.54
450,MoveToLL,MoveToLL_StackOnTwoML_stick39_robot1_finallocstick39_rpmanipulate_stick34_stick35_gripper1_layer8_layer9,movej,rpmanipulate,,True,7939.45
451,MoveToLL,MoveToLL_TravelML_robot1_rpmanipulate_rppickup_dup41,movej,rppickup,,True,11328.19
452,MoveToLL,MoveToLL_PickUpML_stick42_initlocstick42_robot1_gripper1_rppickup,movel,initlocstick42,,True,5161.14
453,CloseGripperLL,CloseGripperLL_PickUpML_stick42_initlocstick42_robot1_gripper1_rppickup,close_gripper,,,True,10.50
454,MoveToLL,MoveToLL_PickUpML_stick42_initlocstick42_robot1_gripper1_rppickup,movel,rppickup,,True,5147.71
455,MoveToLL,MoveToLL_TravelML_robot1_rppickup_rpmanipulate_dup48,movej,rpmanipulate,,True,11145.34
456,MoveToLL,MoveToLL_StackOnTwoML_stick42_robot1_finallocstick42_rpmanipulate_stick38_stick37_gripper1_layer9_layer10,planned,finallocstick42,,True,17412.65
457,MoveToLL,MoveToLL_StackOnTwoML_stick42_robot1_finallocstick42_rpmanipulate_stick38_stick37_gripper1_layer9_layer10,movej,rpmanipulate,,True,11400.15
458,MoveToLL,MoveToLL_TravelML_robot1_rpmanipulate_rppickup_dup42,movej,rppickup,,True,11003.46
459,MoveToLL,MoveToLL_PickUpML_stick41_initlocstick41_robot1_gripper1_rppickup,movel,initlocstick41,,True,5416.85
460,CloseGripperLL,CloseGripperLL_PickUpML_stick41_initlocstick41_robot1_gripper1_rppickup,close_gripper,,,True,1.15
461,MoveToLL,MoveToLL_PickUpML_stick41_initlocstick41_robot1_gripper1_rppickup,movel,rppickup,,True,5121.78
462,MoveToLL,MoveToLL_TravelML_robot1_rppickup_rpmanipulate_dup49,movej,rpmanipulate,,True,11131.93
463,MoveToLL,MoveToLL_StackOnTwoML_stick41_robot1_finallocstick41_rpmanipulate_cube8_stick36_gripper1_layer8_layer9,planned,finallocstick41,,True,16638.91
464,MoveToLL,MoveToLL_StackOnTwoML_stick41_robot1_finallocstick41_rpmanipulate_cube8_stick36_gripper1_layer8_layer9,movej,rpmanipulate,,True,9277.01
465,MoveToLL,MoveToLL_TravelML_robot1_rpmanipulate_rppickup_dup43,movej,rppickup,,True,11099.72
466,MoveToLL,MoveToLL_PickUpML_stick40_initlocstick40_robot1_gripper1_rppickup,movel,initlocstick40,,True,5393.03
467,CloseGripperLL,CloseGripperLL_PickUpML_stick40_initlocstick40_robot1_gripper1_rppickup,close_gripper,,,True,1.15
468,MoveToLL,MoveToLL_PickUpML_stick40_initlocstick40_robot1_gripper1_rppickup,movel,rppickup,,True,5131.59
469,MoveToLL,MoveToLL_TravelML_robot1_rppickup_rpmanipulate_dup50,movej,rpmanipulate,,True,11143.26
470,MoveToLL,MoveToLL_StackOnTwoML_stick40_robot1_finallocstick40_rpmanipulate_stick36_stick35_gripper1_layer8_layer9,planned,finallocstick40,,True,15902.27
471,MoveToLL,MoveToLL_StackOnTwoML_stick40_robot1_finallocstick40_rpmanipulate_stick36_stick35_gripper1_layer8_layer9,movej,rpmanipulate,,True,9353.22
472,MoveToLL,MoveToLL_TravelML_robot1_rpmanipulate_rppickup_dup44,movej,rppickup,,True,11297.86
473,MoveToLL,MoveToLL_PickUpML_stick44_initlocstick44_robot1_gripper1_rppickup,movel,initlocstick44,,True,6124.12
474,CloseGripperLL,CloseGripperLL_PickUpML_stick44_initlocstick44_robot1_gripper1_rppickup,close_gripper,,,True,11.74
475,MoveToLL,MoveToLL_PickUpML_stick44_initlocstick44_robot1_gripper1_rppickup,movel,rppickup,,True,5846.02
476,MoveToLL,MoveToLL_TravelML_robot1_rppickup_rpmanipulate_dup51,movej,rpmanipulate,,True,11204.13
477,MoveToLL,MoveToLL_StackOnTwoML_stick44_robot1_finallocstick44_rpmanipulate_stick39_stick40_gripper1_layer9_layer10,planned,finallocstick44,,True,16651.88
478,MoveToLL,MoveToLL_StackOnTwoML_stick44_robot1_finallocstick44_rpmanipulate_stick39_stick40_gripper1_layer9_layer10,movej,rpmanipulate,,True,11425.37
479,MoveToLL,MoveToLL_TravelML_robot1_rpmanipulate_rppickup_dup45,movej,rppickup,,True,10789.82
480,MoveToLL,MoveToLL_PickUpML_stick43_initlocstick43_robot1_gripper1_rppickup,movel,initlocstick43,,True,5337.86
481,CloseGripperLL,CloseGripperLL_PickUpML_stick43_initlocstick43_robot1_gripper1_rppickup,close_gripper,,,True,11.74
482,MoveToLL,MoveToLL_PickUpML_stick43_initlocstick43_robot1_gripper1_rppickup,movel,rppickup,,True,5898.51
483,MoveToLL,MoveToLL_TravelML_robot1_rppickup_rpmanipulate_dup52,movej,rpmanipulate,,True,11272.46
484,MoveToLL,MoveToLL_StackOnTwoML_stick43_robot1_finallocstick43_rpmanipulate_stick39_stick38_gripper1_layer9_layer10,planned,finallocstick43,,True,14241.07
485,MoveToLL,MoveToLL_StackOnTwoML_stick43_robot1_finallocstick43_rpmanipulate_stick39_stick38_gripper1_layer9_layer10,movej,rpmanipulate,,True,7908.62
486,MoveToLL,MoveToLL_TravelML_robot1_rpmanipulate_rppickup_dup46,movej,rppickup,,True,11293.32
487,MoveToLL,MoveToLL_PickUpML_cube10_initloccube10_robot1_gripper1_rppickup,movel,initloccube10,,True,5280.39
488,CloseGripperLL,CloseGripperLL_PickUpML_cube10_initloccube10_robot1_gripper1_rppickup,close_gripper,,,True,14.21
489,MoveToLL,MoveToLL_PickUpML_cube10_initloccube10_robot1_gripper1_rppickup,movel,rppickup,,True,5911.89
490,MoveToLL,MoveToLL_TravelML_robot1_rppickup_rpmanipulate_dup53,movej,rpmanipulate,,True,10737.71
491,MoveToLL,MoveToLL_StackML_cube10_stick41_robot1_gripper1_finloccube10_rpmanipulate,planned,finloccube10,,True,16010.76
492,MoveToLL,MoveToLL_StackML_cube10_stick41_robot1_gripper1_finloccube10_rpmanipulate,movej,rpmanipulate,,True,9335.60
493,MoveToLL,MoveToLL_TravelML_robot1_rpmanipulate_rppickup_dup47,movej,rppickup,,True,10838.88
494,MoveToLL,MoveToLL_PickUpML_cube9_initloccube9_robot1_gripper1_rppickup,movel,initloccube9,,True,6158.67
495,CloseGripperLL,CloseGripperLL_PickUpML_cube9_initloccube9_robot1_gripper1_rppickup,close_gripper,,,True,3.38
496,MoveToLL,MoveToLL_PickUpML_cube9_initloccube9_robot1_gripper1_rppickup,movel,rppickup,,True,5949.27
497,MoveToLL,MoveToLL_TravelML_robot1_rppickup_rpmanipulate_dup54,movej,rpmanipulate,,True,11273.85
498,MoveToLL,MoveToLL_StackML_cube9_stick37_robot1_gripper1_finloccube9_rpmanipulate,planned,finloccube9,,True,16694.37
499,MoveToLL,MoveToLL_StackML_cube9_stick37_robot1_gripper1_finloccube9_rpmanipulate,movej,rpmanipulate,,True,10055.40
500,MoveToLL,MoveToLL_TravelML_robot1_rpmanipulate_rppickup_dup48,movej,rppickup,,True,11261.73
501,MoveToLL,MoveToLL_PickUpML_stick45_initlocstick45_robot1_gripper1_rppickup,movel,initlocstick45,,True,5289.34
502,CloseGripperLL,CloseGripperLL_PickUpML_stick45_initlocstick45_robot1_gripper1_rppickup,close_gripper,,,True,10.26
503,MoveToLL,MoveToLL_PickUpML_stick45_initlocstick45_robot1_gripper1_rppickup,movel,rppickup,,True,5830.67
504,MoveToLL,MoveToLL_TravelML_robot1_rppickup_rpmanipulate_dup55,movej,rpmanipulate,,True,10750.85
505,MoveToLL,MoveToLL_StackOnTwoML_stick45_robot1_finallocstick45_rpmanipulate_stick41_stick40_gripper1_layer9_layer10,planned,finallocstick45,,True,16682.09
506,MoveToLL,MoveToLL_StackOnTwoML_stick45_robot1_finallocstick45_rpmanipulate_stick41_stick40_gripper1_layer9_layer10,movej,rpmanipulate,,True,9357.19
507,MoveToLL,MoveToLL_TravelML_robot1_rpmanipulate_rppickup_dup49,movej,rppickup,,True,10914.84
508,MoveToLL,MoveToLL_PickUpML_stick47_initlocstick47_robot1_gripper1_rppickup,movel,initlocstick47,,True,5278.31
509,CloseGripperLL,CloseGripperLL_PickUpML_stick47_initlocstick47_robot1_gripper1_rppickup,close_gripper,,,True,13.67
510,MoveToLL,MoveToLL_PickUpML_stick47_initlocstick47_robot1_gripper1_rppickup,movel,rppickup,,True,5917.35
511,MoveToLL,MoveToLL_TravelML_robot1_rppickup_rpmanipulate_dup56,movej,rpmanipulate,,True,10758.24
512,MoveToLL,MoveToLL_StackOnTwoML_stick47_robot1_finallocstick47_rpmanipulate_stick42_stick43_gripper1_layer10_layer11,planned,finallocstick47,,True,15090.32
513,MoveToLL,MoveToLL_StackOnTwoML_stick47_robot1_finallocstick47_rpmanipulate_stick42_stick43_gripper1_layer10_layer11,movej,rpmanipulate,,True,9312.82
514,MoveToLL,MoveToLL_TravelML_robot1_rpmanipulate_rppickup_dup50,movej,rppickup,,True,10735.91
515,MoveToLL,MoveToLL_PickUpML_stick46_initlocstick46_robot1_gripper1_rppickup,movel,initlocstick46,,True,5834.17
516,CloseGripperLL,CloseGripperLL_PickUpML_stick46_initlocstick46_robot1_gripper1_rppickup,close_gripper,,,True,0.88
517,MoveToLL,MoveToLL_PickUpML_stick46_initlocstick46_robot1_gripper1_rppickup,movel,rppickup,,True,5130.32
518,MoveToLL,MoveToLL_TravelML_robot1_rppickup_rpmanipulate_dup57,movej,rpmanipulate,,True,11331.22
519,MoveToLL,MoveToLL_StackOnTwoML_stick46_robot1_finallocstick46_rpmanipulate_stick42_cube9_gripper1_layer10_layer11,planned,finallocstick46,,True,19829.51
520,MoveToLL,MoveToLL_StackOnTwoML_stick46_robot1_finallocstick46_rpmanipulate_stick42_cube9_gripper1_layer10_layer11,movej,rpmanipulate,,True,12761.51
521,MoveToLL,MoveToLL_TravelML_robot1_rpmanipulate_rppickup_dup51,movej,rppickup,,True,11118.55
522,MoveToLL,MoveToLL_PickUpML_stick50_initlocstick50_robot1_gripper1_rppickup,movel,initlocstick50,,True,6144.89
523,CloseGripperLL,CloseGripperLL_PickUpML_stick50_initlocstick50_robot1_gripper1_rppickup,close_gripper,,,True,11.60
524,MoveToLL,MoveToLL_PickUpML_stick50_initlocstick50_robot1_gripper1_rppickup,movel,rppickup,,True,6372.15
525,MoveToLL,MoveToLL_TravelML_robot1_rppickup_rpmanipulate_dup58,movej,rpmanipulate,,True,11185.37
526,MoveToLL,MoveToLL_StackOnTwoML_stick50_robot1_finallocstick50_rpmanipulate_cube10_stick45_gripper1_layer10_layer11,planned,finallocstick50,,True,16630.97
527,MoveToLL,MoveToLL_StackOnTwoML_stick50_robot1_finallocstick50_rpmanipulate_cube10_stick45_gripper1_layer10_layer11,movej,rpmanipulate,,True,9322.73
528,MoveToLL,MoveToLL_TravelML_robot1_rpmanipulate_rppickup_dup52,movej,rppickup,,True,11276.26
529,MoveToLL,MoveToLL_PickUpML_stick49_initlocstick49_robot1_gripper1_rppickup,movel,initlocstick49,,True,6354.23
530,CloseGripperLL,CloseGripperLL_PickUpML_stick49_initlocstick49_robot1_gripper1_rppickup,close_gripper,,,True,15.47
531,MoveToLL,MoveToLL_PickUpML_stick49_initlocstick49_robot1_gripper1_rppickup,movel,rppickup,,True,5821.46
532,MoveToLL,MoveToLL_TravelML_robot1_rppickup_rpmanipulate_dup59,movej,rpmanipulate,,True,11163.38
533,MoveToLL,MoveToLL_StackOnTwoML_stick49_robot1_finallocstick49_rpmanipulate_stick45_stick44_gripper1_layer10_layer11,planned,finallocstick49,,True,15769.31
534,MoveToLL,MoveToLL_StackOnTwoML_stick49_robot1_finallocstick49_rpmanipulate_stick45_stick44_gripper1_layer10_layer11,movej,rpmanipulate,,True,9309.79
535,MoveToLL,MoveToLL_TravelML_robot1_rpmanipulate_rppickup_dup53,movej,rppickup,,True,11120.12
536,MoveToLL,MoveToLL_PickUpML_stick48_initlocstick48_robot1_gripper1_rppickup,movel,initlocstick48,,True,5328.41
537,CloseGripperLL,CloseGripperLL_PickUpML_stick48_initlocstick48_robot1_gripper1_rppickup,close_gripper,,,True,1.35
538,MoveToLL,MoveToLL_PickUpML_stick48_initlocstick48_robot1_gripper1_rppickup,movel,rppickup,,True,5824.33
539,MoveToLL,MoveToLL_TravelML_robot1_rppickup_rpmanipulate_dup60,movej,rpmanipulate,,True,11111.40
540,MoveToLL,MoveToLL_StackOnTwoML_stick48_robot1_finallocstick48_rpmanipulate_stick43_stick44_gripper1_layer10_layer11,planned,finallocstick48,,True,16527.31
541,MoveToLL,MoveToLL_StackOnTwoML_stick48_robot1_finallocstick48_rpmanipulate_stick43_stick44_gripper1_layer10_layer11,movej,rpmanipulate,,True,8550.93
542,MoveToLL,MoveToLL_TravelML_robot1_rpmanipulate_rppickup_dup54,movej,rppickup,,True,10882.55
543,MoveToLL,MoveToLL_PickUpML_cube12_initloccube12_robot1_gripper1_rppickup,movel,initloccube12,,True,5423.66
544,CloseGripperLL,CloseGripperLL_PickUpML_cube12_initloccube12_robot1_gripper1_rppickup,close_gripper,,,True,13.10
545,MoveToLL,MoveToLL_PickUpML_cube12_initloccube12_robot1_gripper1_rppickup,movel,rppickup,,True,6329.40
546,MoveToLL,MoveToLL_TravelML_robot1_rppickup_rpmanipulate_dup61,movej,rpmanipulate,,True,11066.86
547,MoveToLL,MoveToLL_StackML_cube12_stick50_robot1_gripper1_finloccube12_rpmanipulate,planned,finloccube12,,True,15848.47
548,MoveToLL,MoveToLL_StackML_cube12_stick50_robot1_gripper1_finloccube12_rpmanipulate,movej,rpmanipulate,,True,9307.97
549,MoveToLL,MoveToLL_TravelML_robot1_rpmanipulate_rppickup_dup55,movej,rppickup,,True,11270.44
550,MoveToLL,MoveToLL_PickUpML_stick54_initlocstick54_robot1_gripper1_rppickup,movel,initlocstick54,,True,5380.91
551,CloseGripperLL,CloseGripperLL_PickUpML_stick54_initlocstick54_robot1_gripper1_rppickup,close_gripper,,,True,1.04
552,MoveToLL,MoveToLL_PickUpML_stick54_initlocstick54_robot1_gripper1_rppickup,movel,rppickup,,True,5850.81
553,MoveToLL,MoveToLL_TravelML_robot1_rppickup_rpmanipulate_dup62,movej,rpmanipulate,,True,11160.36
554,MoveToLL,MoveToLL_StackOnTwoML_stick54_robot1_finallocstick54_rpmanipulate_stick50_stick49_gripper1_layer11_layer12,planned,finallocstick54,,True,16476.61
555,MoveToLL,MoveToLL_StackOnTwoML_stick54_robot1_finallocstick54_rpmanipulate_stick50_stick49_gripper1_layer11_layer12,movej,rpmanipulate,,True,9294.69
556,MoveToLL,MoveToLL_TravelML_robot1_rpmanipulate_rppickup_dup56,movej,rppickup,,True,11185.18
557,MoveToLL,MoveToLL_PickUpML_stick51_initlocstick51_robot1_gripper1_rppickup,movel,initlocstick51,,True,5439.41
558,CloseGripperLL,CloseGripperLL_PickUpML_stick51_initlocstick51_robot1_gripper1_rppickup,close_gripper,,,True,24.12
559,MoveToLL,MoveToLL_PickUpML_stick51_initlocstick51_robot1_gripper1_rppickup,movel,rppickup,,True,5830.29
560,MoveToLL,MoveToLL_TravelML_robot1_rppickup_rpmanipulate_dup63,movej,rpmanipulate,,True,11249.54
561,MoveToLL,MoveToLL_StackOnTwoML_stick51_robot1_finallocstick51_rpmanipulate_stick47_stick46_gripper1_layer11_layer12,planned,finallocstick51,,True,16592.91
562,MoveToLL,MoveToLL_StackOnTwoML_stick51_robot1_finallocstick51_rpmanipulate_stick47_stick46_gripper1_layer11_layer12,movej,rpmanipulate,,True,11439.56
563,MoveToLL,MoveToLL_TravelML_robot1_rpmanipulate_rppickup_dup57,movej,rppickup,,True,11311.16
564,MoveToLL,MoveToLL_PickUpML_cube11_initloccube11_robot1_gripper1_rppickup,movel,initloccube11,,True,5262.86
565,CloseGripperLL,CloseGripperLL_PickUpML_cube11_initloccube11_robot1_gripper1_rppickup,close_gripper,,,True,11.24
566,MoveToLL,MoveToLL_PickUpML_cube11_initloccube11_robot1_gripper1_rppickup,movel,rppickup,,True,5839.51
567,MoveToLL,MoveToLL_TravelML_robot1_rppickup_rpmanipulate_dup64,movej,rpmanipulate,,True,11337.23
568,MoveToLL,MoveToLL_StackML_cube11_stick46_robot1_gripper1_finloccube11_rpmanipulate,planned,finloccube11,,True,16457.12
569,MoveToLL,MoveToLL_StackML_cube11_stick46_robot1_gripper1_finloccube11_rpmanipulate,movej,rpmanipulate,,True,9299.99
570,MoveToLL,MoveToLL_TravelML_robot1_rpmanipulate_rppickup_dup58,movej,rppickup,,True,11093.94
571,MoveToLL,MoveToLL_PickUpML_stick52_initlocstick52_robot1_gripper1_rppickup,movel,initlocstick52,,True,6293.10
572,CloseGripperLL,CloseGripperLL_PickUpML_stick52_initlocstick52_robot1_gripper1_rppickup,close_gripper,,,True,1.06
573,MoveToLL,MoveToLL_PickUpML_stick52_initlocstick52_robot1_gripper1_rppickup,movel,rppickup,,True,5846.38
574,MoveToLL,MoveToLL_TravelML_robot1_rppickup_rpmanipulate_dup65,movej,rpmanipulate,,True,11157.07
575,MoveToLL,MoveToLL_StackOnTwoML_stick52_robot1_finallocstick52_rpmanipulate_stick48_stick47_gripper1_layer11_layer12,planned,finallocstick52,,True,14282.35
576,MoveToLL,MoveToLL_StackOnTwoML_stick52_robot1_finallocstick52_rpmanipulate_stick48_stick47_gripper1_layer11_layer12,movej,rpmanipulate,,True,7826.72
577,MoveToLL,MoveToLL_TravelML_robot1_rpmanipulate_rppickup_dup59,movej,rppickup,,True,11235.47
578,MoveToLL,MoveToLL_PickUpML_stick53_initlocstick53_robot1_gripper1_rppickup,movel,initlocstick53,,True,5365.50
579,CloseGripperLL,CloseGripperLL_PickUpML_stick53_initlocstick53_robot1_gripper1_rppickup,close_gripper,,,True,12.21
580,MoveToLL,MoveToLL_PickUpML_stick53_initlocstick53_robot1_gripper1_rppickup,movel,rppickup,,True,5849.12
581,MoveToLL,MoveToLL_TravelML_robot1_rppickup_rpmanipulate_dup66,movej,rpmanipulate,,True,11263.29
582,MoveToLL,MoveToLL_StackOnTwoML_stick53_robot1_finallocstick53_rpmanipulate_stick48_stick49_gripper1_layer11_layer12,planned,finallocstick53,,True,16573.11
583,MoveToLL,MoveToLL_StackOnTwoML_stick53_robot1_finallocstick53_rpmanipulate_stick48_stick49_gripper1_layer11_layer12,movej,rpmanipulate,,True,10660.39
584,MoveToLL,MoveToLL_TravelML_robot1_rpmanipulate_rptoolchange_dup15,movej,rptoolchange,,True,9033.16
585,DeequipToolLL,DeequipToolLL_DeequipML_robot1_gripper1_equiplocgripper_rptoolchange_dup8,play_program,,,True,20563.74
586,EquipToolLL,EquipToolLL_EquipeML_robot1_staplergun1_rptoolchange_equiplocstapler_dup8,play_program,,,True,10406.61
587,MoveToLL,MoveToLL_TravelML_robot1_rptoolchange_rpmanipulate_dup8,movej,rpmanipulate,,True,9659.59
588,NailingLL,NailingLL_NailingML_stick54_stick50_robot1_staplergun1_rpmanipulate,planned,unknown,,True,23492.92
589,MoveToLL,MoveToLL_TravelML_robot1_rpmanipulate_rptoolchange_dup16,movej,rptoolchange,,True,10564.54
590,DeequipToolLL,DeequipToolLL_DeequipML_robot1_staplergun1_equiplocstapler_rptoolchange_dup8,play_program,,,True,7271.96
591,EquipToolLL,EquipToolLL_EquipeML_robot1_gripper1_rptoolchange_equiplocgripper_dup8,play_program,,,True,20760.96
592,MoveToLL,MoveToLL_TravelML_robot1_rptoolchange_rppickup_dup8,movej,rppickup,,True,11891.74
593,MoveToLL,MoveToLL_PickUpML_stick56_initlocstick56_robot1_gripper1_rppickup,movel,initlocstick56,,True,5353.18
594,CloseGripperLL,CloseGripperLL_PickUpML_stick56_initlocstick56_robot1_gripper1_rppickup,close_gripper,,,True,12.88
595,MoveToLL,MoveToLL_PickUpML_stick56_initlocstick56_robot1_gripper1_rppickup,movel,rppickup,,True,5895.47
596,MoveToLL,MoveToLL_TravelML_robot1_rppickup_rpmanipulate_dup67,movej,rpmanipulate,,True,11288.21
597,MoveToLL,MoveToLL_StackOnTwoML_stick56_robot1_finallocstick56_rpmanipulate_stick51_stick52_gripper1_layer12_layer13,planned,finallocstick56,,True,17479.91
598,MoveToLL,MoveToLL_StackOnTwoML_stick56_robot1_finallocstick56_rpmanipulate_stick51_stick52_gripper1_layer12_layer13,movej,rpmanipulate,,True,8621.70
599,MoveToLL,MoveToLL_TravelML_robot1_rpmanipulate_rppickup_dup60,movej,rppickup,,True,11195.77
600,MoveToLL,MoveToLL_PickUpML_stick55_initlocstick55_robot1_gripper1_rppickup,movel,initlocstick55,,True,5164.04
601,CloseGripperLL,CloseGripperLL_PickUpML_stick55_initlocstick55_robot1_gripper1_rppickup,close_gripper,,,True,24.98
602,MoveToLL,MoveToLL_PickUpML_stick55_initlocstick55_robot1_gripper1_rppickup,movel,rppickup,,True,5131.78
603,MoveToLL,MoveToLL_TravelML_robot1_rppickup_rpmanipulate_dup68,movej,rpmanipulate,,True,10891.25
604,MoveToLL,MoveToLL_StackOnTwoML_stick55_robot1_finallocstick55_rpmanipulate_stick51_cube11_gripper1_layer12_layer13,planned,finallocstick55,,True,19912.62
605,MoveToLL,MoveToLL_StackOnTwoML_stick55_robot1_finallocstick55_rpmanipulate_stick51_cube11_gripper1_layer12_layer13,movej,rpmanipulate,,True,13519.13
606,MoveToLL,MoveToLL_TravelML_robot1_rpmanipulate_rppickup_dup61,movej,rppickup,,True,11166.65
607,MoveToLL,MoveToLL_PickUpML_stick57_initlocstick57_robot1_gripper1_rppickup,movel,initlocstick57,,True,5167.79
608,CloseGripperLL,CloseGripperLL_PickUpML_stick57_initlocstick57_robot1_gripper1_rppickup,close_gripper,,,True,1.21
609,MoveToLL,MoveToLL_PickUpML_stick57_initlocstick57_robot1_gripper1_rppickup,movel,rppickup,,True,5137.13
610,MoveToLL,MoveToLL_TravelML_robot1_rppickup_rpmanipulate_dup69,movej,rpmanipulate,,True,11112.35
611,MoveToLL,MoveToLL_StackOnTwoML_stick57_robot1_finallocstick57_rpmanipulate_stick52_stick53_gripper1_layer12_layer13,planned,finallocstick57,,True,14142.42
612,MoveToLL,MoveToLL_StackOnTwoML_stick57_robot1_finallocstick57_rpmanipulate_stick52_stick53_gripper1_layer12_layer13,movej,rpmanipulate,,True,8466.71
613,MoveToLL,MoveToLL_TravelML_robot1_rpmanipulate_rppickup_dup62,movej,rppickup,,True,11091.41
614,MoveToLL,MoveToLL_PickUpML_stick60_initlocstick60_robot1_gripper1_rppickup,movel,initlocstick60,,True,5363.48
615,CloseGripperLL,CloseGripperLL_PickUpML_stick60_initlocstick60_robot1_gripper1_rppickup,close_gripper,,,True,13.98
616,MoveToLL,MoveToLL_PickUpML_stick60_initlocstick60_robot1_gripper1_rppickup,movel,rppickup,,True,5924.31
617,MoveToLL,MoveToLL_TravelML_robot1_rppickup_rpmanipulate_dup70,movej,rpmanipulate,,True,10758.56
618,MoveToLL,MoveToLL_StackOnTwoML_stick60_robot1_finallocstick60_rpmanipulate_stick56_stick55_gripper1_layer13_layer14,planned,finallocstick60,,True,16662.14
619,MoveToLL,MoveToLL_StackOnTwoML_stick60_robot1_finallocstick60_rpmanipulate_stick56_stick55_gripper1_layer13_layer14,movej,rpmanipulate,,True,11302.66
620,MoveToLL,MoveToLL_TravelML_robot1_rpmanipulate_rppickup_dup63,movej,rppickup,,True,10842.06
621,MoveToLL,MoveToLL_PickUpML_stick58_initlocstick58_robot1_gripper1_rppickup,movel,initlocstick58,,True,5176.41
622,CloseGripperLL,CloseGripperLL_PickUpML_stick58_initlocstick58_robot1_gripper1_rppickup,close_gripper,,,True,1.07
623,MoveToLL,MoveToLL_PickUpML_stick58_initlocstick58_robot1_gripper1_rppickup,movel,rppickup,,True,5949.67
624,MoveToLL,MoveToLL_TravelML_robot1_rppickup_rpmanipulate_dup71,movej,rpmanipulate,,True,10853.54
625,MoveToLL,MoveToLL_StackOnTwoML_stick58_robot1_finallocstick58_rpmanipulate_stick54_stick53_gripper1_layer12_layer13,planned,finallocstick58,,True,15806.28
626,MoveToLL,MoveToLL_StackOnTwoML_stick58_robot1_finallocstick58_rpmanipulate_stick54_stick53_gripper1_layer12_layer13,movej,rpmanipulate,,True,9289.28
