Run1_Counter,Run1_Timestamp,Run1_ActionName,Run1_InstanceName,Run1_Result,Run1_ElapsedMs,,Run2_Counter,Run2_Timestamp,Run2_ActionName,Run2_InstanceName,Run2_Result,Run2_ElapsedMs
0001,16:53:04.815,TravelML,TravelML_r1_pr2_ep1,SUCCESS,1,,0001,15:17:06.542,TravelML,TravelML_r1_pr2_ep1,SUCCESS,1
0002,16:53:05.941,EquipeML,EquipeML_r1_vg1_ep1,SUCCESS,1127,,0002,15:17:06.693,EquipeML,EquipeML_r1_vg1_ep1,SUCCESS,152
0003,16:53:07.429,InitializeML,InitializeML_r1_vg1,SUCCESS,2615,,0003,15:17:06.820,TravelML,TravelML_r1_ep1_fp1,SUCCESS,279
0004,16:53:08.927,TravelML,TravelML_r1_ep1_fp1,SUCCESS,4113,,0004,15:17:06.940,InitializeML,InitializeML_r1_vg1,SUCCESS,400
0005,16:53:10.273,PickUpML,PickUpML_lp1_fp1_r1_vg1,SUCCESS,5459,,0005,15:17:07.134,PickUpML,PickUpML_lp1_fp1_r1_vg1,SUCCESS,593
0006,16:53:24.462,TravelML,TravelML_r1_fp1_pr1,SUCCESS,19648,,0006,15:17:11.670,TravelML,TravelML_r1_fp1_pr1,SUCCESS,5130
0007,16:53:25.760,PlaceML,PlaceML_lp1_pr1_r1_vg1,SUCCESS,20946,,0007,15:17:11.781,PlaceML,PlaceML_lp1_pr1_r1_vg1,SUCCESS,5241
0008,16:53:39.583,TravelML,TravelML_r1_pr1_fp9,SUCCESS,34769,,0008,15:17:16.206,TravelML,TravelML_r1_pr1_fp9,SUCCESS,9665
0009,16:53:41.053,PickUpML,PickUpML_lp2_fp9_r1_vg1,SUCCESS,36239,,0009,15:17:16.324,PickUpML,PickUpML_lp2_fp9_r1_vg1,SUCCESS,9783
0010,16:53:56.005,TravelML,TravelML_r1_fp9_pr2,SUCCESS,51191,,0010,15:17:21.246,TravelML,TravelML_r1_fp9_pr2,SUCCESS,14705
0011,16:53:57.422,PlaceML,PlaceML_lp2_pr2_r1_vg1,SUCCESS,52608,,0011,15:17:21.370,PlaceML,PlaceML_lp2_pr2_r1_vg1,SUCCESS,14829
0012,16:54:13.100,TravelML,TravelML_r1_pr2_fp17,SUCCESS,68286,,0012,15:17:25.372,TravelML,TravelML_r1_pr2_fp17,SUCCESS,18831
0013,16:54:14.339,PickUpML,PickUpML_lp3_fp17_r1_vg1,SUCCESS,69525,,0013,15:17:25.611,PickUpML,PickUpML_lp3_fp17_r1_vg1,SUCCESS,19070
0014,16:54:29.644,TravelML,TravelML_r1_fp17_pr3,SUCCESS,84830,,0014,15:17:29.531,TravelML,TravelML_r1_fp17_pr3,SUCCESS,22990
0015,16:54:30.738,PlaceML,PlaceML_lp3_pr3_r1_vg1,SUCCESS,85924,,0015,15:17:29.824,PlaceML,PlaceML_lp3_pr3_r1_vg1,SUCCESS,23283
0016,16:54:44.643,TravelML,TravelML_r1_pr3_fp25,SUCCESS,99829,,0016,15:17:34.120,TravelML,TravelML_r1_pr3_fp25,SUCCESS,27579
0017,16:54:45.788,PickUpML,PickUpML_lp4_fp25_r1_vg1,SUCCESS,100974,,0017,15:17:34.245,PickUpML,PickUpML_lp4_fp25_r1_vg1,SUCCESS,27704
0018,16:54:59.900,TravelML,TravelML_r1_fp25_pr4,SUCCESS,115086,,0018,15:17:38.585,TravelML,TravelML_r1_fp25_pr4,SUCCESS,32045
0019,16:55:01.063,PlaceML,PlaceML_lp4_pr4_r1_vg1,SUCCESS,116249,,0019,15:17:38.719,PlaceML,PlaceML_lp4_pr4_r1_vg1,SUCCESS,32178
0020,16:55:14.147,TravelML,TravelML_r1_pr4_ep1,SUCCESS,129333,,0020,15:17:43.069,CloseToolML,CloseToolML_r1_vg1,SUCCESS,36528
0021,16:55:15.228,CloseToolML,CloseToolML_r1_vg1,SUCCESS,130414,,0021,15:17:43.192,TravelML,TravelML_r1_pr4_ep1,SUCCESS,36651
0022,16:55:16.471,DeequipML,DeequipML_r1_vg1_ep1,SUCCESS,131657,,0022,15:17:43.399,DeequipML,DeequipML_r1_vg1_ep1,SUCCESS,36858
0023,16:55:17.567,TravelML,TravelML_r1_ep1_ep2,SUCCESS,132753,,0023,15:17:43.524,TravelML,TravelML_r1_ep1_ep2,SUCCESS,36984
0024,16:55:18.645,EquipeML,EquipeML_r1_gg1_ep2,SUCCESS,133831,,0024,15:17:43.774,EquipeML,EquipeML_r1_gg1_ep2,SUCCESS,37233
0025,16:55:19.649,TravelML,TravelML_r1_ep2_pr1,SUCCESS,134835,,0025,15:17:43.905,TravelML,TravelML_r1_ep2_pr1,SUCCESS,37364
0026,16:55:20.653,InitializeML,InitializeML_r1_gg1,SUCCESS,135839,,0026,15:17:44.176,InitializeML,InitializeML_r1_gg1,SUCCESS,37635
0027,16:55:21.692,GluingML,GluingML_lp1_pr1_r1_gg1,SUCCESS,136878,,0027,15:17:44.347,GluingML,GluingML_lp1_pr1_r1_gg1,SUCCESS,37806
0028,16:55:35.259,TravelML,TravelML_r1_pr1_pr2,SUCCESS,150445,,0028,15:17:48.292,TravelML,TravelML_r1_pr1_pr2,SUCCESS,41751
0029,16:55:36.436,GluingML,GluingML_lp2_pr2_r1_gg1,SUCCESS,151622,,0029,15:17:48.546,GluingML,GluingML_lp2_pr2_r1_gg1,SUCCESS,42006
0030,16:55:50.140,TravelML,TravelML_r1_pr2_pr3,SUCCESS,165326,,0030,15:17:52.501,TravelML,TravelML_r1_pr2_pr3,SUCCESS,45960
0031,16:55:51.131,GluingML,GluingML_lp3_pr3_r1_gg1,SUCCESS,166317,,0031,15:17:52.706,GluingML,GluingML_lp3_pr3_r1_gg1,SUCCESS,46166
0032,16:56:04.820,TravelML,TravelML_r1_pr3_pr4,SUCCESS,180006,,0032,15:17:56.410,TravelML,TravelML_r1_pr3_pr4,SUCCESS,49869
0033,16:56:05.882,GluingML,GluingML_lp4_pr4_r1_gg1,SUCCESS,181068,,0033,15:17:56.657,GluingML,GluingML_lp4_pr4_r1_gg1,SUCCESS,50116
0034,16:56:20.049,TravelML,TravelML_r1_pr4_ep2,SUCCESS,195235,,0034,15:18:00.746,TravelML,TravelML_r1_pr4_ep2,SUCCESS,54206
0035,16:56:21.232,CloseToolML,CloseToolML_r1_gg1,SUCCESS,196418,,0035,15:18:00.879,CloseToolML,CloseToolML_r1_gg1,SUCCESS,54338
0036,16:56:22.278,DeequipML,DeequipML_r1_gg1_ep2,SUCCESS,197464,,0036,15:18:01.034,DeequipML,DeequipML_r1_gg1_ep2,SUCCESS,54493
0037,16:56:23.487,TravelML,TravelML_r1_ep2_ep1,SUCCESS,198673,,0037,15:18:01.162,TravelML,TravelML_r1_ep2_ep1,SUCCESS,54622
0038,16:56:24.428,EquipeML,EquipeML_r1_vg1_ep1,SUCCESS,199614,,0038,15:18:01.417,EquipeML,EquipeML_r1_vg1_ep1,SUCCESS,54876
0039,16:56:25.525,InitializeML,InitializeML_r1_vg1,SUCCESS,200711,,0039,15:18:01.545,TravelML,TravelML_r1_ep1_fp4,SUCCESS,55004
0040,16:56:26.664,TravelML,TravelML_r1_ep1_fp4,SUCCESS,201850,,0040,15:18:01.814,InitializeML,InitializeML_r1_vg1,SUCCESS,55274
0041,16:56:27.681,PickUpML,PickUpML_b3_fp4_r1_vg1,SUCCESS,202867,,0041,15:18:01.943,PickUpML,PickUpML_b3_fp4_r1_vg1,SUCCESS,55403
0042,16:56:40.345,TravelML,TravelML_r1_fp4_pr1,SUCCESS,215531,,0042,15:18:06.019,TravelML,TravelML_r1_fp4_pr1,SUCCESS,59478
0043,16:56:41.499,StackML,StackML_b3_lp1_r1_vg1_pr1,SUCCESS,216685,,0043,15:18:06.159,StackML,StackML_b3_lp1_r1_vg1_pr1,SUCCESS,59618
0044,16:56:54.636,TravelML,TravelML_r1_pr1_fp12,SUCCESS,229822,,0044,15:18:09.878,TravelML,TravelML_r1_pr1_fp6,SUCCESS,63337
0045,16:56:55.724,PickUpML,PickUpML_b9_fp12_r1_vg1,SUCCESS,230910,,0045,15:18:10.008,PickUpML,PickUpML_b4_fp6_r1_vg1,SUCCESS,63467
0046,16:57:09.375,TravelML,TravelML_r1_fp12_pr2,SUCCESS,244561,,0046,15:18:13.952,TravelML,TravelML_r1_fp6_pr1,SUCCESS,67412
0047,16:57:10.759,StackML,StackML_b9_lp2_r1_vg1_pr2,SUCCESS,245945,,0047,15:18:14.089,StackML,StackML_b4_lp1_r1_vg1_pr1,SUCCESS,67548
0048,16:57:24.139,TravelML,TravelML_r1_pr2_fp20,SUCCESS,259325,,0048,15:18:18.181,TravelML,TravelML_r1_pr1_fp8,SUCCESS,71641
0049,16:57:25.188,PickUpML,PickUpML_b15_fp20_r1_vg1,SUCCESS,260374,,0049,15:18:18.373,PickUpML,PickUpML_b6_fp8_r1_vg1,SUCCESS,71832
0050,16:57:38.634,TravelML,TravelML_r1_fp20_pr3,SUCCESS,273820,,0050,15:18:22.532,TravelML,TravelML_r1_fp8_pr1,SUCCESS,75991
0051,16:57:39.593,StackML,StackML_b15_lp3_r1_vg1_pr3,SUCCESS,274779,,0051,15:18:22.829,StackML,StackML_b6_lp1_r1_vg1_pr1,SUCCESS,76288
0052,16:57:53.640,TravelML,TravelML_r1_pr3_fp28,SUCCESS,288826,,0052,15:18:27.098,TravelML,TravelML_r1_pr1_fp7,SUCCESS,80557
0053,16:57:54.690,PickUpML,PickUpML_b21_fp28_r1_vg1,SUCCESS,289876,,0053,15:18:27.330,PickUpML,PickUpML_b5_fp7_r1_vg1,SUCCESS,80789
0054,16:58:07.644,TravelML,TravelML_r1_fp28_pr4,SUCCESS,302830,,0054,15:18:31.662,TravelML,TravelML_r1_fp7_pr1,SUCCESS,85121
0055,16:58:08.729,StackML,StackML_b21_lp4_r1_vg1_pr4,SUCCESS,303915,,0055,15:18:31.790,StackML,StackML_b5_lp1_r1_vg1_pr1,SUCCESS,85250
0056,16:58:23.097,TravelML,TravelML_r1_pr4_fp6,SUCCESS,318283,,0056,15:18:35.937,TravelML,TravelML_r1_pr1_fp2,SUCCESS,89396
0057,16:58:24.239,PickUpML,PickUpML_b4_fp6_r1_vg1,SUCCESS,319425,,0057,15:18:36.065,PickUpML,PickUpML_b1_fp2_r1_vg1,SUCCESS,89524
0058,16:58:37.395,TravelML,TravelML_r1_fp6_pr1,SUCCESS,332581,,0058,15:18:40.244,TravelML,TravelML_r1_fp2_pr1,SUCCESS,93703
0059,16:58:38.441,StackML,StackML_b4_lp1_r1_vg1_pr1,SUCCESS,333627,,0059,15:18:40.550,StackML,StackML_b1_lp1_r1_vg1_pr1,SUCCESS,94009
0060,16:58:52.397,TravelML,TravelML_r1_pr1_fp14,SUCCESS,347583,,0060,15:18:44.595,TravelML,TravelML_r1_pr1_fp3,SUCCESS,98054
0061,16:58:53.750,PickUpML,PickUpML_b10_fp14_r1_vg1,SUCCESS,348936,,0061,15:18:44.800,PickUpML,PickUpML_b2_fp3_r1_vg1,SUCCESS,98259
0062,16:59:07.244,TravelML,TravelML_r1_fp14_pr2,SUCCESS,362430,,0062,15:18:49.712,TravelML,TravelML_r1_fp3_pr1,SUCCESS,103171
0063,16:59:08.461,StackML,StackML_b10_lp2_r1_vg1_pr2,SUCCESS,363647,,0063,15:18:49.862,StackML,StackML_b2_lp1_r1_vg1_pr1,SUCCESS,103321
0064,16:59:21.129,TravelML,TravelML_r1_pr2_fp22,SUCCESS,376315,,0064,15:18:53.992,TravelML,TravelML_r1_pr1_fp12,SUCCESS,107451
0065,16:59:22.384,PickUpML,PickUpML_b16_fp22_r1_vg1,SUCCESS,377570,,0065,15:18:54.146,PickUpML,PickUpML_b9_fp12_r1_vg1,SUCCESS,107605
0066,16:59:35.961,TravelML,TravelML_r1_fp22_pr3,SUCCESS,391147,,0066,15:18:58.445,TravelML,TravelML_r1_fp12_pr2,SUCCESS,111904
0067,16:59:37.006,StackML,StackML_b16_lp3_r1_vg1_pr3,SUCCESS,392192,,0067,15:18:58.641,StackML,StackML_b9_lp2_r1_vg1_pr2,SUCCESS,112100
0068,16:59:50.808,TravelML,TravelML_r1_pr3_fp30,SUCCESS,405994,,0068,15:19:03.016,TravelML,TravelML_r1_pr2_fp14,SUCCESS,116476
0069,16:59:51.812,PickUpML,PickUpML_b22_fp30_r1_vg1,SUCCESS,406998,,0069,15:19:03.153,PickUpML,PickUpML_b10_fp14_r1_vg1,SUCCESS,116613
0070,17:00:05.553,TravelML,TravelML_r1_fp30_pr4,SUCCESS,420739,,0070,15:19:07.270,TravelML,TravelML_r1_fp14_pr2,SUCCESS,120729
0071,17:00:06.587,StackML,StackML_b22_lp4_r1_vg1_pr4,SUCCESS,421773,,0071,15:19:07.397,StackML,StackML_b10_lp2_r1_vg1_pr2,SUCCESS,120856
0072,17:00:20.547,TravelML,TravelML_r1_pr4_fp8,SUCCESS,435733,,0072,15:19:11.800,TravelML,TravelML_r1_pr2_fp16,SUCCESS,125259
0073,17:00:21.693,PickUpML,PickUpML_b6_fp8_r1_vg1,SUCCESS,436879,,0073,15:19:11.969,PickUpML,PickUpML_b12_fp16_r1_vg1,SUCCESS,125429
0074,17:00:34.818,TravelML,TravelML_r1_fp8_pr1,SUCCESS,450004,,0074,15:19:16.286,TravelML,TravelML_r1_fp16_pr2,SUCCESS,129746
0075,17:00:35.951,StackML,StackML_b6_lp1_r1_vg1_pr1,SUCCESS,451137,,0075,15:19:16.425,StackML,StackML_b12_lp2_r1_vg1_pr2,SUCCESS,129884
0076,17:00:49.563,TravelML,TravelML_r1_pr1_fp16,SUCCESS,464749,,0076,15:19:20.811,TravelML,TravelML_r1_pr2_fp15,SUCCESS,134270
0077,17:00:50.641,PickUpML,PickUpML_b12_fp16_r1_vg1,SUCCESS,465827,,0077,15:19:20.965,PickUpML,PickUpML_b11_fp15_r1_vg1,SUCCESS,134425
0078,17:01:05.427,TravelML,TravelML_r1_fp16_pr2,SUCCESS,480613,,0078,15:19:25.131,TravelML,TravelML_r1_fp15_pr2,SUCCESS,138590
0079,17:01:06.529,StackML,StackML_b12_lp2_r1_vg1_pr2,SUCCESS,481715,,0079,15:19:25.261,StackML,StackML_b11_lp2_r1_vg1_pr2,SUCCESS,138720
0080,17:01:18.911,TravelML,TravelML_r1_pr2_fp24,SUCCESS,494097,,0080,15:19:29.531,TravelML,TravelML_r1_pr2_fp10,SUCCESS,142990
0081,17:01:20.060,PickUpML,PickUpML_b18_fp24_r1_vg1,SUCCESS,495246,,0081,15:19:29.844,PickUpML,PickUpML_b7_fp10_r1_vg1,SUCCESS,143303
0082,17:01:33.464,TravelML,TravelML_r1_fp24_pr3,SUCCESS,508650,,0082,15:19:33.991,TravelML,TravelML_r1_fp10_pr2,SUCCESS,147450
0083,17:01:34.677,StackML,StackML_b18_lp3_r1_vg1_pr3,SUCCESS,509863,,0083,15:19:34.130,StackML,StackML_b7_lp2_r1_vg1_pr2,SUCCESS,147589
0084,17:01:49.595,TravelML,TravelML_r1_pr3_fp32,SUCCESS,524781,,0084,15:19:38.283,TravelML,TravelML_r1_pr2_fp11,SUCCESS,151743
0085,17:01:50.852,PickUpML,PickUpML_b24_fp32_r1_vg1,SUCCESS,526038,,0085,15:19:38.417,PickUpML,PickUpML_b8_fp11_r1_vg1,SUCCESS,151876
0086,17:02:04.553,TravelML,TravelML_r1_fp32_pr4,SUCCESS,539739,,0086,15:19:42.707,TravelML,TravelML_r1_fp11_pr2,SUCCESS,156166
0087,17:02:05.639,StackML,StackML_b24_lp4_r1_vg1_pr4,SUCCESS,540825,,0087,15:19:42.829,StackML,StackML_b8_lp2_r1_vg1_pr2,SUCCESS,156288
0088,17:02:19.174,TravelML,TravelML_r1_pr4_fp7,SUCCESS,554360,,0088,15:19:46.941,TravelML,TravelML_r1_pr2_fp20,SUCCESS,160400
0089,17:02:20.441,PickUpML,PickUpML_b5_fp7_r1_vg1,SUCCESS,555627,,0089,15:19:47.213,PickUpML,PickUpML_b15_fp20_r1_vg1,SUCCESS,160673
0090,17:02:33.896,TravelML,TravelML_r1_fp7_pr1,SUCCESS,569082,,0090,15:19:51.454,TravelML,TravelML_r1_fp20_pr3,SUCCESS,164913
0091,17:02:35.044,StackML,StackML_b5_lp1_r1_vg1_pr1,SUCCESS,570230,,0091,15:19:51.592,StackML,StackML_b15_lp3_r1_vg1_pr3,SUCCESS,165051
0092,17:02:49.216,TravelML,TravelML_r1_pr1_fp15,SUCCESS,584402,,0092,15:19:55.902,TravelML,TravelML_r1_pr3_fp22,SUCCESS,169361
0093,17:02:50.301,PickUpML,PickUpML_b11_fp15_r1_vg1,SUCCESS,585487,,0093,15:19:56.183,PickUpML,PickUpML_b16_fp22_r1_vg1,SUCCESS,169642
0094,17:03:03.111,TravelML,TravelML_r1_fp15_pr2,SUCCESS,598297,,0094,15:20:01.530,TravelML,TravelML_r1_fp22_pr3,SUCCESS,174989
0095,17:03:04.119,StackML,StackML_b11_lp2_r1_vg1_pr2,SUCCESS,599305,,0095,15:20:01.654,StackML,StackML_b16_lp3_r1_vg1_pr3,SUCCESS,175114
0096,17:03:18.020,TravelML,TravelML_r1_pr2_fp23,SUCCESS,613206,,0096,15:20:06.344,TravelML,TravelML_r1_pr3_fp24,SUCCESS,179803
0097,17:03:19.480,PickUpML,PickUpML_b17_fp23_r1_vg1,SUCCESS,614666,,0097,15:20:06.473,PickUpML,PickUpML_b18_fp24_r1_vg1,SUCCESS,179932
0098,17:03:32.188,TravelML,TravelML_r1_fp23_pr3,SUCCESS,627374,,0098,15:20:11.074,TravelML,TravelML_r1_fp24_pr3,SUCCESS,184533
0099,17:03:33.616,StackML,StackML_b17_lp3_r1_vg1_pr3,SUCCESS,628802,,0099,15:20:11.198,StackML,StackML_b18_lp3_r1_vg1_pr3,SUCCESS,184657
0100,17:03:49.287,TravelML,TravelML_r1_pr3_fp31,SUCCESS,644473,,0100,15:20:16.032,TravelML,TravelML_r1_pr3_fp23,SUCCESS,189491
0101,17:03:50.458,PickUpML,PickUpML_b23_fp31_r1_vg1,SUCCESS,645644,,0101,15:20:16.154,PickUpML,PickUpML_b17_fp23_r1_vg1,SUCCESS,189613
0102,17:04:05.465,TravelML,TravelML_r1_fp31_pr4,SUCCESS,660651,,0102,15:20:20.603,TravelML,TravelML_r1_fp23_pr3,SUCCESS,194062
0103,17:04:06.593,StackML,StackML_b23_lp4_r1_vg1_pr4,SUCCESS,661779,,0103,15:20:20.733,StackML,StackML_b17_lp3_r1_vg1_pr3,SUCCESS,194192
0104,17:04:20.772,TravelML,TravelML_r1_pr4_fp2,SUCCESS,675958,,0104,15:20:25.261,TravelML,TravelML_r1_pr3_fp18,SUCCESS,198720
0105,17:04:21.963,PickUpML,PickUpML_b1_fp2_r1_vg1,SUCCESS,677149,,0105,15:20:25.389,PickUpML,PickUpML_b13_fp18_r1_vg1,SUCCESS,198849
0106,17:04:35.279,TravelML,TravelML_r1_fp2_pr1,SUCCESS,690465,,0106,15:20:29.902,TravelML,TravelML_r1_fp18_pr3,SUCCESS,203361
0107,17:04:36.490,StackML,StackML_b1_lp1_r1_vg1_pr1,SUCCESS,691676,,0107,15:20:30.048,StackML,StackML_b13_lp3_r1_vg1_pr3,SUCCESS,203507
0108,17:04:50.773,TravelML,TravelML_r1_pr1_fp10,SUCCESS,705959,,0108,15:20:34.396,TravelML,TravelML_r1_pr3_fp19,SUCCESS,207856
0109,17:04:51.961,PickUpML,PickUpML_b7_fp10_r1_vg1,SUCCESS,707147,,0109,15:20:34.550,PickUpML,PickUpML_b14_fp19_r1_vg1,SUCCESS,208009
0110,17:05:05.034,TravelML,TravelML_r1_fp10_pr2,SUCCESS,720220,,0110,15:20:39.054,TravelML,TravelML_r1_fp19_pr3,SUCCESS,212513
0111,17:05:06.412,StackML,StackML_b7_lp2_r1_vg1_pr2,SUCCESS,721598,,0111,15:20:39.188,StackML,StackML_b14_lp3_r1_vg1_pr3,SUCCESS,212647
0112,17:05:19.831,TravelML,TravelML_r1_pr2_fp18,SUCCESS,735017,,0112,15:20:43.683,TravelML,TravelML_r1_pr3_fp28,SUCCESS,217142
0113,17:05:21.091,PickUpML,PickUpML_b13_fp18_r1_vg1,SUCCESS,736277,,0113,15:20:43.828,PickUpML,PickUpML_b21_fp28_r1_vg1,SUCCESS,217287
0114,17:05:34.601,TravelML,TravelML_r1_fp18_pr3,SUCCESS,749787,,0114,15:20:48.534,TravelML,TravelML_r1_fp28_pr4,SUCCESS,221993
0115,17:05:35.730,StackML,StackML_b13_lp3_r1_vg1_pr3,SUCCESS,750916,,0115,15:20:48.665,StackML,StackML_b21_lp4_r1_vg1_pr4,SUCCESS,222124
0116,17:05:49.435,TravelML,TravelML_r1_pr3_fp26,SUCCESS,764621,,0116,15:20:53.010,TravelML,TravelML_r1_pr4_fp30,SUCCESS,226469
0117,17:05:50.553,PickUpML,PickUpML_b19_fp26_r1_vg1,SUCCESS,765739,,0117,15:20:53.155,PickUpML,PickUpML_b22_fp30_r1_vg1,SUCCESS,226614
0118,17:06:03.909,TravelML,TravelML_r1_fp26_pr4,SUCCESS,779095,,0118,15:20:57.595,TravelML,TravelML_r1_fp30_pr4,SUCCESS,231054
0119,17:06:05.149,StackML,StackML_b19_lp4_r1_vg1_pr4,SUCCESS,780335,,0119,15:20:57.727,StackML,StackML_b22_lp4_r1_vg1_pr4,SUCCESS,231186
0120,17:06:19.501,TravelML,TravelML_r1_pr4_fp3,SUCCESS,794687,,0120,15:21:02.280,TravelML,TravelML_r1_pr4_fp32,SUCCESS,235739
0121,17:06:20.649,PickUpML,PickUpML_b2_fp3_r1_vg1,SUCCESS,795835,,0121,15:21:02.418,PickUpML,PickUpML_b24_fp32_r1_vg1,SUCCESS,235877
0122,17:06:34.532,TravelML,TravelML_r1_fp3_pr1,SUCCESS,809718,,0122,15:21:07.221,TravelML,TravelML_r1_fp32_pr4,SUCCESS,240680
0123,17:06:35.731,StackML,StackML_b2_lp1_r1_vg1_pr1,SUCCESS,810917,,0123,15:21:07.355,StackML,StackML_b24_lp4_r1_vg1_pr4,SUCCESS,240814
0124,17:06:48.788,TravelML,TravelML_r1_pr1_fp11,SUCCESS,823974,,0124,15:21:11.760,TravelML,TravelML_r1_pr4_fp31,SUCCESS,245219
0125,17:06:50.019,PickUpML,PickUpML_b8_fp11_r1_vg1,SUCCESS,825205,,0125,15:21:11.891,PickUpML,PickUpML_b23_fp31_r1_vg1,SUCCESS,245350
0126,17:07:03.439,TravelML,TravelML_r1_fp11_pr2,SUCCESS,838625,,0126,15:21:16.288,TravelML,TravelML_r1_fp31_pr4,SUCCESS,249748
0127,17:07:04.657,StackML,StackML_b8_lp2_r1_vg1_pr2,SUCCESS,839843,,0127,15:21:16.416,StackML,StackML_b23_lp4_r1_vg1_pr4,SUCCESS,249875
0128,17:07:18.777,TravelML,TravelML_r1_pr2_fp19,SUCCESS,853963,,0128,15:21:20.863,TravelML,TravelML_r1_pr4_fp26,SUCCESS,254322
0129,17:07:20.088,PickUpML,PickUpML_b14_fp19_r1_vg1,SUCCESS,855274,,0129,15:21:20.995,PickUpML,PickUpML_b19_fp26_r1_vg1,SUCCESS,254454
0130,17:07:33.219,TravelML,TravelML_r1_fp19_pr3,SUCCESS,868405,,0130,15:21:25.243,TravelML,TravelML_r1_fp26_pr4,SUCCESS,258702
0131,17:07:34.345,StackML,StackML_b14_lp3_r1_vg1_pr3,SUCCESS,869531,,0131,15:21:25.386,StackML,StackML_b19_lp4_r1_vg1_pr4,SUCCESS,258845
0132,17:07:48.113,TravelML,TravelML_r1_pr3_fp27,SUCCESS,883299,,0132,15:21:30.112,TravelML,TravelML_r1_pr4_fp27,SUCCESS,263571
0133,17:07:49.367,PickUpML,PickUpML_b20_fp27_r1_vg1,SUCCESS,884553,,0133,15:21:30.254,PickUpML,PickUpML_b20_fp27_r1_vg1,SUCCESS,263713
0134,17:08:03.566,TravelML,TravelML_r1_fp27_pr4,SUCCESS,898752,,0134,15:21:34.547,TravelML,TravelML_r1_fp27_pr4,SUCCESS,268006
0135,17:08:04.752,StackML,StackML_b20_lp4_r1_vg1_pr4,SUCCESS,899938,,0135,15:21:34.815,StackML,StackML_b20_lp4_r1_vg1_pr4,SUCCESS,268274
0136,17:08:19.006,TravelML,TravelML_r1_pr4_ep1,SUCCESS,914192,,0136,15:21:39.123,TravelML,TravelML_r1_pr4_ep3,SUCCESS,272582
0137,17:08:20.189,CloseToolML,CloseToolML_r1_vg1,SUCCESS,915375,,0137,15:21:39.403,CloseToolML,CloseToolML_r1_vg1,SUCCESS,272862
0138,17:08:21.493,DeequipML,DeequipML_r1_vg1_ep1,SUCCESS,916679,,0138,15:21:39.710,TravelML,TravelML_r1_ep3_ep1,SUCCESS,273169
0139,17:08:22.732,TravelML,TravelML_r1_ep1_ep3,SUCCESS,917918,,0139,15:21:39.976,DeequipML,DeequipML_r1_vg1_ep1,SUCCESS,273435
0140,17:08:23.963,EquipeML,EquipeML_r1_ng1_ep3,SUCCESS,919149,,0140,15:21:40.244,TravelML,TravelML_r1_ep1_ep3,SUCCESS,273703
0141,17:08:25.433,TravelML,TravelML_r1_ep3_pr1,SUCCESS,920619,,0141,15:21:40.506,EquipeML,EquipeML_r1_ng1_ep3,SUCCESS,273965
0142,17:08:26.604,InitializeML,InitializeML_r1_ng1,SUCCESS,921790,,0142,15:21:40.641,TravelML,TravelML_r1_ep3_pr1,SUCCESS,274100
0143,17:08:27.811,NailingML,NailingML_b2_pr1_r1_ng1,SUCCESS,922997,,0143,15:21:41.087,InitializeML,InitializeML_r1_ng1,SUCCESS,274546
0144,17:08:42.011,NailingML,NailingML_b1_pr1_r1_ng1,SUCCESS,937197,,0144,15:21:41.228,NailingML,NailingML_b2_pr1_r1_ng1,SUCCESS,274687
0145,17:08:56.527,NailingML,NailingML_b3_pr1_r1_ng1,SUCCESS,951713,,0145,15:21:46.151,NailingML,NailingML_b1_pr1_r1_ng1,SUCCESS,279610
0146,17:09:10.085,NailingML,NailingML_b5_pr1_r1_ng1,SUCCESS,965271,,0146,15:21:50.010,NailingML,NailingML_b3_pr1_r1_ng1,SUCCESS,283470
0147,17:09:23.707,NailingML,NailingML_b4_pr1_r1_ng1,SUCCESS,978893,,0147,15:21:54.393,NailingML,NailingML_b5_pr1_r1_ng1,SUCCESS,287852
0148,17:09:38.057,NailingML,NailingML_b6_pr1_r1_ng1,SUCCESS,993243,,0148,15:21:58.752,NailingML,NailingML_b4_pr1_r1_ng1,SUCCESS,292211
0149,17:09:50.924,TravelML,TravelML_r1_pr1_pr2,SUCCESS,1006110,,0149,15:22:03.012,NailingML,NailingML_b6_pr1_r1_ng1,SUCCESS,296471
0150,17:09:52.105,NailingML,NailingML_b8_pr2_r1_ng1,SUCCESS,1007291,,0150,15:22:08.043,TravelML,TravelML_r1_pr1_pr2,SUCCESS,301502
0151,17:10:06.167,NailingML,NailingML_b7_pr2_r1_ng1,SUCCESS,1021353,,0151,15:22:08.372,NailingML,NailingML_b8_pr2_r1_ng1,SUCCESS,301831
0152,17:10:19.783,NailingML,NailingML_b9_pr2_r1_ng1,SUCCESS,1034969,,0152,15:22:12.375,NailingML,NailingML_b7_pr2_r1_ng1,SUCCESS,305834
0153,17:10:32.801,NailingML,NailingML_b11_pr2_r1_ng1,SUCCESS,1047987,,0153,15:22:16.495,NailingML,NailingML_b9_pr2_r1_ng1,SUCCESS,309954
0154,17:10:45.811,NailingML,NailingML_b10_pr2_r1_ng1,SUCCESS,1060997,,0154,15:22:20.540,NailingML,NailingML_b11_pr2_r1_ng1,SUCCESS,313999
0155,17:10:58.635,NailingML,NailingML_b12_pr2_r1_ng1,SUCCESS,1073821,,0155,15:22:24.556,NailingML,NailingML_b10_pr2_r1_ng1,SUCCESS,318015
0156,17:11:11.825,TravelML,TravelML_r1_pr2_pr3,SUCCESS,1087011,,0156,15:22:28.409,NailingML,NailingML_b12_pr2_r1_ng1,SUCCESS,321869
0157,17:11:13.166,NailingML,NailingML_b14_pr3_r1_ng1,SUCCESS,1088352,,0157,15:22:32.132,TravelML,TravelML_r1_pr2_pr3,SUCCESS,325591
0158,17:11:27.799,NailingML,NailingML_b13_pr3_r1_ng1,SUCCESS,1102985,,0158,15:22:32.279,NailingML,NailingML_b14_pr3_r1_ng1,SUCCESS,325738
0159,17:11:40.891,NailingML,NailingML_b15_pr3_r1_ng1,SUCCESS,1116077,,0159,15:22:36.154,NailingML,NailingML_b13_pr3_r1_ng1,SUCCESS,329613
0160,17:11:53.674,NailingML,NailingML_b17_pr3_r1_ng1,SUCCESS,1128860,,0160,15:22:40.236,NailingML,NailingML_b15_pr3_r1_ng1,SUCCESS,333696
0161,17:12:06.584,NailingML,NailingML_b16_pr3_r1_ng1,SUCCESS,1141770,,0161,15:22:43.948,NailingML,NailingML_b17_pr3_r1_ng1,SUCCESS,337407
0162,17:12:19.555,NailingML,NailingML_b18_pr3_r1_ng1,SUCCESS,1154741,,0162,15:22:47.530,NailingML,NailingML_b16_pr3_r1_ng1,SUCCESS,340989
0163,17:12:32.779,TravelML,TravelML_r1_pr3_pr4,SUCCESS,1167965,,0163,15:22:51.119,NailingML,NailingML_b18_pr3_r1_ng1,SUCCESS,344578
0164,17:12:34.117,NailingML,NailingML_b20_pr4_r1_ng1,SUCCESS,1169303,,0164,15:22:55.154,TravelML,TravelML_r1_pr3_pr4,SUCCESS,348613
0165,17:12:48.378,NailingML,NailingML_b19_pr4_r1_ng1,SUCCESS,1183564,,0165,15:22:55.328,NailingML,NailingML_b20_pr4_r1_ng1,SUCCESS,348787
0166,17:13:01.508,NailingML,NailingML_b21_pr4_r1_ng1,SUCCESS,1196694,,0166,15:22:59.423,NailingML,NailingML_b19_pr4_r1_ng1,SUCCESS,352882
0167,17:13:14.400,NailingML,NailingML_b23_pr4_r1_ng1,SUCCESS,1209586,,0167,15:23:02.859,NailingML,NailingML_b21_pr4_r1_ng1,SUCCESS,356319
0168,17:13:27.227,NailingML,NailingML_b22_pr4_r1_ng1,SUCCESS,1222413,,0168,15:23:06.555,NailingML,NailingML_b23_pr4_r1_ng1,SUCCESS,360014
0169,17:13:40.259,NailingML,NailingML_b24_pr4_r1_ng1,SUCCESS,1235445,,0169,15:23:10.305,NailingML,NailingML_b22_pr4_r1_ng1,SUCCESS,363764
0170,17:13:54.060,TravelML,TravelML_r1_pr4_ep3,SUCCESS,1249246,,0170,15:23:13.952,NailingML,NailingML_b24_pr4_r1_ng1,SUCCESS,367412
0171,17:13:55.363,CloseToolML,CloseToolML_r1_ng1,SUCCESS,1250549,,0171,15:23:17.605,TravelML,TravelML_r1_pr4_ep2,SUCCESS,371064
0172,17:13:56.679,DeequipML,DeequipML_r1_ng1_ep3,SUCCESS,1251865,,0172,15:23:17.770,CloseToolML,CloseToolML_r1_ng1,SUCCESS,371229
0173,17:13:58.128,TravelML,TravelML_r1_ep3_ep2,SUCCESS,1253314,,0173,15:23:18.030,TravelML,TravelML_r1_ep2_ep3,SUCCESS,371489
0174,17:13:59.519,EquipeML,EquipeML_r1_gg1_ep2,SUCCESS,1254705,,0174,15:23:18.165,DeequipML,DeequipML_r1_ng1_ep3,SUCCESS,371624
0175,17:14:00.783,TravelML,TravelML_r1_ep2_pr1,SUCCESS,1255969,,0175,15:23:18.310,TravelML,TravelML_r1_ep3_ep2,SUCCESS,371769
0176,17:14:01.954,InitializeML,InitializeML_r1_gg1,SUCCESS,1257140,,0176,15:23:18.508,EquipeML,EquipeML_r1_gg1_ep2,SUCCESS,371967
0177,17:14:03.209,GluingML,GluingML_b4_pr1_r1_gg1,SUCCESS,1258395,,0177,15:23:18.640,TravelML,TravelML_r1_ep2_pr1,SUCCESS,372099
0178,17:14:16.745,GluingML,GluingML_b6_pr1_r1_gg1,SUCCESS,1271931,,0178,15:23:18.782,InitializeML,InitializeML_r1_gg1,SUCCESS,372241
0179,17:14:30.185,GluingML,GluingML_b3_pr1_r1_gg1,SUCCESS,1285371,,0179,15:23:19.065,GluingML,GluingML_b4_pr1_r1_gg1,SUCCESS,372524
0180,17:14:43.273,GluingML,GluingML_b2_pr1_r1_gg1,SUCCESS,1298459,,0180,15:23:22.567,GluingML,GluingML_b6_pr1_r1_gg1,SUCCESS,376027
0181,17:14:56.611,GluingML,GluingML_b1_pr1_r1_gg1,SUCCESS,1311797,,0181,15:23:26.144,GluingML,GluingML_b3_pr1_r1_gg1,SUCCESS,379604
0182,17:15:09.719,GluingML,GluingML_b5_pr1_r1_gg1,SUCCESS,1324905,,0182,15:23:29.722,GluingML,GluingML_b2_pr1_r1_gg1,SUCCESS,383181
0183,17:15:22.942,TravelML,TravelML_r1_pr1_pr2,SUCCESS,1338128,,0183,15:23:33.252,GluingML,GluingML_b1_pr1_r1_gg1,SUCCESS,386711
0184,17:15:24.261,GluingML,GluingML_b10_pr2_r1_gg1,SUCCESS,1339447,,0184,15:23:36.818,GluingML,GluingML_b5_pr1_r1_gg1,SUCCESS,390277
0185,17:15:37.175,GluingML,GluingML_b12_pr2_r1_gg1,SUCCESS,1352361,,0185,15:23:40.434,TravelML,TravelML_r1_pr1_pr2,SUCCESS,393893
0186,17:15:50.595,GluingML,GluingML_b9_pr2_r1_gg1,SUCCESS,1365781,,0186,15:23:40.763,GluingML,GluingML_b10_pr2_r1_gg1,SUCCESS,394222
0187,17:16:03.798,GluingML,GluingML_b8_pr2_r1_gg1,SUCCESS,1378984,,0187,15:23:44.490,GluingML,GluingML_b12_pr2_r1_gg1,SUCCESS,397949
0188,17:16:17.059,GluingML,GluingML_b7_pr2_r1_gg1,SUCCESS,1392245,,0188,15:23:48.246,GluingML,GluingML_b9_pr2_r1_gg1,SUCCESS,401705
0189,17:16:30.075,GluingML,GluingML_b11_pr2_r1_gg1,SUCCESS,1405261,,0189,15:23:52.026,GluingML,GluingML_b8_pr2_r1_gg1,SUCCESS,405485
0190,17:16:43.328,TravelML,TravelML_r1_pr2_pr3,SUCCESS,1418514,,0190,15:23:55.894,GluingML,GluingML_b7_pr2_r1_gg1,SUCCESS,409353
0191,17:16:44.577,GluingML,GluingML_b16_pr3_r1_gg1,SUCCESS,1419763,,0191,15:23:59.620,GluingML,GluingML_b11_pr2_r1_gg1,SUCCESS,413079
0192,17:16:57.896,GluingML,GluingML_b18_pr3_r1_gg1,SUCCESS,1433082,,0192,15:24:03.734,TravelML,TravelML_r1_pr2_pr3,SUCCESS,417193
0193,17:17:10.819,GluingML,GluingML_b15_pr3_r1_gg1,SUCCESS,1446005,,0193,15:24:03.913,GluingML,GluingML_b16_pr3_r1_gg1,SUCCESS,417372
0194,17:17:24.395,GluingML,GluingML_b14_pr3_r1_gg1,SUCCESS,1459581,,0194,15:24:08.065,GluingML,GluingML_b18_pr3_r1_gg1,SUCCESS,421524
0195,17:17:38.263,GluingML,GluingML_b13_pr3_r1_gg1,SUCCESS,1473449,,0195,15:24:11.850,GluingML,GluingML_b15_pr3_r1_gg1,SUCCESS,425309
0196,17:17:51.466,GluingML,GluingML_b17_pr3_r1_gg1,SUCCESS,1486652,,0196,15:24:15.532,GluingML,GluingML_b14_pr3_r1_gg1,SUCCESS,428991
0197,17:18:04.689,TravelML,TravelML_r1_pr3_pr4,SUCCESS,1499875,,0197,15:24:19.317,GluingML,GluingML_b13_pr3_r1_gg1,SUCCESS,432776
0198,17:18:06.055,GluingML,GluingML_b22_pr4_r1_gg1,SUCCESS,1501241,,0198,15:24:23.253,GluingML,GluingML_b17_pr3_r1_gg1,SUCCESS,436712
0199,17:18:19.629,GluingML,GluingML_b24_pr4_r1_gg1,SUCCESS,1514815,,0199,15:24:27.107,TravelML,TravelML_r1_pr3_pr4,SUCCESS,440566
0200,17:18:32.408,GluingML,GluingML_b21_pr4_r1_gg1,SUCCESS,1527594,,0200,15:24:27.319,GluingML,GluingML_b22_pr4_r1_gg1,SUCCESS,440778
0201,17:18:45.813,GluingML,GluingML_b20_pr4_r1_gg1,SUCCESS,1540999,,0201,15:24:31.156,GluingML,GluingML_b24_pr4_r1_gg1,SUCCESS,444616
0202,17:18:58.958,GluingML,GluingML_b19_pr4_r1_gg1,SUCCESS,1554144,,0202,15:24:35.098,GluingML,GluingML_b21_pr4_r1_gg1,SUCCESS,448557
0203,17:19:11.950,GluingML,GluingML_b23_pr4_r1_gg1,SUCCESS,1567136,,0203,15:24:39.042,GluingML,GluingML_b20_pr4_r1_gg1,SUCCESS,452501
0204,17:19:25.803,TravelML,TravelML_r1_pr4_ep2,SUCCESS,1580989,,0204,15:24:42.932,GluingML,GluingML_b19_pr4_r1_gg1,SUCCESS,456391
0205,17:19:27.092,CloseToolML,CloseToolML_r1_gg1,SUCCESS,1582278,,0205,15:24:46.896,GluingML,GluingML_b23_pr4_r1_gg1,SUCCESS,460355
0206,17:19:28.467,DeequipML,DeequipML_r1_gg1_ep2,SUCCESS,1583653,,0206,15:24:51.436,TravelML,TravelML_r1_pr4_ep2,SUCCESS,464895
0207,17:19:29.862,TravelML,TravelML_r1_ep2_ep1,SUCCESS,1585048,,0207,15:24:51.572,CloseToolML,CloseToolML_r1_gg1,SUCCESS,465031
0208,17:19:31.266,EquipeML,EquipeML_r1_vg1_ep1,SUCCESS,1586452,,0208,15:24:51.716,DeequipML,DeequipML_r1_gg1_ep2,SUCCESS,465175
0209,17:19:32.450,InitializeML,InitializeML_r1_vg1,SUCCESS,1587636,,0209,15:24:51.850,TravelML,TravelML_r1_ep2_ep1,SUCCESS,465310
0210,17:19:33.728,TravelML,TravelML_r1_ep1_fp5,SUCCESS,1588914,,0210,15:24:51.977,EquipeML,EquipeML_r1_vg1_ep1,SUCCESS,465436
0211,17:19:35.029,PickUpML,PickUpML_tp1_fp5_r1_vg1,SUCCESS,1590215,,0211,15:24:52.103,TravelML,TravelML_r1_ep1_fp5,SUCCESS,465562
0212,17:19:49.481,TravelML,TravelML_r1_fp5_pr1,SUCCESS,1604667,,0212,15:24:52.233,InitializeML,InitializeML_r1_vg1,SUCCESS,465692
0213,17:19:50.765,StackML,StackML_tp1_b1_r1_vg1_pr1,SUCCESS,1605951,,0213,15:24:52.364,PickUpML,PickUpML_tp1_fp5_r1_vg1,SUCCESS,465823
0214,17:20:04.916,TravelML,TravelML_r1_pr1_fp13,SUCCESS,1620102,,0214,15:24:56.287,TravelML,TravelML_r1_fp5_pr1,SUCCESS,469746
0215,17:20:06.345,PickUpML,PickUpML_tp2_fp13_r1_vg1,SUCCESS,1621531,,0215,15:24:56.424,StackML,StackML_tp1_b4_r1_vg1_pr1,SUCCESS,469883
0216,17:20:19.330,TravelML,TravelML_r1_fp13_pr2,SUCCESS,1634516,,0216,15:25:00.762,TravelML,TravelML_r1_pr1_fp13,SUCCESS,474221
0217,17:20:20.823,StackML,StackML_tp2_b7_r1_vg1_pr2,SUCCESS,1636009,,0217,15:25:00.899,PickUpML,PickUpML_tp2_fp13_r1_vg1,SUCCESS,474358
0218,17:20:34.577,TravelML,TravelML_r1_pr2_fp21,SUCCESS,1649763,,0218,15:25:05.086,TravelML,TravelML_r1_fp13_pr2,SUCCESS,478546
0219,17:20:35.843,PickUpML,PickUpML_tp3_fp21_r1_vg1,SUCCESS,1651029,,0219,15:25:05.235,StackML,StackML_tp2_b11_r1_vg1_pr2,SUCCESS,478694
0220,17:20:48.962,TravelML,TravelML_r1_fp21_pr3,SUCCESS,1664148,,0220,15:25:09.432,TravelML,TravelML_r1_pr2_fp21,SUCCESS,482891
0221,17:20:50.430,StackML,StackML_tp3_b13_r1_vg1_pr3,SUCCESS,1665616,,0221,15:25:09.583,PickUpML,PickUpML_tp3_fp21_r1_vg1,SUCCESS,483042
0222,17:21:04.171,TravelML,TravelML_r1_pr3_fp29,SUCCESS,1679357,,0222,15:25:13.745,TravelML,TravelML_r1_fp21_pr3,SUCCESS,487205
0223,17:21:05.477,PickUpML,PickUpML_tp4_fp29_r1_vg1,SUCCESS,1680663,,0223,15:25:13.910,StackML,StackML_tp3_b13_r1_vg1_pr3,SUCCESS,487369
0224,17:21:18.809,TravelML,TravelML_r1_fp29_pr4,SUCCESS,1693995,,0224,15:25:18.100,TravelML,TravelML_r1_pr3_fp29,SUCCESS,491560
0225,17:21:20.152,StackML,StackML_tp4_b19_r1_vg1_pr4,SUCCESS,1695338,,0225,15:25:18.244,PickUpML,PickUpML_tp4_fp29_r1_vg1,SUCCESS,491703
0226,17:21:34.236,TravelML,TravelML_r1_pr4_ep1,SUCCESS,1709422,,0226,15:25:22.603,TravelML,TravelML_r1_fp29_pr4,SUCCESS,496062
0227,17:21:35.626,CloseToolML,CloseToolML_r1_vg1,SUCCESS,1710812,,0227,15:25:22.774,StackML,StackML_tp4_b21_r1_vg1_pr4,SUCCESS,496233
0228,17:21:36.859,DeequipML,DeequipML_r1_vg1_ep1,SUCCESS,1712045,,0228,15:25:27.063,TravelML,TravelML_r1_pr4_ep3,SUCCESS,500522
0229,17:21:38.124,TravelML,TravelML_r1_ep1_ep3,SUCCESS,1713310,,0229,15:25:27.198,CloseToolML,CloseToolML_r1_vg1,SUCCESS,500658
0230,17:21:39.362,EquipeML,EquipeML_r1_ng1_ep3,SUCCESS,1714548,,0230,15:25:27.361,TravelML,TravelML_r1_ep3_ep1,SUCCESS,500820
0231,17:21:40.802,TravelML,TravelML_r1_ep3_pr1,SUCCESS,1715988,,0231,15:25:27.489,DeequipML,DeequipML_r1_vg1_ep1,SUCCESS,500948
0232,17:21:41.996,InitializeML,InitializeML_r1_ng1,SUCCESS,1717182,,0232,15:25:27.625,TravelML,TravelML_r1_ep1_ep3,SUCCESS,501084
0233,17:21:43.273,NailingML,NailingML_tp1_pr1_r1_ng1,SUCCESS,1718459,,0233,15:25:27.795,EquipeML,EquipeML_r1_ng1_ep3,SUCCESS,501255
0234,17:21:54.739,TravelML,TravelML_r1_pr1_pr2,SUCCESS,1729925,,0234,15:25:27.924,TravelML,TravelML_r1_ep3_pr1,SUCCESS,501383
0235,17:21:55.807,NailingML,NailingML_tp2_pr2_r1_ng1,SUCCESS,1730993,,0235,15:25:28.045,InitializeML,InitializeML_r1_ng1,SUCCESS,501504
0236,17:22:03.798,TravelML,TravelML_r1_pr2_pr3,SUCCESS,1738984,,0236,15:25:28.168,NailingML,NailingML_tp1_pr1_r1_ng1,SUCCESS,501627
0237,17:22:04.790,NailingML,NailingML_tp3_pr3_r1_ng1,SUCCESS,1739976,,0237,15:25:32.097,TravelML,TravelML_r1_pr1_pr2,SUCCESS,505556
0238,17:22:09.709,TravelML,TravelML_r1_pr3_pr4,SUCCESS,1744894,,0238,15:25:32.311,NailingML,NailingML_tp2_pr2_r1_ng1,SUCCESS,505770
0239,17:22:10.446,NailingML,NailingML_tp4_pr4_r1_ng1,SUCCESS,1745632,,0239,15:25:36.054,TravelML,TravelML_r1_pr2_pr3,SUCCESS,509514
,,,,,,,0240,15:25:36.260,NailingML,NailingML_tp3_pr3_r1_ng1,SUCCESS,509719
,,,,,,,0241,15:25:40.243,TravelML,TravelML_r1_pr3_pr4,SUCCESS,513702
,,,,,,,0242,15:25:40.373,NailingML,NailingML_tp4_pr4_r1_ng1,SUCCESS,513832
