HLId,ActionName,PlannerType,MLActionCount,PlannerTimeMs,TotalTimeMs,Success
1,Layers1_2,ENHSP,33,2094.87,0.00,False
2,PickUpHL_stick4_initlocstick4_robot1_gripper1,ENHSP,2,2045.11,39329.76,True
3,StackHL_stick4_table1_robot1_finallocstick4_gripper1,ENHSP,2,1950.13,55839.85,True
4,PickUpHL_stick5_initlocstick5_robot1_gripper1,ENHSP,2,2095.98,38284.13,True
5,StackHL_stick5_table1_robot1_finallocstick5_gripper1,ENHSP,2,2063.02,54243.70,True
6,PickUpHL_stick2_initlocstick2_robot1_gripper1,ENHSP,2,2010.15,0.00,False
7,Layers1_2,ENHSP,31,2006.50,1818686.87,True
8,PickUpHL_stick5_initlocstick5_robot1_gripper1_dup2,ENHSP,1,2051.48,20140.48,True
9,StackHL_stick5_table1_robot1_finallocstick5_gripper1_dup2,ENHSP,2,2012.00,56593.49,True
10,PickUpHL_cube2_initloccube2_robot1_gripper1_dup2,ENHSP,2,2026.21,38232.13,True
11,StackHL_cube2_stick5_robot1_finalloccube2_gripper1_dup2,ENHSP,2,2010.07,55873.08,True
12,PickUpHL_stick1_initlocstick1_robot1_gripper1_dup2,ENHSP,2,2235.13,38928.79,True
13,StackHL_stick1_table1_robot1_finallocstick1_gripper1_dup2,ENHSP,2,2304.13,71131.78,True
14,PickUpHL_stick3_initlocstick3_robot1_gripper1_dup2,ENHSP,2,2148.81,0.00,False
15,PickUpHL_stick3_initlocstick3_robot1_gripper1_dup2,ENHSP,3,2314.74,59803.86,True
16,StackHL_stick3_table1_robot1_finallocstick3_gripper1_dup2,ENHSP,2,2165.25,51084.54,True
17,PickUpHL_stick2_initlocstick2_robot1_gripper1_dup2,ENHSP,2,2203.86,38929.38,True
18,StackHL_stick2_table1_robot1_finallocstick2_gripper1_dup2,ENHSP,2,2150.25,54763.22,True
19,PickUpHL_stick6_initlocstick6_robot1_gripper1_dup2,ENHSP,2,2172.80,0.00,False
20,PickUpHL_stick6_initlocstick6_robot1_gripper1_dup2,Enhsp,0,0.00,0.00,False
21,PickUpHL_stick6_initlocstick6_robot1_gripper1_dup2,Enhsp,0,0.00,0.00,False
22,PickUpHL_stick6_initlocstick6_robot1_gripper1_dup2,Enhsp,0,0.00,0.00,False
23,PickUpHL_stick6_initlocstick6_robot1_gripper1_dup2,Enhsp,0,0.00,4060.84,False
24,PickUpHL_stick6_initlocstick6_robot1_gripper1_dup2,Enhsp,0,0.00,4041.76,False
25,PickUpHL_stick6_initlocstick6_robot1_gripper1_dup2,Enhsp,0,0.00,4064.10,False
26,PickUpHL_stick6_initlocstick6_robot1_gripper1_dup2,Enhsp,0,0.00,4063.75,False
27,PickUpHL_stick6_initlocstick6_robot1_gripper1_dup2,Enhsp,0,0.00,4051.73,False
28,PickUpHL_stick6_initlocstick6_robot1_gripper1_dup2,Enhsp,0,0.00,4042.57,False
29,PickUpHL_stick6_initlocstick6_robot1_gripper1_dup2,Enhsp,0,0.00,4055.74,False
30,PickUpHL_stick6_initlocstick6_robot1_gripper1_dup2,Enhsp,0,0.00,4054.12,False
31,PickUpHL_stick6_initlocstick6_robot1_gripper1_dup2,Enhsp,0,0.00,4057.93,False
32,PickUpHL_stick6_initlocstick6_robot1_gripper1_dup2,Enhsp,0,0.00,4045.91,False
33,PickUpHL_stick6_initlocstick6_robot1_gripper1_dup2,Enhsp,0,0.00,4052.72,False
34,PickUpHL_stick6_initlocstick6_robot1_gripper1_dup2,Enhsp,0,0.00,4040.34,False
35,PickUpHL_stick6_initlocstick6_robot1_gripper1_dup2,Enhsp,0,0.00,4052.89,False
36,PickUpHL_stick6_initlocstick6_robot1_gripper1_dup2,Enhsp,0,0.00,4051.74,False
37,PickUpHL_stick6_initlocstick6_robot1_gripper1_dup2,Enhsp,0,0.00,4045.87,False
38,PickUpHL_stick6_initlocstick6_robot1_gripper1_dup2,Enhsp,0,0.00,4054.97,False
39,PickUpHL_stick6_initlocstick6_robot1_gripper1_dup2,Enhsp,0,0.00,4052.23,False
40,PickUpHL_stick6_initlocstick6_robot1_gripper1_dup2,Enhsp,0,0.00,4039.46,False
41,PickUpHL_stick6_initlocstick6_robot1_gripper1_dup2,Enhsp,0,0.00,4047.45,False
42,PickUpHL_stick6_initlocstick6_robot1_gripper1_dup2,Enhsp,0,0.00,4052.82,False
43,PickUpHL_stick6_initlocstick6_robot1_gripper1_dup2,Enhsp,0,0.00,4037.38,False
44,PickUpHL_stick6_initlocstick6_robot1_gripper1_dup2,ENHSP,2,2208.95,356645.04,True
45,StackOnTwoHL_stick6_robot1_finallocstick6_stick2_stick1_layer1_layer2_gripper1_dup2,ENHSP,2,2452.01,61451.43,True
46,PickUpHL_stick7_initlocstick7_robot1_gripper1_dup2,ENHSP,2,2335.09,38901.63,True
47,StackOnTwoHL_stick7_robot1_finallocstick7_stick2_stick3_layer1_layer2_gripper1,ENHSP,2,2493.91,53640.51,True
48,PickUpHL_cube1_initloccube1_robot1_gripper1_dup2,ENHSP,2,2255.81,38885.61,True
49,StackHL_cube1_stick1_robot1_finalloccube1_gripper1_dup2,ENHSP,2,2199.21,57285.27,True
50,PickUpHL_stick8_initlocstick8_robot1_gripper1_dup2,ENHSP,2,2408.19,38964.08,True
51,StackOnTwoHL_stick8_robot1_finallocstick8_stick3_stick4_layer1_layer2_gripper1_dup2,ENHSP,2,2738.16,60877.82,True
52,PickUpHL_stick9_initlocstick9_robot1_gripper1_dup2,ENHSP,2,2313.26,38193.01,True
53,StackOnTwoHL_stick9_robot1_finallocstick9_stick4_stick5_layer1_layer2_gripper1,ENHSP,2,2407.24,54183.92,True
54,ChangeEndeffectorHL_robot1_gripper1_staplergun1_dup2,ENHSP,4,2398.91,51854.65,True
55,NailingHL_cube1_stick1_robot1_staplergun1_dup2,ENHSP,3,2426.81,40149.03,True
56,NailingHL_cube2_stick5_robot1_staplergun1_dup2,ENHSP,1,2337.31,21409.32,True
57,NailingHL_stick6_stick1_robot1_staplergun1_dup2,ENHSP,1,2450.01,16569.06,True
58,NailingHL_stick6_stick2_robot1_staplergun1_dup2,ENHSP,1,2363.41,13377.47,True
59,NailingHL_stick7_stick2_robot1_staplergun1_dup2,ENHSP,1,2343.15,19777.21,True
60,NailingHL_stick7_stick3_robot1_staplergun1_dup2,ENHSP,1,2319.53,19748.16,True
61,NailingHL_stick8_stick3_robot1_staplergun1_dup2,ENHSP,1,2340.39,14202.29,True
62,NailingHL_stick8_stick4_robot1_staplergun1_dup2,ENHSP,1,2224.46,16559.02,True
63,NailingHL_stick9_stick4_robot1_staplergun1_dup2,ENHSP,1,2398.82,17367.33,True
64,NailingHL_stick9_stick5_robot1_staplergun1_dup2,ENHSP,1,2318.84,16562.46,True
65,Layers3_4,ENHSP,36,3224.73,1544325.54,True
66,ChangeEndeffectorHL_robot1_staplergun1_gripper1,ENHSP,4,3733.83,52818.40,True
67,PickUpHL_stick11_initlocstick11_robot1_gripper1,ENHSP,2,3642.77,43070.92,True
68,StackOnTwoHL_stick11_robot1_finallocstick11_stick6_stick7_layer2_layer3_gripper1,ENHSP,2,3673.72,57456.47,True
69,PickUpHL_stick10_initlocstick10_robot1_gripper1,ENHSP,2,3906.27,40459.33,True
70,StackOnTwoHL_stick10_robot1_finallocstick10_stick6_cube1_layer2_layer3_gripper1,ENHSP,2,3941.18,72677.04,True
71,PickUpHL_stick12_initlocstick12_robot1_gripper1,ENHSP,2,3513.83,39042.93,True
72,StackOnTwoHL_stick12_robot1_finallocstick12_stick8_stick7_layer2_layer3_gripper1,ENHSP,2,3570.23,52946.90,True
73,PickUpHL_stick15_initlocstick15_robot1_gripper1,ENHSP,2,3569.19,39845.73,True
74,StackOnTwoHL_stick15_robot1_finallocstick15_stick11_stick10_layer3_layer4_gripper1,ENHSP,2,3707.45,64553.86,True
75,PickUpHL_cube3_initloccube3_robot1_gripper1,ENHSP,2,3496.74,40444.00,True
76,StackHL_cube3_stick10_robot1_finalloccube3_gripper1,ENHSP,2,3533.16,58147.07,True
77,PickUpHL_stick16_initlocstick16_robot1_gripper1,ENHSP,2,3552.50,40361.53,True
78,StackOnTwoHL_stick16_robot1_finallocstick16_stick12_stick11_layer3_layer4_gripper1,ENHSP,2,3675.61,51260.06,True
79,PickUpHL_stick14_initlocstick14_robot1_gripper1,ENHSP,2,3472.43,39766.15,True
80,StackOnTwoHL_stick14_robot1_finallocstick14_cube2_stick9_layer2_layer3_gripper1,ENHSP,2,3989.04,58211.56,True
81,PickUpHL_stick13_initlocstick13_robot1_gripper1,ENHSP,2,3626.33,39743.90,True
82,StackOnTwoHL_stick13_robot1_finallocstick13_stick8_stick9_layer2_layer3_gripper1,ENHSP,2,3975.80,56670.04,True
83,PickUpHL_cube4_initloccube4_robot1_gripper1,ENHSP,2,3495.76,39777.72,True
84,StackHL_cube4_stick14_robot1_finalloccube4_gripper1,ENHSP,2,3625.31,55697.59,True
85,PickUpHL_stick17_initlocstick17_robot1_gripper1,ENHSP,2,3410.92,39787.84,True
86,StackOnTwoHL_stick17_robot1_finallocstick17_stick13_stick12_layer3_layer4_gripper1,ENHSP,2,3766.59,62337.79,True
87,ChangeEndeffectorHL_robot1_gripper1_staplergun1_dup3,ENHSP,3,3471.30,52735.10,True
88,NailingHL_stick17_stick12_robot1_staplergun1,ENHSP,3,3777.38,39922.76,True
89,NailingHL_stick17_stick13_robot1_staplergun1,ENHSP,1,4006.53,17296.90,True
90,NailingHL_cube3_stick10_robot1_staplergun1,ENHSP,1,3890.25,22171.18,True
91,NailingHL_cube4_stick14_robot1_staplergun1,ENHSP,1,3568.96,22919.72,True
92,NailingHL_stick15_stick10_robot1_staplergun1,ENHSP,1,3886.51,20640.78,True
93,NailingHL_stick15_stick11_robot1_staplergun1,ENHSP,1,3757.01,15713.37,True
94,NailingHL_stick16_stick11_robot1_staplergun1,ENHSP,1,3788.66,18974.79,True
95,NailingHL_stick16_stick12_robot1_staplergun1,ENHSP,1,3484.70,21312.70,True
96,ChangeEndeffectorHL_robot1_staplergun1_gripper1_dup2,ENHSP,4,6810.35,52780.87,True
97,PickUpHL_stick18_initlocstick18_robot1_gripper1,ENHSP,2,3562.64,42859.44,True
98,StackOnTwoHL_stick18_robot1_finallocstick18_stick13_stick14_layer3_layer4_gripper1,ENHSP,2,3588.91,57452.07,True
99,ChangeEndeffectorHL_robot1_gripper1_staplergun1_dup4,ENHSP,3,3398.61,52857.36,True
100,NailingHL_stick18_stick13_robot1_staplergun1,ENHSP,3,3768.33,39825.11,True
101,NailingHL_stick18_stick14_robot1_staplergun1,ENHSP,1,3554.88,11747.71,True
102,Layers5_6,ENHSP,34,2997.12,1401212.49,True
103,ChangeEndeffectorHL_robot1_staplergun1_gripper1_dup3,ENHSP,4,3897.81,52969.43,True
104,PickUpHL_stick20_initlocstick20_robot1_gripper1,ENHSP,2,3582.66,43173.16,True
105,StackOnTwoHL_stick20_robot1_finallocstick20_stick15_stick16_layer4_layer5_gripper1,ENHSP,2,3538.35,56648.61,True
106,PickUpHL_stick19_initlocstick19_robot1_gripper1,ENHSP,2,3570.11,39813.02,True
107,StackOnTwoHL_stick19_robot1_finallocstick19_stick15_cube3_layer4_layer5_gripper1,ENHSP,2,3542.86,68882.06,True
108,PickUpHL_stick21_initlocstick21_robot1_gripper1,ENHSP,2,3477.20,39060.60,True
109,StackOnTwoHL_stick21_robot1_finallocstick21_stick17_stick16_layer4_layer5_gripper1,ENHSP,2,3601.59,52994.19,True
110,PickUpHL_stick24_initlocstick24_robot1_gripper1,ENHSP,2,3456.73,39717.10,True
111,StackOnTwoHL_stick24_robot1_finallocstick24_stick19_stick20_layer5_layer6_gripper1,ENHSP,2,3519.49,62448.13,True
112,PickUpHL_cube5_initloccube5_robot1_gripper1,ENHSP,2,3505.83,39781.62,True
113,StackHL_cube5_stick19_robot1_finalloccube5_gripper1,ENHSP,2,3787.04,58131.72,True
114,PickUpHL_stick25_initlocstick25_robot1_gripper1,ENHSP,2,3414.06,39820.38,True
115,StackOnTwoHL_stick25_robot1_finallocstick25_stick20_stick21_layer5_layer6_gripper1,ENHSP,2,3686.02,52941.82,True
116,PickUpHL_stick23_initlocstick23_robot1_gripper1,ENHSP,2,3496.27,39809.32,True
117,StackOnTwoHL_stick23_robot1_finallocstick23_cube4_stick18_layer4_layer5_gripper1,ENHSP,2,3767.16,57380.03,True
118,PickUpHL_stick22_initlocstick22_robot1_gripper1,ENHSP,2,3343.33,39751.63,True
119,StackOnTwoHL_stick22_robot1_finallocstick22_stick17_stick18_layer4_layer5_gripper1,ENHSP,2,3614.10,55240.22,True
120,PickUpHL_cube6_initloccube6_robot1_gripper1,ENHSP,2,3576.06,39804.68,True
121,StackHL_cube6_stick23_robot1_finalloccube6_gripper1,ENHSP,2,3581.62,54382.81,True
122,PickUpHL_stick26_initlocstick26_robot1_gripper1,ENHSP,2,3414.11,39073.70,True
123,StackOnTwoHL_stick26_robot1_finallocstick26_stick22_stick21_layer5_layer6_gripper1,ENHSP,2,3794.57,62343.85,True
124,PickUpHL_stick27_initlocstick27_robot1_gripper1,ENHSP,2,3837.20,40497.66,True
125,StackOnTwoHL_stick27_robot1_finallocstick27_stick22_stick23_layer5_layer6_gripper1,ENHSP,2,3869.81,55714.58,True
126,ChangeEndeffectorHL_robot1_gripper1_staplergun1_dup5,ENHSP,3,4133.59,53533.62,True
127,NailingHL_cube5_stick19_robot1_staplergun1,ENHSP,3,3833.29,44671.45,True
128,NailingHL_cube6_stick23_robot1_staplergun1,ENHSP,1,3594.90,18145.49,True
129,NailingHL_stick24_stick19_robot1_staplergun1,ENHSP,1,3623.31,23771.12,True
130,NailingHL_stick24_stick20_robot1_staplergun1,ENHSP,1,3568.60,16531.69,True
131,NailingHL_stick25_stick20_robot1_staplergun1,ENHSP,1,3479.24,16556.04,True
132,NailingHL_stick25_stick21_robot1_staplergun1,ENHSP,1,3564.56,16530.46,True
133,NailingHL_stick26_stick21_robot1_staplergun1,ENHSP,1,3671.98,15745.92,True
134,NailingHL_stick26_stick22_robot1_staplergun1,ENHSP,1,3651.72,14951.15,True
135,NailingHL_stick27_stick22_robot1_staplergun1,ENHSP,1,3554.81,20549.31,True
136,NailingHL_stick27_stick23_robot1_staplergun1,ENHSP,1,3595.10,20669.71,True
137,Layers7_8,ENHSP,34,3082.93,1399577.15,True
138,ChangeEndeffectorHL_robot1_staplergun1_gripper1_dup4,ENHSP,4,3807.16,52901.99,True
139,PickUpHL_stick29_initlocstick29_robot1_gripper1,ENHSP,2,3744.88,43094.43,True
140,StackOnTwoHL_stick29_robot1_finallocstick29_stick24_stick25_layer6_layer7_gripper1,ENHSP,2,3876.48,56478.12,True
141,PickUpHL_stick28_initlocstick28_robot1_gripper1,ENHSP,2,3873.15,40488.27,True
142,StackOnTwoHL_stick28_robot1_finallocstick28_stick24_cube5_layer6_layer7_gripper1,ENHSP,2,3525.97,70469.93,True
143,PickUpHL_stick32_initlocstick32_robot1_gripper1,ENHSP,2,3693.44,40492.64,True
144,StackOnTwoHL_stick32_robot1_finallocstick32_cube6_stick27_layer6_layer7_gripper1,ENHSP,2,3771.60,56631.11,True
145,PickUpHL_stick33_initlocstick33_robot1_gripper1,ENHSP,2,3755.49,40477.87,True
146,StackOnTwoHL_stick33_robot1_finallocstick33_stick28_stick29_layer7_layer8_gripper1,ENHSP,2,3744.68,62365.98,True
147,PickUpHL_stick30_initlocstick30_robot1_gripper1,ENHSP,2,3480.71,39778.66,True
148,StackOnTwoHL_stick30_robot1_finallocstick30_stick26_stick25_layer6_layer7_gripper1,ENHSP,2,3634.67,49920.79,True
149,PickUpHL_stick31_initlocstick31_robot1_gripper1,ENHSP,2,3453.80,39765.81,True
150,StackOnTwoHL_stick31_robot1_finallocstick31_stick26_stick27_layer6_layer7_gripper1,ENHSP,2,3659.92,55156.01,True
151,PickUpHL_stick35_initlocstick35_robot1_gripper1,ENHSP,2,4100.66,40536.33,True
152,StackOnTwoHL_stick35_robot1_finallocstick35_stick31_stick30_layer7_layer8_gripper1,ENHSP,2,3664.72,60876.84,True
153,PickUpHL_stick34_initlocstick34_robot1_gripper1,ENHSP,2,3472.30,39784.10,True
154,StackOnTwoHL_stick34_robot1_finallocstick34_stick29_stick30_layer7_layer8_gripper1,ENHSP,2,3886.59,52103.31,True
155,PickUpHL_cube8_initloccube8_robot1_gripper1,ENHSP,2,3429.03,39783.49,True
156,StackHL_cube8_stick32_robot1_finalloccube8_gripper1,ENHSP,2,3595.38,55972.73,True
157,PickUpHL_cube7_initloccube7_robot1_gripper1,ENHSP,2,3459.47,39786.70,True
158,StackHL_cube7_stick28_robot1_finalloccube7_gripper1,ENHSP,2,3620.21,55085.22,True
159,PickUpHL_stick36_initlocstick36_robot1_gripper1,ENHSP,2,3426.17,39118.14,True
160,StackOnTwoHL_stick36_robot1_finallocstick36_stick31_stick32_layer7_layer8_gripper1,ENHSP,2,3946.67,54239.08,True
161,ChangeEndeffectorHL_robot1_gripper1_staplergun1_dup6,ENHSP,3,3683.24,53042.14,True
162,NailingHL_cube7_stick28_robot1_staplergun1,ENHSP,3,3630.76,46957.03,True
163,NailingHL_cube8_stick32_robot1_staplergun1,ENHSP,1,3534.06,23767.27,True
164,NailingHL_stick33_stick28_robot1_staplergun1,ENHSP,1,3609.19,21345.67,True
165,NailingHL_stick33_stick29_robot1_staplergun1,ENHSP,1,3564.21,13292.76,True
166,NailingHL_stick34_stick29_robot1_staplergun1,ENHSP,1,3635.39,15759.07,True
167,NailingHL_stick34_stick30_robot1_staplergun1,ENHSP,1,3617.90,14149.92,True
168,NailingHL_stick35_stick30_robot1_staplergun1,ENHSP,1,3604.12,17337.05,True
169,NailingHL_stick35_stick31_robot1_staplergun1,ENHSP,1,3621.28,18929.48,True
170,NailingHL_stick36_stick31_robot1_staplergun1,ENHSP,1,3411.47,19038.53,True
171,NailingHL_stick36_stick32_robot1_staplergun1,ENHSP,1,3725.34,21336.79,True
172,Layers9_10,ENHSP,36,3641.56,1501321.47,True
173,ChangeEndeffectorHL_robot1_staplergun1_gripper1_dup5,ENHSP,4,3813.70,53151.29,True
174,PickUpHL_stick38_initlocstick38_robot1_gripper1,ENHSP,2,3656.73,43048.57,True
175,StackOnTwoHL_stick38_robot1_finallocstick38_stick33_stick34_layer8_layer9_gripper1,ENHSP,2,3564.41,55206.69,True
176,PickUpHL_stick37_initlocstick37_robot1_gripper1,ENHSP,2,3821.49,40412.79,True
177,StackOnTwoHL_stick37_robot1_finallocstick37_stick33_cube7_layer8_layer9_gripper1,ENHSP,2,3698.52,68062.86,True
178,PickUpHL_stick39_initlocstick39_robot1_gripper1,ENHSP,2,3597.21,39704.15,True
179,StackOnTwoHL_stick39_robot1_finallocstick39_stick35_stick34_layer8_layer9_gripper1,ENHSP,2,3675.94,49785.86,True
180,PickUpHL_stick42_initlocstick42_robot1_gripper1,ENHSP,2,3336.02,39748.57,True
181,StackOnTwoHL_stick42_robot1_finallocstick42_stick38_stick37_layer9_layer10_gripper1,ENHSP,2,3897.72,59969.37,True
182,PickUpHL_cube9_initloccube9_robot1_gripper1,ENHSP,2,3444.69,39803.32,True
183,StackHL_cube9_stick37_robot1_finalloccube9_gripper1,ENHSP,2,3448.83,55041.80,True
184,PickUpHL_stick43_initlocstick43_robot1_gripper1,ENHSP,2,3352.33,39827.66,True
185,StackOnTwoHL_stick43_robot1_finallocstick43_stick39_stick38_layer9_layer10_gripper1,ENHSP,2,3879.36,51412.53,True
186,PickUpHL_stick41_initlocstick41_robot1_gripper1,ENHSP,2,3539.44,39776.13,True
187,StackOnTwoHL_stick41_robot1_finallocstick41_cube8_stick36_layer8_layer9_gripper1,ENHSP,2,3631.58,54094.86,True
188,PickUpHL_stick40_initlocstick40_robot1_gripper1,ENHSP,2,3397.04,39820.52,True
189,StackOnTwoHL_stick40_robot1_finallocstick40_stick35_stick36_layer8_layer9_gripper1,ENHSP,2,3581.60,54479.09,True
190,PickUpHL_cube10_initloccube10_robot1_gripper1,ENHSP,2,3489.87,39784.24,True
191,StackHL_cube10_stick41_robot1_finalloccube10_gripper1,ENHSP,2,3646.09,54221.57,True
192,PickUpHL_stick44_initlocstick44_robot1_gripper1,ENHSP,2,3444.76,39111.64,True
193,StackOnTwoHL_stick44_robot1_finallocstick44_stick40_stick39_layer9_layer10_gripper1,ENHSP,2,3927.73,60171.84,True
194,ChangeEndeffectorHL_robot1_gripper1_staplergun1_dup7,ENHSP,3,3719.99,53324.79,True
195,NailingHL_stick43_stick38_robot1_staplergun1,ENHSP,3,3686.35,41730.64,True
196,NailingHL_stick43_stick39_robot1_staplergun1,ENHSP,1,3850.32,15711.16,True
197,NailingHL_stick44_stick39_robot1_staplergun1,ENHSP,1,4003.39,17388.78,True
198,NailingHL_stick44_stick40_robot1_staplergun1,ENHSP,1,3621.81,12505.61,True
199,NailingHL_cube9_stick37_robot1_staplergun1,ENHSP,1,3830.83,16542.79,True
200,NailingHL_cube10_stick41_robot1_staplergun1,ENHSP,1,3724.84,18943.29,True
201,NailingHL_stick42_stick37_robot1_staplergun1,ENHSP,1,3617.06,18161.72,True
202,NailingHL_stick42_stick38_robot1_staplergun1,ENHSP,1,3631.67,13342.51,True
203,ChangeEndeffectorHL_robot1_staplergun1_gripper1_dup6,ENHSP,4,7698.95,52683.16,True
204,PickUpHL_stick45_initlocstick45_robot1_gripper1,ENHSP,2,3438.71,42492.57,True
205,StackOnTwoHL_stick45_robot1_finallocstick45_stick40_stick41_layer9_layer10_gripper1,ENHSP,2,3840.85,56656.64,True
206,ChangeEndeffectorHL_robot1_gripper1_staplergun1_dup8,ENHSP,3,3595.02,52990.70,True
207,NailingHL_stick45_stick40_robot1_staplergun1,ENHSP,3,3534.41,46141.24,True
208,NailingHL_stick45_stick41_robot1_staplergun1,ENHSP,1,3567.86,15723.34,True
209,Layers11_12,ENHSP,34,3292.62,1385092.91,True
210,ChangeEndeffectorHL_robot1_staplergun1_gripper1_dup7,ENHSP,4,3977.20,53653.98,True
211,PickUpHL_stick47_initlocstick47_robot1_gripper1,ENHSP,2,3634.51,42132.16,True
212,StackOnTwoHL_stick47_robot1_finallocstick47_stick42_stick43_layer10_layer11_gripper1,ENHSP,2,3792.68,54341.10,True
213,PickUpHL_stick46_initlocstick46_robot1_gripper1,ENHSP,2,3409.60,39671.35,True
214,StackOnTwoHL_stick46_robot1_finallocstick46_stick42_cube9_layer10_layer11_gripper1,ENHSP,2,3767.77,68047.04,True
215,PickUpHL_stick48_initlocstick48_robot1_gripper1,ENHSP,2,3556.28,39817.76,True
216,StackOnTwoHL_stick48_robot1_finallocstick48_stick44_stick43_layer10_layer11_gripper1,ENHSP,2,3736.88,49702.00,True
217,PickUpHL_stick51_initlocstick51_robot1_gripper1,ENHSP,2,3553.35,39839.66,True
218,StackOnTwoHL_stick51_robot1_finallocstick51_stick46_stick47_layer11_layer12_gripper1,ENHSP,2,3779.78,59273.71,True
219,PickUpHL_cube11_initloccube11_robot1_gripper1,ENHSP,2,3427.57,39733.66,True
220,StackHL_cube11_stick46_robot1_finalloccube11_gripper1,ENHSP,2,3512.99,53552.75,True
221,PickUpHL_stick52_initlocstick52_robot1_gripper1,ENHSP,2,3636.50,39878.39,True
222,StackOnTwoHL_stick52_robot1_finallocstick52_stick47_stick48_layer11_layer12_gripper1,ENHSP,2,3645.25,49002.84,True
223,PickUpHL_stick50_initlocstick50_robot1_gripper1,ENHSP,2,3514.92,39798.33,True
224,StackOnTwoHL_stick50_robot1_finallocstick50_cube10_stick45_layer10_layer11_gripper1,ENHSP,2,3687.84,56638.62,True
225,PickUpHL_stick49_initlocstick49_robot1_gripper1,ENHSP,2,3692.77,39784.06,True
226,StackOnTwoHL_stick49_robot1_finallocstick49_stick44_stick45_layer10_layer11_gripper1,ENHSP,2,3835.18,55121.39,True
227,PickUpHL_cube12_initloccube12_robot1_gripper1,ENHSP,2,3428.30,39800.36,True
228,StackHL_cube12_stick50_robot1_finalloccube12_gripper1,ENHSP,2,3535.12,55144.96,True
229,PickUpHL_stick53_initlocstick53_robot1_gripper1,ENHSP,2,3343.22,39801.09,True
230,StackOnTwoHL_stick53_robot1_finallocstick53_stick49_stick48_layer11_layer12_gripper1,ENHSP,2,3939.45,59362.46,True
231,PickUpHL_stick54_initlocstick54_robot1_gripper1,ENHSP,2,3566.68,39769.06,True
232,StackOnTwoHL_stick54_robot1_finallocstick54_stick49_stick50_layer11_layer12_gripper1,ENHSP,2,3812.88,56671.84,True
233,ChangeEndeffectorHL_robot1_gripper1_staplergun1_dup9,ENHSP,3,3758.21,53560.89,True
234,NailingHL_cube11_stick46_robot1_staplergun1,ENHSP,3,3934.77,47858.02,True
235,NailingHL_cube12_stick50_robot1_staplergun1,ENHSP,1,3553.29,17343.29,True
236,NailingHL_stick51_stick46_robot1_staplergun1,ENHSP,1,3706.64,15735.32,True
237,NailingHL_stick51_stick47_robot1_staplergun1,ENHSP,1,3753.27,21388.07,True
238,NailingHL_stick52_stick47_robot1_staplergun1,ENHSP,1,3664.33,18944.58,True
239,NailingHL_stick52_stick48_robot1_staplergun1,ENHSP,1,3657.70,20581.29,True
240,NailingHL_stick53_stick48_robot1_staplergun1,ENHSP,1,3609.62,18924.96,True
241,NailingHL_stick53_stick49_robot1_staplergun1,ENHSP,1,3677.99,17340.02,True
242,NailingHL_stick54_stick49_robot1_staplergun1,ENHSP,1,3873.35,14938.42,True
243,NailingHL_stick54_stick50_robot1_staplergun1,ENHSP,1,3725.01,18156.10,True
244,Layers13_14,ENHSP,34,3067.57,1375263.18,True
245,ChangeEndeffectorHL_robot1_staplergun1_gripper1_dup8,ENHSP,4,4189.08,53701.15,True
246,PickUpHL_stick56_initlocstick56_robot1_gripper1,ENHSP,2,3639.13,42326.90,True
247,StackOnTwoHL_stick56_robot1_finallocstick56_stick51_stick52_layer12_layer13_gripper1,ENHSP,2,3676.66,53638.04,True
248,PickUpHL_stick55_initlocstick55_robot1_gripper1,ENHSP,2,3658.25,40457.56,True
249,StackOnTwoHL_stick55_robot1_finallocstick55_stick51_cube11_layer12_layer13_gripper1,ENHSP,2,3628.87,68949.13,True
250,PickUpHL_stick59_initlocstick59_robot1_gripper1,ENHSP,2,3604.37,39861.36,True
251,StackOnTwoHL_stick59_robot1_finallocstick59_cube12_stick54_layer12_layer13_gripper1,ENHSP,2,3597.14,56003.04,True
252,PickUpHL_stick60_initlocstick60_robot1_gripper1,ENHSP,2,3539.58,39799.02,True
253,StackOnTwoHL_stick60_robot1_finallocstick60_stick55_stick56_layer13_layer14_gripper1,ENHSP,2,3688.48,60853.86,True
254,PickUpHL_stick57_initlocstick57_robot1_gripper1,ENHSP,2,3825.24,39777.13,True
255,StackOnTwoHL_stick57_robot1_finallocstick57_stick53_stick52_layer12_layer13_gripper1,ENHSP,2,3671.27,52141.30,True
256,PickUpHL_stick58_initlocstick58_robot1_gripper1,ENHSP,2,3647.90,40480.66,True
257,StackOnTwoHL_stick58_robot1_finallocstick58_stick53_stick54_layer12_layer13_gripper1,ENHSP,2,3682.09,55143.46,True
258,PickUpHL_stick62_initlocstick62_robot1_gripper1,ENHSP,2,3413.34,39764.46,True
259,StackOnTwoHL_stick62_robot1_finallocstick62_stick58_stick57_layer13_layer14_gripper1,ENHSP,2,3745.55,58632.29,True
260,PickUpHL_stick61_initlocstick61_robot1_gripper1,ENHSP,2,3545.52,39851.50,True
261,StackOnTwoHL_stick61_robot1_finallocstick61_stick56_stick57_layer13_layer14_gripper1,ENHSP,2,3727.06,48220.36,True
262,PickUpHL_cube14_initloccube14_robot1_gripper1,ENHSP,2,3709.60,40463.27,True
263,StackHL_cube14_stick59_robot1_finalloccube14_gripper1,ENHSP,2,3853.84,55108.44,True
264,PickUpHL_cube13_initloccube13_robot1_gripper1,ENHSP,2,3640.41,40492.67,True
265,StackHL_cube13_stick55_robot1_finalloccube13_gripper1,ENHSP,2,3665.42,56649.51,True
266,PickUpHL_stick63_initlocstick63_robot1_gripper1,ENHSP,2,3612.24,40468.01,True
267,StackOnTwoHL_stick63_robot1_finallocstick63_stick58_stick59_layer13_layer14_gripper1,ENHSP,2,3956.92,54302.28,True
268,ChangeEndeffectorHL_robot1_gripper1_staplergun1_dup10,ENHSP,3,3695.07,53426.71,True
269,NailingHL_cube13_stick55_robot1_staplergun1,ENHSP,3,3842.55,41459.08,True
270,NailingHL_cube14_stick59_robot1_staplergun1,ENHSP,1,3622.41,19779.89,True
271,NailingHL_stick60_stick55_robot1_staplergun1,ENHSP,1,3661.37,17321.59,True
272,NailingHL_stick60_stick56_robot1_staplergun1,ENHSP,1,3589.48,12537.74,True
273,NailingHL_stick61_stick56_robot1_staplergun1,ENHSP,1,3687.48,15023.85,True
274,NailingHL_stick61_stick57_robot1_staplergun1,ENHSP,1,3848.41,19716.35,True
275,NailingHL_stick62_stick57_robot1_staplergun1,ENHSP,1,3756.27,20560.32,True
276,NailingHL_stick62_stick58_robot1_staplergun1,ENHSP,1,3606.86,14990.03,True
277,NailingHL_stick63_stick58_robot1_staplergun1,ENHSP,1,3558.68,14115.61,True
278,NailingHL_stick63_stick59_robot1_staplergun1,ENHSP,1,3609.60,19726.48,True
279,Layers15_16,ENHSP,31,3160.37,1256806.45,True
280,ChangeEndeffectorHL_robot1_staplergun1_gripper1_dup9,ENHSP,4,4194.20,53128.74,True
281,PickUpHL_stick65_initlocstick65_robot1_gripper1,ENHSP,2,3087.85,42167.78,True
282,StackOnTwoHL_stick65_robot1_finallocstick65_stick60_stick61_layer14_layer15_gripper1,ENHSP,2,3151.82,51351.67,True
283,PickUpHL_stick64_initlocstick64_robot1_gripper1,ENHSP,2,3374.44,39780.08,True
284,StackOnTwoHL_stick64_robot1_finallocstick64_cube13_stick60_layer14_layer15_gripper1,ENHSP,2,3429.16,68260.09,True
285,PickUpHL_stick66_initlocstick66_robot1_gripper1,ENHSP,2,3284.03,39068.37,True
286,StackOnTwoHL_stick66_robot1_finallocstick66_stick62_stick61_layer14_layer15_gripper1,ENHSP,2,3491.51,52151.58,True
287,PickUpHL_stick69_initlocstick69_robot1_gripper1,ENHSP,2,3163.89,39778.85,True
288,StackOnTwoHL_stick69_robot1_finallocstick69_stick65_stick64_layer15_layer16_gripper1,ENHSP,2,3488.29,57040.40,True
289,PickUpHL_stick68_initlocstick68_robot1_gripper1,ENHSP,2,3344.99,39776.04,True
290,StackOnTwoHL_stick68_robot1_finallocstick68_stick63_cube14_layer14_layer15_gripper1,ENHSP,2,3330.17,55104.03,True
291,PickUpHL_stick67_initlocstick67_robot1_gripper1,ENHSP,2,3673.49,40470.73,True
292,StackOnTwoHL_stick67_robot1_finallocstick67_stick62_stick63_layer14_layer15_gripper1,ENHSP,2,3555.65,55110.98,True
293,PickUpHL_cube15_initloccube15_robot1_gripper1,ENHSP,2,3262.77,39789.90,True
294,StackHL_cube15_stick64_robot1_finalloccube15_gripper1,ENHSP,2,3238.06,55114.95,True
295,PickUpHL_stick71_initlocstick71_robot1_gripper1,ENHSP,2,3284.41,39744.51,True
296,StackOnTwoHL_stick71_robot1_finallocstick71_stick66_stick67_layer15_layer16_gripper1,ENHSP,2,3607.83,57929.51,True
297,PickUpHL_stick70_initlocstick70_robot1_gripper1,ENHSP,2,3266.32,39032.97,True
298,StackOnTwoHL_stick70_robot1_finallocstick70_stick66_stick65_layer15_layer16_gripper1,ENHSP,2,3289.10,49235.88,True
299,PickUpHL_stick72_initlocstick72_robot1_gripper1,ENHSP,2,3321.85,39776.72,True
300,StackOnTwoHL_stick72_robot1_finallocstick72_stick68_stick67_layer15_layer16_gripper1,ENHSP,2,3747.13,55863.46,True
301,ChangeEndeffectorHL_robot1_gripper1_staplergun1_dup11,ENHSP,3,3321.46,52714.40,True
302,NailingHL_cube15_stick64_robot1_staplergun1,ENHSP,3,3671.20,42284.28,True
303,NailingHL_stick69_stick64_robot1_staplergun1,ENHSP,1,3512.15,14930.69,True
304,NailingHL_stick69_stick65_robot1_staplergun1,ENHSP,1,3379.37,21275.54,True
305,NailingHL_stick70_stick65_robot1_staplergun1,ENHSP,1,3480.39,17431.57,True
306,NailingHL_stick70_stick66_robot1_staplergun1,ENHSP,1,3347.96,18929.40,True
307,NailingHL_stick71_stick66_robot1_staplergun1,ENHSP,1,3372.82,14106.80,True
308,NailingHL_stick71_stick67_robot1_staplergun1,ENHSP,1,3314.94,19698.09,True
309,NailingHL_stick72_stick67_robot1_staplergun1,ENHSP,1,3430.17,16517.17,True
310,NailingHL_stick72_stick68_robot1_staplergun1,ENHSP,1,3188.28,19751.84,True
311,Layers17_18,ENHSP,25,2180.27,1008817.92,True
312,ChangeEndeffectorHL_robot1_staplergun1_gripper1_dup10,ENHSP,4,2514.77,52967.95,True
313,PickUpHL_stick73_initlocstick73_robot1_gripper1,ENHSP,2,2180.94,41471.23,True
314,StackOnTwoHL_stick73_robot1_finallocstick73_cube15_stick69_layer16_layer17_gripper1,ENHSP,2,2407.92,66682.31,True
315,PickUpHL_stick74_initlocstick74_robot1_gripper1,ENHSP,2,2301.16,38993.87,True
316,StackOnTwoHL_stick74_robot1_finallocstick74_stick70_stick69_layer16_layer17_gripper1,ENHSP,2,2235.83,50485.03,True
317,PickUpHL_stick76_initlocstick76_robot1_gripper1,ENHSP,2,2126.72,38862.23,True
318,StackOnTwoHL_stick76_robot1_finallocstick76_stick71_stick72_layer16_layer17_gripper1,ENHSP,2,2385.09,53593.20,True
319,PickUpHL_cube16_initloccube16_robot1_gripper1,ENHSP,2,2365.34,38944.98,True
320,StackHL_cube16_stick73_robot1_finalloccube16_gripper1,ENHSP,2,2159.72,54213.88,True
321,PickUpHL_stick75_initlocstick75_robot1_gripper1,ENHSP,2,2292.52,38905.92,True
322,StackOnTwoHL_stick75_robot1_finallocstick75_stick70_stick71_layer16_layer17_gripper1,ENHSP,2,2419.11,52025.81,True
323,PickUpHL_stick77_initlocstick77_robot1_gripper1,ENHSP,2,2266.90,38833.94,True
324,StackOnTwoHL_stick77_robot1_finallocstick77_stick74_stick73_layer17_layer18_gripper1,ENHSP,2,2565.82,57085.11,True
325,PickUpHL_stick78_initlocstick78_robot1_gripper1,ENHSP,2,2141.23,38840.89,True
326,StackOnTwoHL_stick78_robot1_finallocstick78_stick75_stick74_layer17_layer18_gripper1,ENHSP,2,2630.08,47673.66,True
327,PickUpHL_stick79_initlocstick79_robot1_gripper1,ENHSP,2,2548.13,38904.96,True
328,StackOnTwoHL_stick79_robot1_finallocstick79_stick76_stick75_layer17_layer18_gripper1,ENHSP,2,2674.83,55624.91,True
329,ChangeEndeffectorHL_robot1_gripper1_staplergun1_dup12,ENHSP,3,2451.02,51993.36,True
330,NailingHL_cube16_stick73_robot1_staplergun1,ENHSP,3,2525.47,46279.93,True
331,NailingHL_stick77_stick73_robot1_staplergun1,ENHSP,1,2532.88,14115.06,True
332,NailingHL_stick77_stick74_robot1_staplergun1,ENHSP,1,2334.20,19688.55,True
333,NailingHL_stick78_stick74_robot1_staplergun1,ENHSP,1,2512.86,15725.26,True
334,NailingHL_stick78_stick75_robot1_staplergun1,ENHSP,1,2434.68,11704.51,True
335,NailingHL_stick79_stick75_robot1_staplergun1,ENHSP,1,2491.46,19712.46,True
336,NailingHL_stick79_stick76_robot1_staplergun1,ENHSP,1,2325.79,18127.73,True
337,Layers19_20,ENHSP,19,1481.45,751749.25,True
338,ChangeEndeffectorHL_robot1_staplergun1_gripper1_dup11,ENHSP,4,1859.70,50388.14,True
339,PickUpHL_stick81_initlocstick81_robot1_gripper1,ENHSP,2,1552.85,40279.00,True
340,StackOnTwoHL_stick81_robot1_finallocstick81_stick78_stick77_layer18_layer19_gripper1,ENHSP,2,1587.01,49094.71,True
341,PickUpHL_stick80_initlocstick80_robot1_gripper1,ENHSP,2,1562.10,38080.91,True
342,StackOnTwoHL_stick80_robot1_finallocstick80_stick77_cube16_layer18_layer19_gripper1,ENHSP,2,1845.43,62191.21,True
343,PickUpHL_cube17_initloccube17_robot1_gripper1,ENHSP,2,1563.79,38074.18,True
344,StackHL_cube17_stick80_robot1_finalloccube17_gripper1,ENHSP,2,1727.03,52827.45,True
345,PickUpHL_stick82_initlocstick82_robot1_gripper1,ENHSP,2,1531.39,38109.14,True
346,StackOnTwoHL_stick82_robot1_finallocstick82_stick79_stick78_layer18_layer19_gripper1,ENHSP,2,1660.06,49483.75,True
347,PickUpHL_stick83_initlocstick83_robot1_gripper1,ENHSP,2,1720.49,38172.94,True
348,StackOnTwoHL_stick83_robot1_finallocstick83_stick80_stick81_layer19_layer20_gripper1,ENHSP,2,1607.17,56330.74,True
349,PickUpHL_stick84_initlocstick84_robot1_gripper1,ENHSP,2,1607.55,38163.02,True
350,StackOnTwoHL_stick84_robot1_finallocstick84_stick81_stick82_layer19_layer20_gripper1,ENHSP,2,1742.92,46787.28,True
351,ChangeEndeffectorHL_robot1_gripper1_staplergun1_dup13,ENHSP,3,1731.70,51154.43,True
352,NailingHL_cube17_stick80_robot1_staplergun1,ENHSP,3,1679.78,43950.79,True
353,NailingHL_stick83_stick80_robot1_staplergun1,ENHSP,1,1604.11,12557.12,True
354,NailingHL_stick83_stick81_robot1_staplergun1,ENHSP,1,1586.41,14880.93,True
355,NailingHL_stick84_stick81_robot1_staplergun1,ENHSP,1,1502.62,13308.70,True
356,NailingHL_stick84_stick82_robot1_staplergun1,ENHSP,1,1667.95,12504.46,True
357,Layers21_22,ENHSP,8,984.08,0.00,False
358,ChangeEndeffectorHL_robot1_staplergun1_gripper1_dup12,ENHSP,4,1235.25,890673.80,True
359,PickUpHL_stick87_initlocstick87_robot1_gripper1,ENHSP,6,1254.76,0.00,False
360,PickUpHL_stick87_initlocstick87_robot1_gripper1,ENHSP,2,1178.71,0.00,False
361,PickUpHL_stick85_initlocstick85_robot1_gripper1,ENHSP,2,1100.79,706102.93,True
362,PickUpHL_stick87_initlocstick87_robot1_gripper1,ENHSP,0,978.94,1036.04,False
363,StackOnTwoHL_stick85_robot1_finallocstick85_cube17_stick83_layer20_layer21_gripper1,ENHSP,2,1133.95,64841.69,True
364,PickUpHL_stick87_initlocstick87_robot1_gripper1,ENHSP,2,1173.95,52382.84,True
365,PickUpHL_stick86_initlocstick86_robot1_gripper1,ENHSP,2,1165.00,0.00,False
366,PickUpHL_stick86_initlocstick86_robot1_gripper1,ENHSP,0,1016.20,1046.56,False
367,StackOnTwoHL_stick87_robot1_finallocstick87_stick86_stick85_layer21_layer22_gripper1,ENHSP,10,1919.58,0.00,False
