CallNumber,Timestamp,PlannerName,HLActionInstance,ProblemFile,Objects,InitPredicates,GoalPredicates,DomainActions,Success,PlannerTimeMs,TotalTimeMs,ActionsGenerated,PlanLength,Error
1,2026-05-04 13:21:53.045,ENHSP,Layers1_2,./Plannerinputs/static/Demonstrator/ProblemL1L2.pddl,19,1,25,5,True,2094.87,2270.34,33,0,
2,2026-05-04 13:21:55.384,ENHSP,PickUpHL_stick4_initlocstick4_robot1_gripper1,Plannerinputs/generated/problemPickUpHL_stick4_initlocstick4_robot1_gripper1.pddl,19,1,5,10,True,2045.11,2101.07,2,0,
3,2026-05-04 13:22:34.878,ENHSP,StackHL_stick4_table1_robot1_finallocstick4_gripper1,Plannerinputs/generated/problemStackHL_stick4_table1_robot1_finallocstick4_gripper1.pddl,19,1,8,10,True,1950.13,2003.81,2,0,
4,2026-05-04 13:23:30.867,ENHSP,PickUpHL_stick5_initlocstick5_robot1_gripper1,Plannerinputs/generated/problemPickUpHL_stick5_initlocstick5_robot1_gripper1.pddl,19,1,5,10,True,2095.98,2150.06,2,0,
5,2026-05-04 13:24:09.321,ENHSP,StackHL_stick5_table1_robot1_finallocstick5_gripper1,Plannerinputs/generated/problemStackHL_stick5_table1_robot1_finallocstick5_gripper1.pddl,19,1,8,10,True,2063.02,2111.80,2,0,
6,2026-05-04 13:25:03.724,ENHSP,PickUpHL_stick2_initlocstick2_robot1_gripper1,Plannerinputs/generated/problemPickUpHL_stick2_initlocstick2_robot1_gripper1.pddl,19,1,5,10,True,2010.15,2053.99,2,0,
7,2026-05-04 13:25:23.058,ENHSP,Layers1_2,./Plannerinputs/static/Demonstrator/ProblemL1L2.pddl,19,1,25,5,True,2006.50,2069.30,31,0,
8,2026-05-04 13:25:25.165,ENHSP,PickUpHL_stick5_initlocstick5_robot1_gripper1_dup2,Plannerinputs/generated/problemPickUpHL_stick5_initlocstick5_robot1_gripper1_dup2.pddl,19,1,5,10,True,2051.48,2098.12,1,0,
9,2026-05-04 13:25:45.463,ENHSP,StackHL_stick5_table1_robot1_finallocstick5_gripper1_dup2,Plannerinputs/generated/problemStackHL_stick5_table1_robot1_finallocstick5_gripper1_dup2.pddl,19,1,8,10,True,2012.00,2071.63,2,0,
10,2026-05-04 13:26:42.224,ENHSP,PickUpHL_cube2_initloccube2_robot1_gripper1_dup2,Plannerinputs/generated/problemPickUpHL_cube2_initloccube2_robot1_gripper1_dup2.pddl,19,1,5,10,True,2026.21,2074.36,2,0,
11,2026-05-04 13:27:20.590,ENHSP,StackHL_cube2_stick5_robot1_finalloccube2_gripper1_dup2,Plannerinputs/generated/problemStackHL_cube2_stick5_robot1_finalloccube2_gripper1_dup2.pddl,19,1,8,10,True,2010.07,2055.50,2,0,
12,2026-05-04 13:28:16.597,ENHSP,PickUpHL_stick1_initlocstick1_robot1_gripper1_dup2,Plannerinputs/generated/problemPickUpHL_stick1_initlocstick1_robot1_gripper1_dup2.pddl,19,1,5,10,True,2235.13,2292.20,2,0,
13,2026-05-04 13:28:55.672,ENHSP,StackHL_stick1_table1_robot1_finallocstick1_gripper1_dup2,Plannerinputs/generated/problemStackHL_stick1_table1_robot1_finallocstick1_gripper1_dup2.pddl,19,1,8,10,True,2304.13,2357.61,2,0,
14,2026-05-04 13:30:06.948,ENHSP,PickUpHL_stick3_initlocstick3_robot1_gripper1_dup2,Plannerinputs/generated/problemPickUpHL_stick3_initlocstick3_robot1_gripper1_dup2.pddl,19,1,5,10,True,2148.81,2205.00,2,0,
15,2026-05-04 13:30:26.970,ENHSP,PickUpHL_stick3_initlocstick3_robot1_gripper1_dup2,Plannerinputs/generated/problemPickUpHL_stick3_initlocstick3_robot1_gripper1_dup2.pddl,19,1,5,10,True,2314.74,2376.40,3,0,
16,2026-05-04 13:31:26.989,ENHSP,StackHL_stick3_table1_robot1_finallocstick3_gripper1_dup2,Plannerinputs/generated/problemStackHL_stick3_table1_robot1_finallocstick3_gripper1_dup2.pddl,19,1,8,10,True,2165.25,2215.38,2,0,
17,2026-05-04 13:32:18.217,ENHSP,PickUpHL_stick2_initlocstick2_robot1_gripper1_dup2,Plannerinputs/generated/problemPickUpHL_stick2_initlocstick2_robot1_gripper1_dup2.pddl,19,1,5,10,True,2203.86,2255.23,2,0,
18,2026-05-04 13:32:57.283,ENHSP,StackHL_stick2_table1_robot1_finallocstick2_gripper1_dup2,Plannerinputs/generated/problemStackHL_stick2_table1_robot1_finallocstick2_gripper1_dup2.pddl,19,1,8,10,True,2150.25,2226.21,2,0,
19,2026-05-04 13:33:52.217,ENHSP,PickUpHL_stick6_initlocstick6_robot1_gripper1_dup2,Plannerinputs/generated/problemPickUpHL_stick6_initlocstick6_robot1_gripper1_dup2.pddl,19,1,5,10,True,2172.80,2228.15,2,0,
20,2026-05-04 13:34:20.824,Enhsp,PickUpHL_stick6_initlocstick6_robot1_gripper1_dup2,Plannerinputs/generated/problemPickUpHL_stick6_initlocstick6_robot1_gripper1_dup2.pddl,19,1,5,10,False,0.00,0.00,0,0,
21,2026-05-04 13:34:21.003,Enhsp,PickUpHL_stick6_initlocstick6_robot1_gripper1_dup2,Plannerinputs/generated/problemPickUpHL_stick6_initlocstick6_robot1_gripper1_dup2.pddl,19,1,5,10,False,0.00,0.00,0,0,
22,2026-05-04 13:34:25.195,Enhsp,PickUpHL_stick6_initlocstick6_robot1_gripper1_dup2,Plannerinputs/generated/problemPickUpHL_stick6_initlocstick6_robot1_gripper1_dup2.pddl,19,1,5,10,False,0.00,0.00,0,0,
23,2026-05-04 13:34:29.367,Enhsp,PickUpHL_stick6_initlocstick6_robot1_gripper1_dup2,Plannerinputs/generated/problemPickUpHL_stick6_initlocstick6_robot1_gripper1_dup2.pddl,19,1,5,10,False,0.00,4060.90,0,0,Failed to communicate with planning service: No connection could be made because the target machine actively refused it. (localhost:5000)
24,2026-05-04 13:34:33.557,Enhsp,PickUpHL_stick6_initlocstick6_robot1_gripper1_dup2,Plannerinputs/generated/problemPickUpHL_stick6_initlocstick6_robot1_gripper1_dup2.pddl,19,1,5,10,False,0.00,4041.83,0,0,Failed to communicate with planning service: No connection could be made because the target machine actively refused it. (localhost:5000)
25,2026-05-04 13:34:37.719,Enhsp,PickUpHL_stick6_initlocstick6_robot1_gripper1_dup2,Plannerinputs/generated/problemPickUpHL_stick6_initlocstick6_robot1_gripper1_dup2.pddl,19,1,5,10,False,0.00,4064.18,0,0,Failed to communicate with planning service: No connection could be made because the target machine actively refused it. (localhost:5000)
26,2026-05-04 13:34:41.904,Enhsp,PickUpHL_stick6_initlocstick6_robot1_gripper1_dup2,Plannerinputs/generated/problemPickUpHL_stick6_initlocstick6_robot1_gripper1_dup2.pddl,19,1,5,10,False,0.00,4063.87,0,0,Failed to communicate with planning service: No connection could be made because the target machine actively refused it. (localhost:5000)
27,2026-05-04 13:34:46.091,Enhsp,PickUpHL_stick6_initlocstick6_robot1_gripper1_dup2,Plannerinputs/generated/problemPickUpHL_stick6_initlocstick6_robot1_gripper1_dup2.pddl,19,1,5,10,False,0.00,4051.81,0,0,Failed to communicate with planning service: No connection could be made because the target machine actively refused it. (localhost:5000)
28,2026-05-04 13:34:50.264,Enhsp,PickUpHL_stick6_initlocstick6_robot1_gripper1_dup2,Plannerinputs/generated/problemPickUpHL_stick6_initlocstick6_robot1_gripper1_dup2.pddl,19,1,5,10,False,0.00,4042.65,0,0,Failed to communicate with planning service: No connection could be made because the target machine actively refused it. (localhost:5000)
29,2026-05-04 13:34:54.426,Enhsp,PickUpHL_stick6_initlocstick6_robot1_gripper1_dup2,Plannerinputs/generated/problemPickUpHL_stick6_initlocstick6_robot1_gripper1_dup2.pddl,19,1,5,10,False,0.00,4055.81,0,0,Failed to communicate with planning service: No connection could be made because the target machine actively refused it. (localhost:5000)
30,2026-05-04 13:34:58.613,Enhsp,PickUpHL_stick6_initlocstick6_robot1_gripper1_dup2,Plannerinputs/generated/problemPickUpHL_stick6_initlocstick6_robot1_gripper1_dup2.pddl,19,1,5,10,False,0.00,4054.21,0,0,Failed to communicate with planning service: No connection could be made because the target machine actively refused it. (localhost:5000)
31,2026-05-04 13:35:02.785,Enhsp,PickUpHL_stick6_initlocstick6_robot1_gripper1_dup2,Plannerinputs/generated/problemPickUpHL_stick6_initlocstick6_robot1_gripper1_dup2.pddl,19,1,5,10,False,0.00,4058.02,0,0,Failed to communicate with planning service: No connection could be made because the target machine actively refused it. (localhost:5000)
32,2026-05-04 13:35:06.961,Enhsp,PickUpHL_stick6_initlocstick6_robot1_gripper1_dup2,Plannerinputs/generated/problemPickUpHL_stick6_initlocstick6_robot1_gripper1_dup2.pddl,19,1,5,10,False,0.00,4046.03,0,0,Failed to communicate with planning service: No connection could be made because the target machine actively refused it. (localhost:5000)
33,2026-05-04 13:35:11.134,Enhsp,PickUpHL_stick6_initlocstick6_robot1_gripper1_dup2,Plannerinputs/generated/problemPickUpHL_stick6_initlocstick6_robot1_gripper1_dup2.pddl,19,1,5,10,False,0.00,4052.80,0,0,Failed to communicate with planning service: No connection could be made because the target machine actively refused it. (localhost:5000)
34,2026-05-04 13:35:15.304,Enhsp,PickUpHL_stick6_initlocstick6_robot1_gripper1_dup2,Plannerinputs/generated/problemPickUpHL_stick6_initlocstick6_robot1_gripper1_dup2.pddl,19,1,5,10,False,0.00,4040.41,0,0,Failed to communicate with planning service: No connection could be made because the target machine actively refused it. (localhost:5000)
35,2026-05-04 13:35:19.465,Enhsp,PickUpHL_stick6_initlocstick6_robot1_gripper1_dup2,Plannerinputs/generated/problemPickUpHL_stick6_initlocstick6_robot1_gripper1_dup2.pddl,19,1,5,10,False,0.00,4052.96,0,0,Failed to communicate with planning service: No connection could be made because the target machine actively refused it. (localhost:5000)
36,2026-05-04 13:35:23.640,Enhsp,PickUpHL_stick6_initlocstick6_robot1_gripper1_dup2,Plannerinputs/generated/problemPickUpHL_stick6_initlocstick6_robot1_gripper1_dup2.pddl,19,1,5,10,False,0.00,4051.88,0,0,Failed to communicate with planning service: No connection could be made because the target machine actively refused it. (localhost:5000)
37,2026-05-04 13:35:27.817,Enhsp,PickUpHL_stick6_initlocstick6_robot1_gripper1_dup2,Plannerinputs/generated/problemPickUpHL_stick6_initlocstick6_robot1_gripper1_dup2.pddl,19,1,5,10,False,0.00,4045.95,0,0,Failed to communicate with planning service: No connection could be made because the target machine actively refused it. (localhost:5000)
38,2026-05-04 13:35:31.979,Enhsp,PickUpHL_stick6_initlocstick6_robot1_gripper1_dup2,Plannerinputs/generated/problemPickUpHL_stick6_initlocstick6_robot1_gripper1_dup2.pddl,19,1,5,10,False,0.00,4055.03,0,0,Failed to communicate with planning service: No connection could be made because the target machine actively refused it. (localhost:5000)
39,2026-05-04 13:35:36.154,Enhsp,PickUpHL_stick6_initlocstick6_robot1_gripper1_dup2,Plannerinputs/generated/problemPickUpHL_stick6_initlocstick6_robot1_gripper1_dup2.pddl,19,1,5,10,False,0.00,4052.25,0,0,Failed to communicate with planning service: No connection could be made because the target machine actively refused it. (localhost:5000)
40,2026-05-04 13:35:40.324,Enhsp,PickUpHL_stick6_initlocstick6_robot1_gripper1_dup2,Plannerinputs/generated/problemPickUpHL_stick6_initlocstick6_robot1_gripper1_dup2.pddl,19,1,5,10,False,0.00,4039.52,0,0,Failed to communicate with planning service: No connection could be made because the target machine actively refused it. (localhost:5000)
41,2026-05-04 13:37:02.546,Enhsp,PickUpHL_stick6_initlocstick6_robot1_gripper1_dup2,Plannerinputs/generated/problemPickUpHL_stick6_initlocstick6_robot1_gripper1_dup2.pddl,19,1,5,10,False,0.00,4047.53,0,0,Failed to communicate with planning service: No connection could be made because the target machine actively refused it. (localhost:5000)
42,2026-05-04 13:37:06.708,Enhsp,PickUpHL_stick6_initlocstick6_robot1_gripper1_dup2,Plannerinputs/generated/problemPickUpHL_stick6_initlocstick6_robot1_gripper1_dup2.pddl,19,1,5,10,False,0.00,4052.93,0,0,Failed to communicate with planning service: No connection could be made because the target machine actively refused it. (localhost:5000)
43,2026-05-04 13:37:10.879,Enhsp,PickUpHL_stick6_initlocstick6_robot1_gripper1_dup2,Plannerinputs/generated/problemPickUpHL_stick6_initlocstick6_robot1_gripper1_dup2.pddl,19,1,5,10,False,0.00,4037.43,0,0,Failed to communicate with planning service: No connection could be made because the target machine actively refused it. (localhost:5000)
44,2026-05-04 13:38:11.957,ENHSP,PickUpHL_stick6_initlocstick6_robot1_gripper1_dup2,Plannerinputs/generated/problemPickUpHL_stick6_initlocstick6_robot1_gripper1_dup2.pddl,19,1,5,10,True,2208.95,2254.57,2,0,
45,2026-05-04 13:44:08.772,ENHSP,StackOnTwoHL_stick6_robot1_finallocstick6_stick2_stick1_layer1_layer2_gripper1_dup2,Plannerinputs/generated/problemStackOnTwoHL_stick6_robot1_finallocstick6_stick2_stick1_layer1_layer2_gripper1_dup2.pddl,19,1,10,10,True,2452.01,2506.90,2,0,
46,2026-05-04 13:45:10.365,ENHSP,PickUpHL_stick7_initlocstick7_robot1_gripper1_dup2,Plannerinputs/generated/problemPickUpHL_stick7_initlocstick7_robot1_gripper1_dup2.pddl,19,1,5,10,True,2335.09,2388.01,2,0,
47,2026-05-04 13:45:49.426,ENHSP,StackOnTwoHL_stick7_robot1_finallocstick7_stick2_stick3_layer1_layer2_gripper1,Plannerinputs/generated/problemStackOnTwoHL_stick7_robot1_finallocstick7_stick2_stick3_layer1_layer2_gripper1.pddl,19,1,10,10,True,2493.91,2557.02,2,0,
48,2026-05-04 13:46:43.235,ENHSP,PickUpHL_cube1_initloccube1_robot1_gripper1_dup2,Plannerinputs/generated/problemPickUpHL_cube1_initloccube1_robot1_gripper1_dup2.pddl,19,1,5,10,True,2255.81,2309.45,2,0,
49,2026-05-04 13:47:22.265,ENHSP,StackHL_cube1_stick1_robot1_finalloccube1_gripper1_dup2,Plannerinputs/generated/problemStackHL_cube1_stick1_robot1_finalloccube1_gripper1_dup2.pddl,19,1,8,10,True,2199.21,2252.02,2,0,
50,2026-05-04 13:48:19.720,ENHSP,PickUpHL_stick8_initlocstick8_robot1_gripper1_dup2,Plannerinputs/generated/problemPickUpHL_stick8_initlocstick8_robot1_gripper1_dup2.pddl,19,1,5,10,True,2408.19,2457.18,2,0,
51,2026-05-04 13:48:58.829,ENHSP,StackOnTwoHL_stick8_robot1_finallocstick8_stick3_stick4_layer1_layer2_gripper1_dup2,Plannerinputs/generated/problemStackOnTwoHL_stick8_robot1_finallocstick8_stick3_stick4_layer1_layer2_gripper1_dup2.pddl,19,1,10,10,True,2738.16,2790.95,2,0,
52,2026-05-04 13:49:59.871,ENHSP,PickUpHL_stick9_initlocstick9_robot1_gripper1_dup2,Plannerinputs/generated/problemPickUpHL_stick9_initlocstick9_robot1_gripper1_dup2.pddl,19,1,5,10,True,2313.26,2367.26,2,0,
53,2026-05-04 13:50:38.237,ENHSP,StackOnTwoHL_stick9_robot1_finallocstick9_stick4_stick5_layer1_layer2_gripper1,Plannerinputs/generated/problemStackOnTwoHL_stick9_robot1_finallocstick9_stick4_stick5_layer1_layer2_gripper1.pddl,19,1,10,10,True,2407.24,2475.56,2,0,
54,2026-05-04 13:51:32.550,ENHSP,ChangeEndeffectorHL_robot1_gripper1_staplergun1_dup2,Plannerinputs/generated/problemChangeEndeffectorHL_robot1_gripper1_staplergun1_dup2.pddl,19,1,2,10,True,2398.91,2454.87,4,0,
55,2026-05-04 13:52:24.538,ENHSP,NailingHL_cube1_stick1_robot1_staplergun1_dup2,Plannerinputs/generated/problemNailingHL_cube1_stick1_robot1_staplergun1_dup2.pddl,19,1,2,10,True,2426.81,2476.95,3,0,
56,2026-05-04 13:53:04.828,ENHSP,NailingHL_cube2_stick5_robot1_staplergun1_dup2,Plannerinputs/generated/problemNailingHL_cube2_stick5_robot1_staplergun1_dup2.pddl,19,1,2,10,True,2337.31,2388.42,1,0,
57,2026-05-04 13:53:26.376,ENHSP,NailingHL_stick6_stick1_robot1_staplergun1_dup2,Plannerinputs/generated/problemNailingHL_stick6_stick1_robot1_staplergun1_dup2.pddl,19,1,2,10,True,2450.01,2503.91,1,0,
58,2026-05-04 13:53:43.085,ENHSP,NailingHL_stick6_stick2_robot1_staplergun1_dup2,Plannerinputs/generated/problemNailingHL_stick6_stick2_robot1_staplergun1_dup2.pddl,19,1,2,10,True,2363.41,2407.78,1,0,
59,2026-05-04 13:53:56.617,ENHSP,NailingHL_stick7_stick2_robot1_staplergun1_dup2,Plannerinputs/generated/problemNailingHL_stick7_stick2_robot1_staplergun1_dup2.pddl,19,1,2,10,True,2343.15,2395.68,1,0,
60,2026-05-04 13:54:16.563,ENHSP,NailingHL_stick7_stick3_robot1_staplergun1_dup2,Plannerinputs/generated/problemNailingHL_stick7_stick3_robot1_staplergun1_dup2.pddl,19,1,2,10,True,2319.53,2373.69,1,0,
61,2026-05-04 13:54:36.461,ENHSP,NailingHL_stick8_stick3_robot1_staplergun1_dup2,Plannerinputs/generated/problemNailingHL_stick8_stick3_robot1_staplergun1_dup2.pddl,19,1,2,10,True,2340.39,2391.55,1,0,
62,2026-05-04 13:54:50.822,ENHSP,NailingHL_stick8_stick4_robot1_staplergun1_dup2,Plannerinputs/generated/problemNailingHL_stick8_stick4_robot1_staplergun1_dup2.pddl,19,1,2,10,True,2224.46,2269.71,1,0,
63,2026-05-04 13:55:07.538,ENHSP,NailingHL_stick9_stick4_robot1_staplergun1_dup2,Plannerinputs/generated/problemNailingHL_stick9_stick4_robot1_staplergun1_dup2.pddl,19,1,2,10,True,2398.82,2451.64,1,0,
64,2026-05-04 13:55:25.065,ENHSP,NailingHL_stick9_stick5_robot1_staplergun1_dup2,Plannerinputs/generated/problemNailingHL_stick9_stick5_robot1_staplergun1_dup2.pddl,19,1,2,10,True,2318.84,2364.52,1,0,
65,2026-05-04 13:55:41.766,ENHSP,Layers3_4,./Plannerinputs/static/Demonstrator/ProblemL3L4.pddl,0,1,40,5,True,3224.73,3300.50,36,0,
66,2026-05-04 13:55:45.141,ENHSP,ChangeEndeffectorHL_robot1_staplergun1_gripper1,Plannerinputs/generated/problemChangeEndeffectorHL_robot1_staplergun1_gripper1.pddl,0,1,2,10,True,3733.83,3786.77,4,0,
67,2026-05-04 13:56:38.130,ENHSP,PickUpHL_stick11_initlocstick11_robot1_gripper1,Plannerinputs/generated/problemPickUpHL_stick11_initlocstick11_robot1_gripper1.pddl,0,1,5,10,True,3642.77,3691.16,2,0,
68,2026-05-04 13:57:21.363,ENHSP,StackOnTwoHL_stick11_robot1_finallocstick11_stick6_stick7_layer2_layer3_gripper1,Plannerinputs/generated/problemStackOnTwoHL_stick11_robot1_finallocstick11_stick6_stick7_layer2_layer3_gripper1.pddl,0,1,10,10,True,3673.72,3722.29,2,0,
69,2026-05-04 13:58:18.995,ENHSP,PickUpHL_stick10_initlocstick10_robot1_gripper1,Plannerinputs/generated/problemPickUpHL_stick10_initlocstick10_robot1_gripper1.pddl,0,1,5,10,True,3906.27,4003.04,2,0,
70,2026-05-04 13:58:59.655,ENHSP,StackOnTwoHL_stick10_robot1_finallocstick10_stick6_cube1_layer2_layer3_gripper1,Plannerinputs/generated/problemStackOnTwoHL_stick10_robot1_finallocstick10_stick6_cube1_layer2_layer3_gripper1.pddl,0,1,10,10,True,3941.18,4004.41,2,0,
71,2026-05-04 14:00:12.568,ENHSP,PickUpHL_stick12_initlocstick12_robot1_gripper1,Plannerinputs/generated/problemPickUpHL_stick12_initlocstick12_robot1_gripper1.pddl,0,1,5,10,True,3513.83,3578.15,2,0,
72,2026-05-04 14:00:51.788,ENHSP,StackOnTwoHL_stick12_robot1_finallocstick12_stick8_stick7_layer2_layer3_gripper1,Plannerinputs/generated/problemStackOnTwoHL_stick12_robot1_finallocstick12_stick8_stick7_layer2_layer3_gripper1.pddl,0,1,10,10,True,3570.23,3627.73,2,0,
73,2026-05-04 14:01:44.914,ENHSP,PickUpHL_stick15_initlocstick15_robot1_gripper1,Plannerinputs/generated/problemPickUpHL_stick15_initlocstick15_robot1_gripper1.pddl,0,1,5,10,True,3569.19,3622.66,2,0,
74,2026-05-04 14:02:24.966,ENHSP,StackOnTwoHL_stick15_robot1_finallocstick15_stick11_stick10_layer3_layer4_gripper1,Plannerinputs/generated/problemStackOnTwoHL_stick15_robot1_finallocstick15_stick11_stick10_layer3_layer4_gripper1.pddl,0,1,10,10,True,3707.45,3756.99,2,0,
75,2026-05-04 14:03:29.708,ENHSP,PickUpHL_cube3_initloccube3_robot1_gripper1,Plannerinputs/generated/problemPickUpHL_cube3_initloccube3_robot1_gripper1.pddl,0,1,5,10,True,3496.74,3590.59,2,0,
76,2026-05-04 14:04:10.335,ENHSP,StackHL_cube3_stick10_robot1_finalloccube3_gripper1,Plannerinputs/generated/problemStackHL_cube3_stick10_robot1_finalloccube3_gripper1.pddl,0,1,8,10,True,3533.16,3582.52,2,0,
77,2026-05-04 14:05:08.727,ENHSP,PickUpHL_stick16_initlocstick16_robot1_gripper1,Plannerinputs/generated/problemPickUpHL_stick16_initlocstick16_robot1_gripper1.pddl,0,1,5,10,True,3552.50,3610.89,2,0,
78,2026-05-04 14:05:49.275,ENHSP,StackOnTwoHL_stick16_robot1_finallocstick16_stick12_stick11_layer3_layer4_gripper1,Plannerinputs/generated/problemStackOnTwoHL_stick16_robot1_finallocstick16_stick12_stick11_layer3_layer4_gripper1.pddl,0,1,10,10,True,3675.61,3731.85,2,0,
79,2026-05-04 14:06:40.727,ENHSP,PickUpHL_stick14_initlocstick14_robot1_gripper1,Plannerinputs/generated/problemPickUpHL_stick14_initlocstick14_robot1_gripper1.pddl,0,1,5,10,True,3472.43,3525.36,2,0,
80,2026-05-04 14:07:20.676,ENHSP,StackOnTwoHL_stick14_robot1_finallocstick14_cube2_stick9_layer2_layer3_gripper1,Plannerinputs/generated/problemStackOnTwoHL_stick14_robot1_finallocstick14_cube2_stick9_layer2_layer3_gripper1.pddl,0,1,10,10,True,3989.04,4042.92,2,0,
81,2026-05-04 14:08:19.082,ENHSP,PickUpHL_stick13_initlocstick13_robot1_gripper1,Plannerinputs/generated/problemPickUpHL_stick13_initlocstick13_robot1_gripper1.pddl,0,1,5,10,True,3626.33,3678.99,2,0,
82,2026-05-04 14:08:59.006,ENHSP,StackOnTwoHL_stick13_robot1_finallocstick13_stick8_stick9_layer2_layer3_gripper1,Plannerinputs/generated/problemStackOnTwoHL_stick13_robot1_finallocstick13_stick8_stick9_layer2_layer3_gripper1.pddl,0,1,10,10,True,3975.80,4033.77,2,0,
83,2026-05-04 14:09:55.883,ENHSP,PickUpHL_cube4_initloccube4_robot1_gripper1,Plannerinputs/generated/problemPickUpHL_cube4_initloccube4_robot1_gripper1.pddl,0,1,5,10,True,3495.76,3560.40,2,0,
84,2026-05-04 14:10:35.847,ENHSP,StackHL_cube4_stick14_robot1_finalloccube4_gripper1,Plannerinputs/generated/problemStackHL_cube4_stick14_robot1_finalloccube4_gripper1.pddl,0,1,8,10,True,3625.31,3678.43,2,0,
85,2026-05-04 14:11:31.727,ENHSP,PickUpHL_stick17_initlocstick17_robot1_gripper1,Plannerinputs/generated/problemPickUpHL_stick17_initlocstick17_robot1_gripper1.pddl,0,1,5,10,True,3410.92,3471.16,2,0,
86,2026-05-04 14:12:11.714,ENHSP,StackOnTwoHL_stick17_robot1_finallocstick17_stick13_stick12_layer3_layer4_gripper1,Plannerinputs/generated/problemStackOnTwoHL_stick17_robot1_finallocstick17_stick13_stick12_layer3_layer4_gripper1.pddl,0,1,10,10,True,3766.59,3820.03,2,0,
87,2026-05-04 14:13:14.230,ENHSP,ChangeEndeffectorHL_robot1_gripper1_staplergun1_dup3,Plannerinputs/generated/problemChangeEndeffectorHL_robot1_gripper1_staplergun1_dup3.pddl,0,1,2,10,True,3471.30,3526.74,3,0,
88,2026-05-04 14:14:07.140,ENHSP,NailingHL_stick17_stick12_robot1_staplergun1,Plannerinputs/generated/problemNailingHL_stick17_stick12_robot1_staplergun1.pddl,0,1,2,10,True,3777.38,3830.25,3,0,
89,2026-05-04 14:14:47.260,ENHSP,NailingHL_stick17_stick13_robot1_staplergun1,Plannerinputs/generated/problemNailingHL_stick17_stick13_robot1_staplergun1.pddl,0,1,2,10,True,4006.53,4058.92,1,0,
90,2026-05-04 14:15:04.724,ENHSP,NailingHL_cube3_stick10_robot1_staplergun1,Plannerinputs/generated/problemNailingHL_cube3_stick10_robot1_staplergun1.pddl,0,1,2,10,True,3890.25,3948.27,1,0,
91,2026-05-04 14:15:27.096,ENHSP,NailingHL_cube4_stick14_robot1_staplergun1,Plannerinputs/generated/problemNailingHL_cube4_stick14_robot1_staplergun1.pddl,0,1,2,10,True,3568.96,3625.08,1,0,
92,2026-05-04 14:15:50.201,ENHSP,NailingHL_stick15_stick10_robot1_staplergun1,Plannerinputs/generated/problemNailingHL_stick15_stick10_robot1_staplergun1.pddl,0,1,2,10,True,3886.51,3935.19,1,0,
93,2026-05-04 14:16:11.027,ENHSP,NailingHL_stick15_stick11_robot1_staplergun1,Plannerinputs/generated/problemNailingHL_stick15_stick11_robot1_staplergun1.pddl,0,1,2,10,True,3757.01,3813.61,1,0,
94,2026-05-04 14:16:26.909,ENHSP,NailingHL_stick16_stick11_robot1_staplergun1,Plannerinputs/generated/problemNailingHL_stick16_stick11_robot1_staplergun1.pddl,0,1,2,10,True,3788.66,3846.11,1,0,
95,2026-05-04 14:16:46.070,ENHSP,NailingHL_stick16_stick12_robot1_staplergun1,Plannerinputs/generated/problemNailingHL_stick16_stick12_robot1_staplergun1.pddl,0,1,2,10,True,3484.70,3592.15,1,0,
96,2026-05-04 14:17:07.550,ENHSP,ChangeEndeffectorHL_robot1_staplergun1_gripper1_dup2,Plannerinputs/generated/problemChangeEndeffectorHL_robot1_staplergun1_gripper1_dup2.pddl,0,1,2,10,True,6810.35,6871.21,4,0,
97,2026-05-04 14:18:00.515,ENHSP,PickUpHL_stick18_initlocstick18_robot1_gripper1,Plannerinputs/generated/problemPickUpHL_stick18_initlocstick18_robot1_gripper1.pddl,0,1,5,10,True,3562.64,3613.86,2,0,
98,2026-05-04 14:18:43.555,ENHSP,StackOnTwoHL_stick18_robot1_finallocstick18_stick13_stick14_layer3_layer4_gripper1,Plannerinputs/generated/problemStackOnTwoHL_stick18_robot1_finallocstick18_stick13_stick14_layer3_layer4_gripper1.pddl,0,1,10,10,True,3588.91,3638.67,2,0,
99,2026-05-04 14:19:41.181,ENHSP,ChangeEndeffectorHL_robot1_gripper1_staplergun1_dup4,Plannerinputs/generated/problemChangeEndeffectorHL_robot1_gripper1_staplergun1_dup4.pddl,0,1,2,10,True,3398.61,3449.23,3,0,
100,2026-05-04 14:20:34.228,ENHSP,NailingHL_stick18_stick13_robot1_staplergun1,Plannerinputs/generated/problemNailingHL_stick18_stick13_robot1_staplergun1.pddl,0,1,2,10,True,3768.33,3818.44,3,0,
101,2026-05-04 14:21:14.223,ENHSP,NailingHL_stick18_stick14_robot1_staplergun1,Plannerinputs/generated/problemNailingHL_stick18_stick14_robot1_staplergun1.pddl,0,1,2,10,True,3554.88,3599.30,1,0,
102,2026-05-04 14:21:26.098,ENHSP,Layers5_6,./Plannerinputs/static/Demonstrator/ProblemL5L6.pddl,0,1,40,5,True,2997.12,3081.89,34,0,
103,2026-05-04 14:21:29.243,ENHSP,ChangeEndeffectorHL_robot1_staplergun1_gripper1_dup3,Plannerinputs/generated/problemChangeEndeffectorHL_robot1_staplergun1_gripper1_dup3.pddl,0,1,2,10,True,3897.81,4023.40,4,0,
104,2026-05-04 14:22:22.386,ENHSP,PickUpHL_stick20_initlocstick20_robot1_gripper1,Plannerinputs/generated/problemPickUpHL_stick20_initlocstick20_robot1_gripper1.pddl,0,1,5,10,True,3582.66,3649.71,2,0,
105,2026-05-04 14:23:05.733,ENHSP,StackOnTwoHL_stick20_robot1_finallocstick20_stick15_stick16_layer4_layer5_gripper1,Plannerinputs/generated/problemStackOnTwoHL_stick20_robot1_finallocstick20_stick15_stick16_layer4_layer5_gripper1.pddl,0,1,10,10,True,3538.35,3589.41,2,0,
106,2026-05-04 14:24:02.558,ENHSP,PickUpHL_stick19_initlocstick19_robot1_gripper1,Plannerinputs/generated/problemPickUpHL_stick19_initlocstick19_robot1_gripper1.pddl,0,1,5,10,True,3570.11,3615.70,2,0,
107,2026-05-04 14:24:42.533,ENHSP,StackOnTwoHL_stick19_robot1_finallocstick19_stick15_cube3_layer4_layer5_gripper1,Plannerinputs/generated/problemStackOnTwoHL_stick19_robot1_finallocstick19_stick15_cube3_layer4_layer5_gripper1.pddl,0,1,10,10,True,3542.86,3603.11,2,0,
108,2026-05-04 14:25:51.605,ENHSP,PickUpHL_stick21_initlocstick21_robot1_gripper1,Plannerinputs/generated/problemPickUpHL_stick21_initlocstick21_robot1_gripper1.pddl,0,1,5,10,True,3477.20,3533.37,2,0,
109,2026-05-04 14:26:30.846,ENHSP,StackOnTwoHL_stick21_robot1_finallocstick21_stick17_stick16_layer4_layer5_gripper1,Plannerinputs/generated/problemStackOnTwoHL_stick21_robot1_finallocstick21_stick17_stick16_layer4_layer5_gripper1.pddl,0,1,10,10,True,3601.59,3658.71,2,0,
110,2026-05-04 14:27:24.037,ENHSP,PickUpHL_stick24_initlocstick24_robot1_gripper1,Plannerinputs/generated/problemPickUpHL_stick24_initlocstick24_robot1_gripper1.pddl,0,1,5,10,True,3456.73,3505.13,2,0,
111,2026-05-04 14:28:03.931,ENHSP,StackOnTwoHL_stick24_robot1_finallocstick24_stick19_stick20_layer5_layer6_gripper1,Plannerinputs/generated/problemStackOnTwoHL_stick24_robot1_finallocstick24_stick19_stick20_layer5_layer6_gripper1.pddl,0,1,10,10,True,3519.49,3569.04,2,0,
112,2026-05-04 14:29:06.564,ENHSP,PickUpHL_cube5_initloccube5_robot1_gripper1,Plannerinputs/generated/problemPickUpHL_cube5_initloccube5_robot1_gripper1.pddl,0,1,5,10,True,3505.83,3558.60,2,0,
113,2026-05-04 14:29:46.528,ENHSP,StackHL_cube5_stick19_robot1_finalloccube5_gripper1,Plannerinputs/generated/problemStackHL_cube5_stick19_robot1_finalloccube5_gripper1.pddl,0,1,8,10,True,3787.04,3849.11,2,0,
114,2026-05-04 14:30:44.821,ENHSP,PickUpHL_stick25_initlocstick25_robot1_gripper1,Plannerinputs/generated/problemPickUpHL_stick25_initlocstick25_robot1_gripper1.pddl,0,1,5,10,True,3414.06,3470.29,2,0,
115,2026-05-04 14:31:24.809,ENHSP,StackOnTwoHL_stick25_robot1_finallocstick25_stick20_stick21_layer5_layer6_gripper1,Plannerinputs/generated/problemStackOnTwoHL_stick25_robot1_finallocstick25_stick20_stick21_layer5_layer6_gripper1.pddl,0,1,10,10,True,3686.02,3735.18,2,0,
116,2026-05-04 14:32:17.924,ENHSP,PickUpHL_stick23_initlocstick23_robot1_gripper1,Plannerinputs/generated/problemPickUpHL_stick23_initlocstick23_robot1_gripper1.pddl,0,1,5,10,True,3496.27,3558.96,2,0,
117,2026-05-04 14:32:57.896,ENHSP,StackOnTwoHL_stick23_robot1_finallocstick23_cube4_stick18_layer4_layer5_gripper1,Plannerinputs/generated/problemStackOnTwoHL_stick23_robot1_finallocstick23_cube4_stick18_layer4_layer5_gripper1.pddl,0,1,10,10,True,3767.16,3812.04,2,0,
118,2026-05-04 14:33:55.469,ENHSP,PickUpHL_stick22_initlocstick22_robot1_gripper1,Plannerinputs/generated/problemPickUpHL_stick22_initlocstick22_robot1_gripper1.pddl,0,1,5,10,True,3343.33,3399.73,2,0,
119,2026-05-04 14:34:35.415,ENHSP,StackOnTwoHL_stick22_robot1_finallocstick22_stick17_stick18_layer4_layer5_gripper1,Plannerinputs/generated/problemStackOnTwoHL_stick22_robot1_finallocstick22_stick17_stick18_layer4_layer5_gripper1.pddl,0,1,10,10,True,3614.10,3669.67,2,0,
120,2026-05-04 14:35:30.851,ENHSP,PickUpHL_cube6_initloccube6_robot1_gripper1,Plannerinputs/generated/problemPickUpHL_cube6_initloccube6_robot1_gripper1.pddl,0,1,5,10,True,3576.06,3625.41,2,0,
121,2026-05-04 14:36:10.831,ENHSP,StackHL_cube6_stick23_robot1_finalloccube6_gripper1,Plannerinputs/generated/problemStackHL_cube6_stick23_robot1_finalloccube6_gripper1.pddl,0,1,8,10,True,3581.62,3636.55,2,0,
122,2026-05-04 14:37:05.406,ENHSP,PickUpHL_stick26_initlocstick26_robot1_gripper1,Plannerinputs/generated/problemPickUpHL_stick26_initlocstick26_robot1_gripper1.pddl,0,1,5,10,True,3414.11,3476.87,2,0,
123,2026-05-04 14:37:44.664,ENHSP,StackOnTwoHL_stick26_robot1_finallocstick26_stick22_stick21_layer5_layer6_gripper1,Plannerinputs/generated/problemStackOnTwoHL_stick26_robot1_finallocstick26_stick22_stick21_layer5_layer6_gripper1.pddl,0,1,10,10,True,3794.57,3852.87,2,0,
124,2026-05-04 14:38:47.202,ENHSP,PickUpHL_stick27_initlocstick27_robot1_gripper1,Plannerinputs/generated/problemPickUpHL_stick27_initlocstick27_robot1_gripper1.pddl,0,1,5,10,True,3837.20,3903.65,2,0,
125,2026-05-04 14:39:27.894,ENHSP,StackOnTwoHL_stick27_robot1_finallocstick27_stick22_stick23_layer5_layer6_gripper1,Plannerinputs/generated/problemStackOnTwoHL_stick27_robot1_finallocstick27_stick22_stick23_layer5_layer6_gripper1.pddl,0,1,10,10,True,3869.81,3927.77,2,0,
126,2026-05-04 14:40:23.767,ENHSP,ChangeEndeffectorHL_robot1_gripper1_staplergun1_dup5,Plannerinputs/generated/problemChangeEndeffectorHL_robot1_gripper1_staplergun1_dup5.pddl,0,1,2,10,True,4133.59,4183.31,3,0,
127,2026-05-04 14:41:17.508,ENHSP,NailingHL_cube5_stick19_robot1_staplergun1,Plannerinputs/generated/problemNailingHL_cube5_stick19_robot1_staplergun1.pddl,0,1,2,10,True,3833.29,3891.13,3,0,
128,2026-05-04 14:42:02.344,ENHSP,NailingHL_cube6_stick23_robot1_staplergun1,Plannerinputs/generated/problemNailingHL_cube6_stick23_robot1_staplergun1.pddl,0,1,2,10,True,3594.90,3643.61,1,0,
129,2026-05-04 14:42:20.644,ENHSP,NailingHL_stick24_stick19_robot1_staplergun1,Plannerinputs/generated/problemNailingHL_stick24_stick19_robot1_staplergun1.pddl,0,1,2,10,True,3623.31,3678.98,1,0,
130,2026-05-04 14:42:44.594,ENHSP,NailingHL_stick24_stick20_robot1_staplergun1,Plannerinputs/generated/problemNailingHL_stick24_stick20_robot1_staplergun1.pddl,0,1,2,10,True,3568.60,3617.17,1,0,
131,2026-05-04 14:43:01.304,ENHSP,NailingHL_stick25_stick20_robot1_staplergun1,Plannerinputs/generated/problemNailingHL_stick25_stick20_robot1_staplergun1.pddl,0,1,2,10,True,3479.24,3527.73,1,0,
132,2026-05-04 14:43:18.040,ENHSP,NailingHL_stick25_stick21_robot1_staplergun1,Plannerinputs/generated/problemNailingHL_stick25_stick21_robot1_staplergun1.pddl,0,1,2,10,True,3564.56,3620.88,1,0,
133,2026-05-04 14:43:34.756,ENHSP,NailingHL_stick26_stick21_robot1_staplergun1,Plannerinputs/generated/problemNailingHL_stick26_stick21_robot1_staplergun1.pddl,0,1,2,10,True,3671.98,3719.83,1,0,
134,2026-05-04 14:43:50.674,ENHSP,NailingHL_stick26_stick22_robot1_staplergun1,Plannerinputs/generated/problemNailingHL_stick26_stick22_robot1_staplergun1.pddl,0,1,2,10,True,3651.72,3699.11,1,0,
135,2026-05-04 14:44:05.788,ENHSP,NailingHL_stick27_stick22_robot1_staplergun1,Plannerinputs/generated/problemNailingHL_stick27_stick22_robot1_staplergun1.pddl,0,1,2,10,True,3554.81,3604.13,1,0,
136,2026-05-04 14:44:26.521,ENHSP,NailingHL_stick27_stick23_robot1_staplergun1,Plannerinputs/generated/problemNailingHL_stick27_stick23_robot1_staplergun1.pddl,0,1,2,10,True,3595.10,3756.35,1,0,
137,2026-05-04 14:44:47.317,ENHSP,Layers7_8,./Plannerinputs/static/Demonstrator/ProblemL7L8.pddl,0,1,40,5,True,3082.93,3168.38,34,0,
138,2026-05-04 14:44:50.542,ENHSP,ChangeEndeffectorHL_robot1_staplergun1_gripper1_dup4,Plannerinputs/generated/problemChangeEndeffectorHL_robot1_staplergun1_gripper1_dup4.pddl,0,1,2,10,True,3807.16,3857.22,4,0,
139,2026-05-04 14:45:43.613,ENHSP,PickUpHL_stick29_initlocstick29_robot1_gripper1,Plannerinputs/generated/problemPickUpHL_stick29_initlocstick29_robot1_gripper1.pddl,0,1,5,10,True,3744.88,3804.49,2,0,
140,2026-05-04 14:46:27.000,ENHSP,StackOnTwoHL_stick29_robot1_finallocstick29_stick24_stick25_layer6_layer7_gripper1,Plannerinputs/generated/problemStackOnTwoHL_stick29_robot1_finallocstick29_stick24_stick25_layer6_layer7_gripper1.pddl,0,1,10,10,True,3876.48,3929.29,2,0,
141,2026-05-04 14:47:23.645,ENHSP,PickUpHL_stick28_initlocstick28_robot1_gripper1,Plannerinputs/generated/problemPickUpHL_stick28_initlocstick28_robot1_gripper1.pddl,0,1,5,10,True,3873.15,3921.46,2,0,
142,2026-05-04 14:48:04.315,ENHSP,StackOnTwoHL_stick28_robot1_finallocstick28_stick24_cube5_layer6_layer7_gripper1,Plannerinputs/generated/problemStackOnTwoHL_stick28_robot1_finallocstick28_stick24_cube5_layer6_layer7_gripper1.pddl,0,1,10,10,True,3525.97,3574.59,2,0,
143,2026-05-04 14:49:14.966,ENHSP,PickUpHL_stick32_initlocstick32_robot1_gripper1,Plannerinputs/generated/problemPickUpHL_stick32_initlocstick32_robot1_gripper1.pddl,0,1,5,10,True,3693.44,3731.96,2,0,
144,2026-05-04 14:49:55.649,ENHSP,StackOnTwoHL_stick32_robot1_finallocstick32_cube6_stick27_layer6_layer7_gripper1,Plannerinputs/generated/problemStackOnTwoHL_stick32_robot1_finallocstick32_cube6_stick27_layer6_layer7_gripper1.pddl,0,1,10,10,True,3771.60,3823.60,2,0,
145,2026-05-04 14:50:52.461,ENHSP,PickUpHL_stick33_initlocstick33_robot1_gripper1,Plannerinputs/generated/problemPickUpHL_stick33_initlocstick33_robot1_gripper1.pddl,0,1,5,10,True,3755.49,3808.25,2,0,
146,2026-05-04 14:51:33.118,ENHSP,StackOnTwoHL_stick33_robot1_finallocstick33_stick28_stick29_layer7_layer8_gripper1,Plannerinputs/generated/problemStackOnTwoHL_stick33_robot1_finallocstick33_stick28_stick29_layer7_layer8_gripper1.pddl,0,1,10,10,True,3744.68,3797.09,2,0,
147,2026-05-04 14:52:35.662,ENHSP,PickUpHL_stick30_initlocstick30_robot1_gripper1,Plannerinputs/generated/problemPickUpHL_stick30_initlocstick30_robot1_gripper1.pddl,0,1,5,10,True,3480.71,3545.49,2,0,
148,2026-05-04 14:53:15.616,ENHSP,StackOnTwoHL_stick30_robot1_finallocstick30_stick26_stick25_layer6_layer7_gripper1,Plannerinputs/generated/problemStackOnTwoHL_stick30_robot1_finallocstick30_stick26_stick25_layer6_layer7_gripper1.pddl,0,1,10,10,True,3634.67,3680.86,2,0,
149,2026-05-04 14:54:05.707,ENHSP,PickUpHL_stick31_initlocstick31_robot1_gripper1,Plannerinputs/generated/problemPickUpHL_stick31_initlocstick31_robot1_gripper1.pddl,0,1,5,10,True,3453.80,3557.63,2,0,
150,2026-05-04 14:54:45.661,ENHSP,StackOnTwoHL_stick31_robot1_finallocstick31_stick26_stick27_layer6_layer7_gripper1,Plannerinputs/generated/problemStackOnTwoHL_stick31_robot1_finallocstick31_stick26_stick27_layer6_layer7_gripper1.pddl,0,1,10,10,True,3659.92,3788.39,2,0,
151,2026-05-04 14:55:41.001,ENHSP,PickUpHL_stick35_initlocstick35_robot1_gripper1,Plannerinputs/generated/problemPickUpHL_stick35_initlocstick35_robot1_gripper1.pddl,0,1,5,10,True,4100.66,4151.33,2,0,
152,2026-05-04 14:56:21.713,ENHSP,StackOnTwoHL_stick35_robot1_finallocstick35_stick31_stick30_layer7_layer8_gripper1,Plannerinputs/generated/problemStackOnTwoHL_stick35_robot1_finallocstick35_stick31_stick30_layer7_layer8_gripper1.pddl,0,1,10,10,True,3664.72,3720.74,2,0,
153,2026-05-04 14:57:22.768,ENHSP,PickUpHL_stick34_initlocstick34_robot1_gripper1,Plannerinputs/generated/problemPickUpHL_stick34_initlocstick34_robot1_gripper1.pddl,0,1,5,10,True,3472.30,3524.89,2,0,
154,2026-05-04 14:58:02.740,ENHSP,StackOnTwoHL_stick34_robot1_finallocstick34_stick29_stick30_layer7_layer8_gripper1,Plannerinputs/generated/problemStackOnTwoHL_stick34_robot1_finallocstick34_stick29_stick30_layer7_layer8_gripper1.pddl,0,1,10,10,True,3886.59,3951.34,2,0,
155,2026-05-04 14:58:55.029,ENHSP,PickUpHL_cube8_initloccube8_robot1_gripper1,Plannerinputs/generated/problemPickUpHL_cube8_initloccube8_robot1_gripper1.pddl,0,1,5,10,True,3429.03,3495.56,2,0,
156,2026-05-04 14:59:35.006,ENHSP,StackHL_cube8_stick32_robot1_finalloccube8_gripper1,Plannerinputs/generated/problemStackHL_cube8_stick32_robot1_finalloccube8_gripper1.pddl,0,1,8,10,True,3595.38,3643.30,2,0,
157,2026-05-04 15:00:31.159,ENHSP,PickUpHL_cube7_initloccube7_robot1_gripper1,Plannerinputs/generated/problemPickUpHL_cube7_initloccube7_robot1_gripper1.pddl,0,1,5,10,True,3459.47,3513.31,2,0,
158,2026-05-04 15:01:11.116,ENHSP,StackHL_cube7_stick28_robot1_finalloccube7_gripper1,Plannerinputs/generated/problemStackHL_cube7_stick28_robot1_finalloccube7_gripper1.pddl,0,1,8,10,True,3620.21,3668.66,2,0,
159,2026-05-04 15:02:06.348,ENHSP,PickUpHL_stick36_initlocstick36_robot1_gripper1,Plannerinputs/generated/problemPickUpHL_stick36_initlocstick36_robot1_gripper1.pddl,0,1,5,10,True,3426.17,3483.05,2,0,
160,2026-05-04 15:02:45.638,ENHSP,StackOnTwoHL_stick36_robot1_finallocstick36_stick31_stick32_layer7_layer8_gripper1,Plannerinputs/generated/problemStackOnTwoHL_stick36_robot1_finallocstick36_stick31_stick32_layer7_layer8_gripper1.pddl,0,1,10,10,True,3946.67,4003.59,2,0,
161,2026-05-04 15:03:40.042,ENHSP,ChangeEndeffectorHL_robot1_gripper1_staplergun1_dup6,Plannerinputs/generated/problemChangeEndeffectorHL_robot1_gripper1_staplergun1_dup6.pddl,0,1,2,10,True,3683.24,3741.19,3,0,
162,2026-05-04 15:04:33.227,ENHSP,NailingHL_cube7_stick28_robot1_staplergun1,Plannerinputs/generated/problemNailingHL_cube7_stick28_robot1_staplergun1.pddl,0,1,2,10,True,3630.76,3683.25,3,0,
163,2026-05-04 15:05:20.363,ENHSP,NailingHL_cube8_stick32_robot1_staplergun1,Plannerinputs/generated/problemNailingHL_cube8_stick32_robot1_staplergun1.pddl,0,1,2,10,True,3534.06,3588.54,1,0,
164,2026-05-04 15:05:44.314,ENHSP,NailingHL_stick33_stick28_robot1_staplergun1,Plannerinputs/generated/problemNailingHL_stick33_stick28_robot1_staplergun1.pddl,0,1,2,10,True,3609.19,3663.90,1,0,
165,2026-05-04 15:06:05.863,ENHSP,NailingHL_stick33_stick29_robot1_staplergun1,Plannerinputs/generated/problemNailingHL_stick33_stick29_robot1_staplergun1.pddl,0,1,2,10,True,3564.21,3618.78,1,0,
166,2026-05-04 15:06:19.334,ENHSP,NailingHL_stick34_stick29_robot1_staplergun1,Plannerinputs/generated/problemNailingHL_stick34_stick29_robot1_staplergun1.pddl,0,1,2,10,True,3635.39,3694.65,1,0,
167,2026-05-04 15:06:35.265,ENHSP,NailingHL_stick34_stick30_robot1_staplergun1,Plannerinputs/generated/problemNailingHL_stick34_stick30_robot1_staplergun1.pddl,0,1,2,10,True,3617.90,3673.33,1,0,
168,2026-05-04 15:06:49.602,ENHSP,NailingHL_stick35_stick30_robot1_staplergun1,Plannerinputs/generated/problemNailingHL_stick35_stick30_robot1_staplergun1.pddl,0,1,2,10,True,3604.12,3665.03,1,0,
169,2026-05-04 15:07:07.119,ENHSP,NailingHL_stick35_stick31_robot1_staplergun1,Plannerinputs/generated/problemNailingHL_stick35_stick31_robot1_staplergun1.pddl,0,1,2,10,True,3621.28,3679.54,1,0,
170,2026-05-04 15:07:26.221,ENHSP,NailingHL_stick36_stick31_robot1_staplergun1,Plannerinputs/generated/problemNailingHL_stick36_stick31_robot1_staplergun1.pddl,0,1,2,10,True,3411.47,3459.79,1,0,
171,2026-05-04 15:07:45.442,ENHSP,NailingHL_stick36_stick32_robot1_staplergun1,Plannerinputs/generated/problemNailingHL_stick36_stick32_robot1_staplergun1.pddl,0,1,2,10,True,3725.34,3786.53,1,0,
172,2026-05-04 15:08:06.921,ENHSP,Layers9_10,./Plannerinputs/static/Demonstrator/ProblemL9L10.pddl,0,1,40,5,True,3641.56,3803.38,36,0,
173,2026-05-04 15:08:10.776,ENHSP,ChangeEndeffectorHL_robot1_staplergun1_gripper1_dup5,Plannerinputs/generated/problemChangeEndeffectorHL_robot1_staplergun1_gripper1_dup5.pddl,0,1,2,10,True,3813.70,3867.01,4,0,
174,2026-05-04 15:09:04.105,ENHSP,PickUpHL_stick38_initlocstick38_robot1_gripper1,Plannerinputs/generated/problemPickUpHL_stick38_initlocstick38_robot1_gripper1.pddl,0,1,5,10,True,3656.73,3722.49,2,0,
175,2026-05-04 15:09:47.321,ENHSP,StackOnTwoHL_stick38_robot1_finallocstick38_stick33_stick34_layer8_layer9_gripper1,Plannerinputs/generated/problemStackOnTwoHL_stick38_robot1_finallocstick38_stick33_stick34_layer8_layer9_gripper1.pddl,0,1,10,10,True,3564.41,3617.54,2,0,
176,2026-05-04 15:10:42.719,ENHSP,PickUpHL_stick37_initlocstick37_robot1_gripper1,Plannerinputs/generated/problemPickUpHL_stick37_initlocstick37_robot1_gripper1.pddl,0,1,5,10,True,3821.49,3881.24,2,0,
177,2026-05-04 15:11:23.343,ENHSP,StackOnTwoHL_stick37_robot1_finallocstick37_stick33_cube7_layer8_layer9_gripper1,Plannerinputs/generated/problemStackOnTwoHL_stick37_robot1_finallocstick37_stick33_cube7_layer8_layer9_gripper1.pddl,0,1,10,10,True,3698.52,3767.28,2,0,
178,2026-05-04 15:12:31.617,ENHSP,PickUpHL_stick39_initlocstick39_robot1_gripper1,Plannerinputs/generated/problemPickUpHL_stick39_initlocstick39_robot1_gripper1.pddl,0,1,5,10,True,3597.21,3659.98,2,0,
179,2026-05-04 15:13:11.513,ENHSP,StackOnTwoHL_stick39_robot1_finallocstick39_stick35_stick34_layer8_layer9_gripper1,Plannerinputs/generated/problemStackOnTwoHL_stick39_robot1_finallocstick39_stick35_stick34_layer8_layer9_gripper1.pddl,0,1,10,10,True,3675.94,3721.97,2,0,
180,2026-05-04 15:14:01.480,ENHSP,PickUpHL_stick42_initlocstick42_robot1_gripper1,Plannerinputs/generated/problemPickUpHL_stick42_initlocstick42_robot1_gripper1.pddl,0,1,5,10,True,3336.02,3385.59,2,0,
181,2026-05-04 15:14:41.398,ENHSP,StackOnTwoHL_stick42_robot1_finallocstick42_stick38_stick37_layer9_layer10_gripper1,Plannerinputs/generated/problemStackOnTwoHL_stick42_robot1_finallocstick42_stick38_stick37_layer9_layer10_gripper1.pddl,0,1,10,10,True,3897.72,4017.23,2,0,
182,2026-05-04 15:15:41.548,ENHSP,PickUpHL_cube9_initloccube9_robot1_gripper1,Plannerinputs/generated/problemPickUpHL_cube9_initloccube9_robot1_gripper1.pddl,0,1,5,10,True,3444.69,3495.30,2,0,
183,2026-05-04 15:16:21.533,ENHSP,StackHL_cube9_stick37_robot1_finalloccube9_gripper1,Plannerinputs/generated/problemStackHL_cube9_stick37_robot1_finalloccube9_gripper1.pddl,0,1,8,10,True,3448.83,3504.77,2,0,
184,2026-05-04 15:17:16.739,ENHSP,PickUpHL_stick43_initlocstick43_robot1_gripper1,Plannerinputs/generated/problemPickUpHL_stick43_initlocstick43_robot1_gripper1.pddl,0,1,5,10,True,3352.33,3409.29,2,0,
185,2026-05-04 15:17:56.752,ENHSP,StackOnTwoHL_stick43_robot1_finallocstick43_stick39_stick38_layer9_layer10_gripper1,Plannerinputs/generated/problemStackOnTwoHL_stick43_robot1_finallocstick43_stick39_stick38_layer9_layer10_gripper1.pddl,0,1,10,10,True,3879.36,3945.61,2,0,
186,2026-05-04 15:18:48.335,ENHSP,PickUpHL_stick41_initlocstick41_robot1_gripper1,Plannerinputs/generated/problemPickUpHL_stick41_initlocstick41_robot1_gripper1.pddl,0,1,5,10,True,3539.44,3599.86,2,0,
187,2026-05-04 15:19:28.435,ENHSP,StackOnTwoHL_stick41_robot1_finallocstick41_cube8_stick36_layer8_layer9_gripper1,Plannerinputs/generated/problemStackOnTwoHL_stick41_robot1_finallocstick41_cube8_stick36_layer8_layer9_gripper1.pddl,0,1,10,10,True,3631.58,3690.46,2,0,
188,2026-05-04 15:20:22.701,ENHSP,PickUpHL_stick40_initlocstick40_robot1_gripper1,Plannerinputs/generated/problemPickUpHL_stick40_initlocstick40_robot1_gripper1.pddl,0,1,5,10,True,3397.04,3450.76,2,0,
189,2026-05-04 15:21:02.724,ENHSP,StackOnTwoHL_stick40_robot1_finallocstick40_stick35_stick36_layer8_layer9_gripper1,Plannerinputs/generated/problemStackOnTwoHL_stick40_robot1_finallocstick40_stick35_stick36_layer8_layer9_gripper1.pddl,0,1,10,10,True,3581.60,3650.80,2,0,
190,2026-05-04 15:21:57.379,ENHSP,PickUpHL_cube10_initloccube10_robot1_gripper1,Plannerinputs/generated/problemPickUpHL_cube10_initloccube10_robot1_gripper1.pddl,0,1,5,10,True,3489.87,3537.56,2,0,
191,2026-05-04 15:22:37.344,ENHSP,StackHL_cube10_stick41_robot1_finalloccube10_gripper1,Plannerinputs/generated/problemStackHL_cube10_stick41_robot1_finalloccube10_gripper1.pddl,0,1,8,10,True,3646.09,3714.92,2,0,
192,2026-05-04 15:23:31.744,ENHSP,PickUpHL_stick44_initlocstick44_robot1_gripper1,Plannerinputs/generated/problemPickUpHL_stick44_initlocstick44_robot1_gripper1.pddl,0,1,5,10,True,3444.76,3494.77,2,0,
193,2026-05-04 15:24:11.029,ENHSP,StackOnTwoHL_stick44_robot1_finallocstick44_stick40_stick39_layer9_layer10_gripper1,Plannerinputs/generated/problemStackOnTwoHL_stick44_robot1_finallocstick44_stick40_stick39_layer9_layer10_gripper1.pddl,0,1,10,10,True,3927.73,3986.44,2,0,
194,2026-05-04 15:25:11.376,ENHSP,ChangeEndeffectorHL_robot1_gripper1_staplergun1_dup7,Plannerinputs/generated/problemChangeEndeffectorHL_robot1_gripper1_staplergun1_dup7.pddl,0,1,2,10,True,3719.99,3776.57,3,0,
195,2026-05-04 15:26:04.868,ENHSP,NailingHL_stick43_stick38_robot1_staplergun1,Plannerinputs/generated/problemNailingHL_stick43_stick38_robot1_staplergun1.pddl,0,1,2,10,True,3686.35,3738.66,3,0,
196,2026-05-04 15:26:46.781,ENHSP,NailingHL_stick43_stick39_robot1_staplergun1,Plannerinputs/generated/problemNailingHL_stick43_stick39_robot1_staplergun1.pddl,0,1,2,10,True,3850.32,3952.31,1,0,
197,2026-05-04 15:27:02.660,ENHSP,NailingHL_stick44_stick39_robot1_staplergun1,Plannerinputs/generated/problemNailingHL_stick44_stick39_robot1_staplergun1.pddl,0,1,2,10,True,4003.39,4099.54,1,0,
198,2026-05-04 15:27:20.233,ENHSP,NailingHL_stick44_stick40_robot1_staplergun1,Plannerinputs/generated/problemNailingHL_stick44_stick40_robot1_staplergun1.pddl,0,1,2,10,True,3621.81,3674.78,1,0,
199,2026-05-04 15:27:32.921,ENHSP,NailingHL_cube9_stick37_robot1_staplergun1,Plannerinputs/generated/problemNailingHL_cube9_stick37_robot1_staplergun1.pddl,0,1,2,10,True,3830.83,3888.94,1,0,
200,2026-05-04 15:27:49.649,ENHSP,NailingHL_cube10_stick41_robot1_staplergun1,Plannerinputs/generated/problemNailingHL_cube10_stick41_robot1_staplergun1.pddl,0,1,2,10,True,3724.84,3785.78,1,0,
201,2026-05-04 15:28:08.750,ENHSP,NailingHL_stick42_stick37_robot1_staplergun1,Plannerinputs/generated/problemNailingHL_stick42_stick37_robot1_staplergun1.pddl,0,1,2,10,True,3617.06,3666.81,1,0,
202,2026-05-04 15:28:27.084,ENHSP,NailingHL_stick42_stick38_robot1_staplergun1,Plannerinputs/generated/problemNailingHL_stick42_stick38_robot1_staplergun1.pddl,0,1,2,10,True,3631.67,3679.85,1,0,
203,2026-05-04 15:28:40.582,ENHSP,ChangeEndeffectorHL_robot1_staplergun1_gripper1_dup6,Plannerinputs/generated/problemChangeEndeffectorHL_robot1_staplergun1_gripper1_dup6.pddl,0,1,2,10,True,7698.95,7760.00,4,0,
204,2026-05-04 15:29:33.440,ENHSP,PickUpHL_stick45_initlocstick45_robot1_gripper1,Plannerinputs/generated/problemPickUpHL_stick45_initlocstick45_robot1_gripper1.pddl,0,1,5,10,True,3438.71,3505.39,2,0,
205,2026-05-04 15:30:16.114,ENHSP,StackOnTwoHL_stick45_robot1_finallocstick45_stick40_stick41_layer9_layer10_gripper1,Plannerinputs/generated/problemStackOnTwoHL_stick45_robot1_finallocstick45_stick40_stick41_layer9_layer10_gripper1.pddl,0,1,10,10,True,3840.85,3892.27,2,0,
206,2026-05-04 15:31:12.921,ENHSP,ChangeEndeffectorHL_robot1_gripper1_staplergun1_dup8,Plannerinputs/generated/problemChangeEndeffectorHL_robot1_gripper1_staplergun1_dup8.pddl,0,1,2,10,True,3595.02,3649.74,3,0,
207,2026-05-04 15:32:06.076,ENHSP,NailingHL_stick45_stick40_robot1_staplergun1,Plannerinputs/generated/problemNailingHL_stick45_stick40_robot1_staplergun1.pddl,0,1,2,10,True,3534.41,3584.86,3,0,
208,2026-05-04 15:32:52.398,ENHSP,NailingHL_stick45_stick41_robot1_staplergun1,Plannerinputs/generated/problemNailingHL_stick45_stick41_robot1_staplergun1.pddl,0,1,2,10,True,3567.86,3619.76,1,0,
209,2026-05-04 15:33:08.253,ENHSP,Layers11_12,./Plannerinputs/static/Demonstrator/ProblemL11L12.pddl,0,1,40,5,True,3292.62,3423.74,34,0,
210,2026-05-04 15:33:11.733,ENHSP,ChangeEndeffectorHL_robot1_staplergun1_gripper1_dup7,Plannerinputs/generated/problemChangeEndeffectorHL_robot1_staplergun1_gripper1_dup7.pddl,0,1,2,10,True,3977.20,4040.40,4,0,
211,2026-05-04 15:34:05.566,ENHSP,PickUpHL_stick47_initlocstick47_robot1_gripper1,Plannerinputs/generated/problemPickUpHL_stick47_initlocstick47_robot1_gripper1.pddl,0,1,5,10,True,3634.51,3685.78,2,0,
212,2026-05-04 15:34:47.898,ENHSP,StackOnTwoHL_stick47_robot1_finallocstick47_stick42_stick43_layer10_layer11_gripper1,Plannerinputs/generated/problemStackOnTwoHL_stick47_robot1_finallocstick47_stick42_stick43_layer10_layer11_gripper1.pddl,0,1,10,10,True,3792.68,3851.21,2,0,
213,2026-05-04 15:35:42.438,ENHSP,PickUpHL_stick46_initlocstick46_robot1_gripper1,Plannerinputs/generated/problemPickUpHL_stick46_initlocstick46_robot1_gripper1.pddl,0,1,5,10,True,3409.60,3472.28,2,0,
214,2026-05-04 15:36:22.299,ENHSP,StackOnTwoHL_stick46_robot1_finallocstick46_stick42_cube9_layer10_layer11_gripper1,Plannerinputs/generated/problemStackOnTwoHL_stick46_robot1_finallocstick46_stick42_cube9_layer10_layer11_gripper1.pddl,0,1,10,10,True,3767.77,3820.68,2,0,
215,2026-05-04 15:37:30.557,ENHSP,PickUpHL_stick48_initlocstick48_robot1_gripper1,Plannerinputs/generated/problemPickUpHL_stick48_initlocstick48_robot1_gripper1.pddl,0,1,5,10,True,3556.28,3613.35,2,0,
216,2026-05-04 15:38:10.589,ENHSP,StackOnTwoHL_stick48_robot1_finallocstick48_stick44_stick43_layer10_layer11_gripper1,Plannerinputs/generated/problemStackOnTwoHL_stick48_robot1_finallocstick48_stick44_stick43_layer10_layer11_gripper1.pddl,0,1,10,10,True,3736.88,3799.42,2,0,
217,2026-05-04 15:39:00.482,ENHSP,PickUpHL_stick51_initlocstick51_robot1_gripper1,Plannerinputs/generated/problemPickUpHL_stick51_initlocstick51_robot1_gripper1.pddl,0,1,5,10,True,3553.35,3613.42,2,0,
218,2026-05-04 15:39:40.508,ENHSP,StackOnTwoHL_stick51_robot1_finallocstick51_stick46_stick47_layer11_layer12_gripper1,Plannerinputs/generated/problemStackOnTwoHL_stick51_robot1_finallocstick51_stick46_stick47_layer11_layer12_gripper1.pddl,0,1,10,10,True,3779.78,3830.34,2,0,
219,2026-05-04 15:40:39.992,ENHSP,PickUpHL_cube11_initloccube11_robot1_gripper1,Plannerinputs/generated/problemPickUpHL_cube11_initloccube11_robot1_gripper1.pddl,0,1,5,10,True,3427.57,3483.10,2,0,
220,2026-05-04 15:41:19.900,ENHSP,StackHL_cube11_stick46_robot1_finalloccube11_gripper1,Plannerinputs/generated/problemStackHL_cube11_stick46_robot1_finalloccube11_gripper1.pddl,0,1,8,10,True,3512.99,3573.87,2,0,
221,2026-05-04 15:42:13.645,ENHSP,PickUpHL_stick52_initlocstick52_robot1_gripper1,Plannerinputs/generated/problemPickUpHL_stick52_initlocstick52_robot1_gripper1.pddl,0,1,5,10,True,3636.50,4311.53,2,0,
222,2026-05-04 15:42:53.714,ENHSP,StackOnTwoHL_stick52_robot1_finallocstick52_stick47_stick48_layer11_layer12_gripper1,Plannerinputs/generated/problemStackOnTwoHL_stick52_robot1_finallocstick52_stick47_stick48_layer11_layer12_gripper1.pddl,0,1,10,10,True,3645.25,3701.43,2,0,
223,2026-05-04 15:43:42.896,ENHSP,PickUpHL_stick50_initlocstick50_robot1_gripper1,Plannerinputs/generated/problemPickUpHL_stick50_initlocstick50_robot1_gripper1.pddl,0,1,5,10,True,3514.92,3577.69,2,0,
224,2026-05-04 15:44:22.877,ENHSP,StackOnTwoHL_stick50_robot1_finallocstick50_cube10_stick45_layer10_layer11_gripper1,Plannerinputs/generated/problemStackOnTwoHL_stick50_robot1_finallocstick50_cube10_stick45_layer10_layer11_gripper1.pddl,0,1,10,10,True,3687.84,3738.09,2,0,
225,2026-05-04 15:45:19.703,ENHSP,PickUpHL_stick49_initlocstick49_robot1_gripper1,Plannerinputs/generated/problemPickUpHL_stick49_initlocstick49_robot1_gripper1.pddl,0,1,5,10,True,3692.77,3744.44,2,0,
226,2026-05-04 15:45:59.670,ENHSP,StackOnTwoHL_stick49_robot1_finallocstick49_stick44_stick45_layer10_layer11_gripper1,Plannerinputs/generated/problemStackOnTwoHL_stick49_robot1_finallocstick49_stick44_stick45_layer10_layer11_gripper1.pddl,0,1,10,10,True,3835.18,3887.92,2,0,
227,2026-05-04 15:46:54.980,ENHSP,PickUpHL_cube12_initloccube12_robot1_gripper1,Plannerinputs/generated/problemPickUpHL_cube12_initloccube12_robot1_gripper1.pddl,0,1,5,10,True,3428.30,3479.03,2,0,
228,2026-05-04 15:47:34.981,ENHSP,StackHL_cube12_stick50_robot1_finalloccube12_gripper1,Plannerinputs/generated/problemStackHL_cube12_stick50_robot1_finalloccube12_gripper1.pddl,0,1,8,10,True,3535.12,3587.50,2,0,
229,2026-05-04 15:48:30.301,ENHSP,PickUpHL_stick53_initlocstick53_robot1_gripper1,Plannerinputs/generated/problemPickUpHL_stick53_initlocstick53_robot1_gripper1.pddl,0,1,5,10,True,3343.22,3393.85,2,0,
230,2026-05-04 15:49:10.308,ENHSP,StackOnTwoHL_stick53_robot1_finallocstick53_stick49_stick48_layer11_layer12_gripper1,Plannerinputs/generated/problemStackOnTwoHL_stick53_robot1_finallocstick53_stick49_stick48_layer11_layer12_gripper1.pddl,0,1,10,10,True,3939.45,3991.16,2,0,
231,2026-05-04 15:50:09.870,ENHSP,PickUpHL_stick54_initlocstick54_robot1_gripper1,Plannerinputs/generated/problemPickUpHL_stick54_initlocstick54_robot1_gripper1.pddl,0,1,5,10,True,3566.68,3621.02,2,0,
232,2026-05-04 15:50:49.810,ENHSP,StackOnTwoHL_stick54_robot1_finallocstick54_stick49_stick50_layer11_layer12_gripper1,Plannerinputs/generated/problemStackOnTwoHL_stick54_robot1_finallocstick54_stick49_stick50_layer11_layer12_gripper1.pddl,0,1,10,10,True,3812.88,3870.70,2,0,
233,2026-05-04 15:51:46.651,ENHSP,ChangeEndeffectorHL_robot1_gripper1_staplergun1_dup9,Plannerinputs/generated/problemChangeEndeffectorHL_robot1_gripper1_staplergun1_dup9.pddl,0,1,2,10,True,3758.21,3810.16,3,0,
234,2026-05-04 15:52:40.381,ENHSP,NailingHL_cube11_stick46_robot1_staplergun1,Plannerinputs/generated/problemNailingHL_cube11_stick46_robot1_staplergun1.pddl,0,1,2,10,True,3934.77,3990.84,3,0,
235,2026-05-04 15:53:28.430,ENHSP,NailingHL_cube12_stick50_robot1_staplergun1,Plannerinputs/generated/problemNailingHL_cube12_stick50_robot1_staplergun1.pddl,0,1,2,10,True,3553.29,3604.71,1,0,
236,2026-05-04 15:53:45.962,ENHSP,NailingHL_stick51_stick46_robot1_staplergun1,Plannerinputs/generated/problemNailingHL_stick51_stick46_robot1_staplergun1.pddl,0,1,2,10,True,3706.64,3760.44,1,0,
237,2026-05-04 15:54:01.886,ENHSP,NailingHL_stick51_stick47_robot1_staplergun1,Plannerinputs/generated/problemNailingHL_stick51_stick47_robot1_staplergun1.pddl,0,1,2,10,True,3753.27,3807.10,1,0,
238,2026-05-04 15:54:23.452,ENHSP,NailingHL_stick52_stick47_robot1_staplergun1,Plannerinputs/generated/problemNailingHL_stick52_stick47_robot1_staplergun1.pddl,0,1,2,10,True,3664.33,3722.56,1,0,
239,2026-05-04 15:54:42.567,ENHSP,NailingHL_stick52_stick48_robot1_staplergun1,Plannerinputs/generated/problemNailingHL_stick52_stick48_robot1_staplergun1.pddl,0,1,2,10,True,3657.70,3713.70,1,0,
240,2026-05-04 15:55:03.327,ENHSP,NailingHL_stick53_stick48_robot1_staplergun1,Plannerinputs/generated/problemNailingHL_stick53_stick48_robot1_staplergun1.pddl,0,1,2,10,True,3609.62,3664.85,1,0,
241,2026-05-04 15:55:22.428,ENHSP,NailingHL_stick53_stick49_robot1_staplergun1,Plannerinputs/generated/problemNailingHL_stick53_stick49_robot1_staplergun1.pddl,0,1,2,10,True,3677.99,3733.84,1,0,
242,2026-05-04 15:55:39.944,ENHSP,NailingHL_stick54_stick49_robot1_staplergun1,Plannerinputs/generated/problemNailingHL_stick54_stick49_robot1_staplergun1.pddl,0,1,2,10,True,3873.35,3924.66,1,0,
243,2026-05-04 15:55:55.054,ENHSP,NailingHL_stick54_stick50_robot1_staplergun1,Plannerinputs/generated/problemNailingHL_stick54_stick50_robot1_staplergun1.pddl,0,1,2,10,True,3725.01,3781.01,1,0,
244,2026-05-04 15:56:13.356,ENHSP,Layers13_14,./Plannerinputs/static/Demonstrator/ProblemL13L14.pddl,0,1,40,5,True,3067.57,3170.71,34,0,
245,2026-05-04 15:56:16.575,ENHSP,ChangeEndeffectorHL_robot1_staplergun1_gripper1_dup8,Plannerinputs/generated/problemChangeEndeffectorHL_robot1_staplergun1_gripper1_dup8.pddl,0,1,2,10,True,4189.08,4245.50,4,0,
246,2026-05-04 15:57:10.451,ENHSP,PickUpHL_stick56_initlocstick56_robot1_gripper1,Plannerinputs/generated/problemPickUpHL_stick56_initlocstick56_robot1_gripper1.pddl,0,1,5,10,True,3639.13,3698.76,2,0,
247,2026-05-04 15:57:52.964,ENHSP,StackOnTwoHL_stick56_robot1_finallocstick56_stick51_stick52_layer12_layer13_gripper1,Plannerinputs/generated/problemStackOnTwoHL_stick56_robot1_finallocstick56_stick51_stick52_layer12_layer13_gripper1.pddl,0,1,10,10,True,3676.66,3735.68,2,0,
248,2026-05-04 15:58:46.795,ENHSP,PickUpHL_stick55_initlocstick55_robot1_gripper1,Plannerinputs/generated/problemPickUpHL_stick55_initlocstick55_robot1_gripper1.pddl,0,1,5,10,True,3658.25,3718.26,2,0,
249,2026-05-04 15:59:27.433,ENHSP,StackOnTwoHL_stick55_robot1_finallocstick55_stick51_cube11_layer12_layer13_gripper1,Plannerinputs/generated/problemStackOnTwoHL_stick55_robot1_finallocstick55_stick51_cube11_layer12_layer13_gripper1.pddl,0,1,10,10,True,3628.87,3691.45,2,0,
250,2026-05-04 16:00:36.562,ENHSP,PickUpHL_stick59_initlocstick59_robot1_gripper1,Plannerinputs/generated/problemPickUpHL_stick59_initlocstick59_robot1_gripper1.pddl,0,1,5,10,True,3604.37,3657.67,2,0,
251,2026-05-04 16:01:16.612,ENHSP,StackOnTwoHL_stick59_robot1_finallocstick59_cube12_stick54_layer12_layer13_gripper1,Plannerinputs/generated/problemStackOnTwoHL_stick59_robot1_finallocstick59_cube12_stick54_layer12_layer13_gripper1.pddl,0,1,10,10,True,3597.14,3653.47,2,0,
252,2026-05-04 16:02:12.808,ENHSP,PickUpHL_stick60_initlocstick60_robot1_gripper1,Plannerinputs/generated/problemPickUpHL_stick60_initlocstick60_robot1_gripper1.pddl,0,1,5,10,True,3539.58,3596.66,2,0,
253,2026-05-04 16:02:52.787,ENHSP,StackOnTwoHL_stick60_robot1_finallocstick60_stick55_stick56_layer13_layer14_gripper1,Plannerinputs/generated/problemStackOnTwoHL_stick60_robot1_finallocstick60_stick55_stick56_layer13_layer14_gripper1.pddl,0,1,10,10,True,3688.48,3743.63,2,0,
254,2026-05-04 16:03:53.823,ENHSP,PickUpHL_stick57_initlocstick57_robot1_gripper1,Plannerinputs/generated/problemPickUpHL_stick57_initlocstick57_robot1_gripper1.pddl,0,1,5,10,True,3825.24,3885.37,2,0,
255,2026-05-04 16:04:33.779,ENHSP,StackOnTwoHL_stick57_robot1_finallocstick57_stick53_stick52_layer12_layer13_gripper1,Plannerinputs/generated/problemStackOnTwoHL_stick57_robot1_finallocstick57_stick53_stick52_layer12_layer13_gripper1.pddl,0,1,10,10,True,3671.27,3739.90,2,0,
256,2026-05-04 16:05:26.112,ENHSP,PickUpHL_stick58_initlocstick58_robot1_gripper1,Plannerinputs/generated/problemPickUpHL_stick58_initlocstick58_robot1_gripper1.pddl,0,1,5,10,True,3647.90,3707.39,2,0,
257,2026-05-04 16:06:06.780,ENHSP,StackOnTwoHL_stick58_robot1_finallocstick58_stick53_stick54_layer12_layer13_gripper1,Plannerinputs/generated/problemStackOnTwoHL_stick58_robot1_finallocstick58_stick53_stick54_layer12_layer13_gripper1.pddl,0,1,10,10,True,3682.09,3744.03,2,0,
258,2026-05-04 16:07:02.107,ENHSP,PickUpHL_stick62_initlocstick62_robot1_gripper1,Plannerinputs/generated/problemPickUpHL_stick62_initlocstick62_robot1_gripper1.pddl,0,1,5,10,True,3413.34,3469.19,2,0,
259,2026-05-04 16:07:42.064,ENHSP,StackOnTwoHL_stick62_robot1_finallocstick62_stick58_stick57_layer13_layer14_gripper1,Plannerinputs/generated/problemStackOnTwoHL_stick62_robot1_finallocstick62_stick58_stick57_layer13_layer14_gripper1.pddl,0,1,10,10,True,3745.55,3808.85,2,0,
260,2026-05-04 16:08:40.895,ENHSP,PickUpHL_stick61_initlocstick61_robot1_gripper1,Plannerinputs/generated/problemPickUpHL_stick61_initlocstick61_robot1_gripper1.pddl,0,1,5,10,True,3545.52,3603.81,2,0,
261,2026-05-04 16:09:20.949,ENHSP,StackOnTwoHL_stick61_robot1_finallocstick61_stick56_stick57_layer13_layer14_gripper1,Plannerinputs/generated/problemStackOnTwoHL_stick61_robot1_finallocstick61_stick56_stick57_layer13_layer14_gripper1.pddl,0,1,10,10,True,3727.06,3790.81,2,0,
262,2026-05-04 16:10:09.380,ENHSP,PickUpHL_cube14_initloccube14_robot1_gripper1,Plannerinputs/generated/problemPickUpHL_cube14_initloccube14_robot1_gripper1.pddl,0,1,5,10,True,3709.60,3775.55,2,0,
263,2026-05-04 16:10:50.038,ENHSP,StackHL_cube14_stick59_robot1_finalloccube14_gripper1,Plannerinputs/generated/problemStackHL_cube14_stick59_robot1_finalloccube14_gripper1.pddl,0,1,8,10,True,3853.84,3907.40,2,0,
264,2026-05-04 16:11:45.336,ENHSP,PickUpHL_cube13_initloccube13_robot1_gripper1,Plannerinputs/generated/problemPickUpHL_cube13_initloccube13_robot1_gripper1.pddl,0,1,5,10,True,3640.41,3707.32,2,0,
265,2026-05-04 16:12:26.005,ENHSP,StackHL_cube13_stick55_robot1_finalloccube13_gripper1,Plannerinputs/generated/problemStackHL_cube13_stick55_robot1_finalloccube13_gripper1.pddl,0,1,8,10,True,3665.42,3732.41,2,0,
266,2026-05-04 16:13:22.836,ENHSP,PickUpHL_stick63_initlocstick63_robot1_gripper1,Plannerinputs/generated/problemPickUpHL_stick63_initlocstick63_robot1_gripper1.pddl,0,1,5,10,True,3612.24,3678.85,2,0,
267,2026-05-04 16:14:03.491,ENHSP,StackOnTwoHL_stick63_robot1_finallocstick63_stick58_stick59_layer13_layer14_gripper1,Plannerinputs/generated/problemStackOnTwoHL_stick63_robot1_finallocstick63_stick58_stick59_layer13_layer14_gripper1.pddl,0,1,10,10,True,3956.92,4015.90,2,0,
268,2026-05-04 16:14:57.961,ENHSP,ChangeEndeffectorHL_robot1_gripper1_staplergun1_dup10,Plannerinputs/generated/problemChangeEndeffectorHL_robot1_gripper1_staplergun1_dup10.pddl,0,1,2,10,True,3695.07,3757.02,3,0,
269,2026-05-04 16:15:51.574,ENHSP,NailingHL_cube13_stick55_robot1_staplergun1,Plannerinputs/generated/problemNailingHL_cube13_stick55_robot1_staplergun1.pddl,0,1,2,10,True,3842.55,3895.82,3,0,
270,2026-05-04 16:16:33.195,ENHSP,NailingHL_cube14_stick59_robot1_staplergun1,Plannerinputs/generated/problemNailingHL_cube14_stick59_robot1_staplergun1.pddl,0,1,2,10,True,3622.41,3679.07,1,0,
271,2026-05-04 16:16:53.166,ENHSP,NailingHL_stick60_stick55_robot1_staplergun1,Plannerinputs/generated/problemNailingHL_stick60_stick55_robot1_staplergun1.pddl,0,1,2,10,True,3661.37,3719.30,1,0,
272,2026-05-04 16:17:10.669,ENHSP,NailingHL_stick60_stick56_robot1_staplergun1,Plannerinputs/generated/problemNailingHL_stick60_stick56_robot1_staplergun1.pddl,0,1,2,10,True,3589.48,3646.12,1,0,
273,2026-05-04 16:17:23.381,ENHSP,NailingHL_stick61_stick56_robot1_staplergun1,Plannerinputs/generated/problemNailingHL_stick61_stick56_robot1_staplergun1.pddl,0,1,2,10,True,3687.48,3742.74,1,0,
274,2026-05-04 16:17:38.602,ENHSP,NailingHL_stick61_stick57_robot1_staplergun1,Plannerinputs/generated/problemNailingHL_stick61_stick57_robot1_staplergun1.pddl,0,1,2,10,True,3848.41,3913.35,1,0,
275,2026-05-04 16:17:58.519,ENHSP,NailingHL_stick62_stick57_robot1_staplergun1,Plannerinputs/generated/problemNailingHL_stick62_stick57_robot1_staplergun1.pddl,0,1,2,10,True,3756.27,3815.81,1,0,
276,2026-05-04 16:18:19.276,ENHSP,NailingHL_stick62_stick58_robot1_staplergun1,Plannerinputs/generated/problemNailingHL_stick62_stick58_robot1_staplergun1.pddl,0,1,2,10,True,3606.86,3678.36,1,0,
277,2026-05-04 16:18:34.454,ENHSP,NailingHL_stick63_stick58_robot1_staplergun1,Plannerinputs/generated/problemNailingHL_stick63_stick58_robot1_staplergun1.pddl,0,1,2,10,True,3558.68,3616.85,1,0,
278,2026-05-04 16:18:48.771,ENHSP,NailingHL_stick63_stick59_robot1_staplergun1,Plannerinputs/generated/problemNailingHL_stick63_stick59_robot1_staplergun1.pddl,0,1,2,10,True,3609.60,3678.06,1,0,
279,2026-05-04 16:19:08.629,ENHSP,Layers15_16,./Plannerinputs/static/Demonstrator/ProblemL15L16.pddl,0,1,38,5,True,3160.37,3280.75,31,0,
280,2026-05-04 16:19:11.967,ENHSP,ChangeEndeffectorHL_robot1_staplergun1_gripper1_dup9,Plannerinputs/generated/problemChangeEndeffectorHL_robot1_staplergun1_gripper1_dup9.pddl,0,1,2,10,True,4194.20,4259.69,4,0,
281,2026-05-04 16:20:05.290,ENHSP,PickUpHL_stick65_initlocstick65_robot1_gripper1,Plannerinputs/generated/problemPickUpHL_stick65_initlocstick65_robot1_gripper1.pddl,0,1,5,10,True,3087.85,3159.36,2,0,
282,2026-05-04 16:20:47.658,ENHSP,StackOnTwoHL_stick65_robot1_finallocstick65_stick60_stick61_layer14_layer15_gripper1,Plannerinputs/generated/problemStackOnTwoHL_stick65_robot1_finallocstick65_stick60_stick61_layer14_layer15_gripper1.pddl,0,1,10,10,True,3151.82,3223.70,2,0,
283,2026-05-04 16:21:39.221,ENHSP,PickUpHL_stick64_initlocstick64_robot1_gripper1,Plannerinputs/generated/problemPickUpHL_stick64_initlocstick64_robot1_gripper1.pddl,0,1,5,10,True,3374.44,3433.43,2,0,
284,2026-05-04 16:22:19.195,ENHSP,StackOnTwoHL_stick64_robot1_finallocstick64_cube13_stick60_layer14_layer15_gripper1,Plannerinputs/generated/problemStackOnTwoHL_stick64_robot1_finallocstick64_cube13_stick60_layer14_layer15_gripper1.pddl,0,1,10,10,True,3429.16,3487.74,2,0,
285,2026-05-04 16:23:27.655,ENHSP,PickUpHL_stick66_initlocstick66_robot1_gripper1,Plannerinputs/generated/problemPickUpHL_stick66_initlocstick66_robot1_gripper1.pddl,0,1,5,10,True,3284.03,3357.48,2,0,
286,2026-05-04 16:24:06.937,ENHSP,StackOnTwoHL_stick66_robot1_finallocstick66_stick62_stick61_layer14_layer15_gripper1,Plannerinputs/generated/problemStackOnTwoHL_stick66_robot1_finallocstick66_stick62_stick61_layer14_layer15_gripper1.pddl,0,1,10,10,True,3491.51,3580.16,2,0,
287,2026-05-04 16:24:59.282,ENHSP,PickUpHL_stick69_initlocstick69_robot1_gripper1,Plannerinputs/generated/problemPickUpHL_stick69_initlocstick69_robot1_gripper1.pddl,0,1,5,10,True,3163.89,3222.44,2,0,
288,2026-05-04 16:25:39.260,ENHSP,StackOnTwoHL_stick69_robot1_finallocstick69_stick65_stick64_layer15_layer16_gripper1,Plannerinputs/generated/problemStackOnTwoHL_stick69_robot1_finallocstick69_stick65_stick64_layer15_layer16_gripper1.pddl,0,1,10,10,True,3488.29,3577.85,2,0,
289,2026-05-04 16:26:36.516,ENHSP,PickUpHL_stick68_initlocstick68_robot1_gripper1,Plannerinputs/generated/problemPickUpHL_stick68_initlocstick68_robot1_gripper1.pddl,0,1,5,10,True,3344.99,3422.51,2,0,
290,2026-05-04 16:27:16.503,ENHSP,StackOnTwoHL_stick68_robot1_finallocstick68_stick63_cube14_layer14_layer15_gripper1,Plannerinputs/generated/problemStackOnTwoHL_stick68_robot1_finallocstick68_stick63_cube14_layer14_layer15_gripper1.pddl,0,1,10,10,True,3330.17,3398.76,2,0,
291,2026-05-04 16:28:11.797,ENHSP,PickUpHL_stick67_initlocstick67_robot1_gripper1,Plannerinputs/generated/problemPickUpHL_stick67_initlocstick67_robot1_gripper1.pddl,0,1,5,10,True,3673.49,3746.99,2,0,
292,2026-05-04 16:28:52.488,ENHSP,StackOnTwoHL_stick67_robot1_finallocstick67_stick62_stick63_layer14_layer15_gripper1,Plannerinputs/generated/problemStackOnTwoHL_stick67_robot1_finallocstick67_stick62_stick63_layer14_layer15_gripper1.pddl,0,1,10,10,True,3555.65,3642.49,2,0,
293,2026-05-04 16:29:47.780,ENHSP,PickUpHL_cube15_initloccube15_robot1_gripper1,Plannerinputs/generated/problemPickUpHL_cube15_initloccube15_robot1_gripper1.pddl,0,1,5,10,True,3262.77,3324.07,2,0,
294,2026-05-04 16:30:27.776,ENHSP,StackHL_cube15_stick64_robot1_finalloccube15_gripper1,Plannerinputs/generated/problemStackHL_cube15_stick64_robot1_finalloccube15_gripper1.pddl,0,1,8,10,True,3238.06,3316.61,2,0,
295,2026-05-04 16:31:23.120,ENHSP,PickUpHL_stick71_initlocstick71_robot1_gripper1,Plannerinputs/generated/problemPickUpHL_stick71_initlocstick71_robot1_gripper1.pddl,0,1,5,10,True,3284.41,3350.41,2,0,
296,2026-05-04 16:32:03.071,ENHSP,StackOnTwoHL_stick71_robot1_finallocstick71_stick66_stick67_layer15_layer16_gripper1,Plannerinputs/generated/problemStackOnTwoHL_stick71_robot1_finallocstick71_stick66_stick67_layer15_layer16_gripper1.pddl,0,1,10,10,True,3607.83,3673.82,2,0,
297,2026-05-04 16:33:01.216,ENHSP,PickUpHL_stick70_initlocstick70_robot1_gripper1,Plannerinputs/generated/problemPickUpHL_stick70_initlocstick70_robot1_gripper1.pddl,0,1,5,10,True,3266.32,3333.56,2,0,
298,2026-05-04 16:33:40.437,ENHSP,StackOnTwoHL_stick70_robot1_finallocstick70_stick66_stick65_layer15_layer16_gripper1,Plannerinputs/generated/problemStackOnTwoHL_stick70_robot1_finallocstick70_stick66_stick65_layer15_layer16_gripper1.pddl,0,1,10,10,True,3289.10,3344.82,2,0,
299,2026-05-04 16:34:29.851,ENHSP,PickUpHL_stick72_initlocstick72_robot1_gripper1,Plannerinputs/generated/problemPickUpHL_stick72_initlocstick72_robot1_gripper1.pddl,0,1,5,10,True,3321.85,3376.33,2,0,
300,2026-05-04 16:35:09.825,ENHSP,StackOnTwoHL_stick72_robot1_finallocstick72_stick68_stick67_layer15_layer16_gripper1,Plannerinputs/generated/problemStackOnTwoHL_stick72_robot1_finallocstick72_stick68_stick67_layer15_layer16_gripper1.pddl,0,1,10,10,True,3747.13,3813.56,2,0,
301,2026-05-04 16:36:05.867,ENHSP,ChangeEndeffectorHL_robot1_gripper1_staplergun1_dup11,Plannerinputs/generated/problemChangeEndeffectorHL_robot1_gripper1_staplergun1_dup11.pddl,0,1,2,10,True,3321.46,3382.61,3,0,
302,2026-05-04 16:36:58.758,ENHSP,NailingHL_cube15_stick64_robot1_staplergun1,Plannerinputs/generated/problemNailingHL_cube15_stick64_robot1_staplergun1.pddl,0,1,2,10,True,3671.20,3730.59,3,0,
303,2026-05-04 16:37:41.257,ENHSP,NailingHL_stick69_stick64_robot1_staplergun1,Plannerinputs/generated/problemNailingHL_stick69_stick64_robot1_staplergun1.pddl,0,1,2,10,True,3512.15,3582.60,1,0,
304,2026-05-04 16:37:56.401,ENHSP,NailingHL_stick69_stick65_robot1_staplergun1,Plannerinputs/generated/problemNailingHL_stick69_stick65_robot1_staplergun1.pddl,0,1,2,10,True,3379.37,3438.91,1,0,
305,2026-05-04 16:38:17.868,ENHSP,NailingHL_stick70_stick65_robot1_staplergun1,Plannerinputs/generated/problemNailingHL_stick70_stick65_robot1_staplergun1.pddl,0,1,2,10,True,3480.39,3542.17,1,0,
306,2026-05-04 16:38:35.503,ENHSP,NailingHL_stick70_stick66_robot1_staplergun1,Plannerinputs/generated/problemNailingHL_stick70_stick66_robot1_staplergun1.pddl,0,1,2,10,True,3347.96,3412.51,1,0,
307,2026-05-04 16:38:54.634,ENHSP,NailingHL_stick71_stick66_robot1_staplergun1,Plannerinputs/generated/problemNailingHL_stick71_stick66_robot1_staplergun1.pddl,0,1,2,10,True,3372.82,3436.11,1,0,
308,2026-05-04 16:39:08.941,ENHSP,NailingHL_stick71_stick67_robot1_staplergun1,Plannerinputs/generated/problemNailingHL_stick71_stick67_robot1_staplergun1.pddl,0,1,2,10,True,3314.94,3381.54,1,0,
309,2026-05-04 16:39:28.842,ENHSP,NailingHL_stick72_stick67_robot1_staplergun1,Plannerinputs/generated/problemNailingHL_stick72_stick67_robot1_staplergun1.pddl,0,1,2,10,True,3430.17,3522.18,1,0,
310,2026-05-04 16:39:45.549,ENHSP,NailingHL_stick72_stick68_robot1_staplergun1,Plannerinputs/generated/problemNailingHL_stick72_stick68_robot1_staplergun1.pddl,0,1,2,10,True,3188.28,3252.07,1,0,
311,2026-05-04 16:40:05.447,ENHSP,Layers17_18,./Plannerinputs/static/Demonstrator/ProblemL17L18.pddl,0,1,30,5,True,2180.27,2281.20,25,0,
312,2026-05-04 16:40:07.788,ENHSP,ChangeEndeffectorHL_robot1_staplergun1_gripper1_dup10,Plannerinputs/generated/problemChangeEndeffectorHL_robot1_staplergun1_gripper1_dup10.pddl,0,1,2,10,True,2514.77,2599.19,4,0,
313,2026-05-04 16:41:00.946,ENHSP,PickUpHL_stick73_initlocstick73_robot1_gripper1,Plannerinputs/generated/problemPickUpHL_stick73_initlocstick73_robot1_gripper1.pddl,0,1,5,10,True,2180.94,2277.77,2,0,
314,2026-05-04 16:41:42.645,ENHSP,StackOnTwoHL_stick73_robot1_finallocstick73_cube15_stick69_layer16_layer17_gripper1,Plannerinputs/generated/problemStackOnTwoHL_stick73_robot1_finallocstick73_cube15_stick69_layer16_layer17_gripper1.pddl,0,1,10,10,True,2407.92,2488.08,2,0,
315,2026-05-04 16:42:49.531,ENHSP,PickUpHL_stick74_initlocstick74_robot1_gripper1,Plannerinputs/generated/problemPickUpHL_stick74_initlocstick74_robot1_gripper1.pddl,0,1,5,10,True,2301.16,2442.01,2,0,
316,2026-05-04 16:43:28.747,ENHSP,StackOnTwoHL_stick74_robot1_finallocstick74_stick70_stick69_layer16_layer17_gripper1,Plannerinputs/generated/problemStackOnTwoHL_stick74_robot1_finallocstick74_stick70_stick69_layer16_layer17_gripper1.pddl,0,1,10,10,True,2235.83,2300.81,2,0,
317,2026-05-04 16:44:19.429,ENHSP,PickUpHL_stick76_initlocstick76_robot1_gripper1,Plannerinputs/generated/problemPickUpHL_stick76_initlocstick76_robot1_gripper1.pddl,0,1,5,10,True,2126.72,2191.66,2,0,
318,2026-05-04 16:44:58.498,ENHSP,StackOnTwoHL_stick76_robot1_finallocstick76_stick71_stick72_layer16_layer17_gripper1,Plannerinputs/generated/problemStackOnTwoHL_stick76_robot1_finallocstick76_stick71_stick72_layer16_layer17_gripper1.pddl,0,1,10,10,True,2385.09,2440.89,2,0,
319,2026-05-04 16:45:52.282,ENHSP,PickUpHL_cube16_initloccube16_robot1_gripper1,Plannerinputs/generated/problemPickUpHL_cube16_initloccube16_robot1_gripper1.pddl,0,1,5,10,True,2365.34,2424.26,2,0,
320,2026-05-04 16:46:31.426,ENHSP,StackHL_cube16_stick73_robot1_finalloccube16_gripper1,Plannerinputs/generated/problemStackHL_cube16_stick73_robot1_finalloccube16_gripper1.pddl,0,1,8,10,True,2159.72,2222.48,2,0,
321,2026-05-04 16:47:25.843,ENHSP,PickUpHL_stick75_initlocstick75_robot1_gripper1,Plannerinputs/generated/problemPickUpHL_stick75_initlocstick75_robot1_gripper1.pddl,0,1,5,10,True,2292.52,2357.34,2,0,
322,2026-05-04 16:48:04.946,ENHSP,StackOnTwoHL_stick75_robot1_finallocstick75_stick70_stick71_layer16_layer17_gripper1,Plannerinputs/generated/problemStackOnTwoHL_stick75_robot1_finallocstick75_stick70_stick71_layer16_layer17_gripper1.pddl,0,1,10,10,True,2419.11,2594.38,2,0,
323,2026-05-04 16:48:57.174,ENHSP,PickUpHL_stick77_initlocstick77_robot1_gripper1,Plannerinputs/generated/problemPickUpHL_stick77_initlocstick77_robot1_gripper1.pddl,0,1,5,10,True,2266.90,2333.36,2,0,
324,2026-05-04 16:49:36.215,ENHSP,StackOnTwoHL_stick77_robot1_finallocstick77_stick74_stick73_layer17_layer18_gripper1,Plannerinputs/generated/problemStackOnTwoHL_stick77_robot1_finallocstick77_stick74_stick73_layer17_layer18_gripper1.pddl,0,1,10,10,True,2565.82,2633.60,2,0,
325,2026-05-04 16:50:33.483,ENHSP,PickUpHL_stick78_initlocstick78_robot1_gripper1,Plannerinputs/generated/problemPickUpHL_stick78_initlocstick78_robot1_gripper1.pddl,0,1,5,10,True,2141.23,2199.67,2,0,
326,2026-05-04 16:51:12.534,ENHSP,StackOnTwoHL_stick78_robot1_finallocstick78_stick75_stick74_layer17_layer18_gripper1,Plannerinputs/generated/problemStackOnTwoHL_stick78_robot1_finallocstick78_stick75_stick74_layer17_layer18_gripper1.pddl,0,1,10,10,True,2630.08,2699.94,2,0,
327,2026-05-04 16:52:00.417,ENHSP,PickUpHL_stick79_initlocstick79_robot1_gripper1,Plannerinputs/generated/problemPickUpHL_stick79_initlocstick79_robot1_gripper1.pddl,0,1,5,10,True,2548.13,2609.93,2,0,
328,2026-05-04 16:52:39.539,ENHSP,StackOnTwoHL_stick79_robot1_finallocstick79_stick76_stick75_layer17_layer18_gripper1,Plannerinputs/generated/problemStackOnTwoHL_stick79_robot1_finallocstick79_stick76_stick75_layer17_layer18_gripper1.pddl,0,1,10,10,True,2674.83,2745.51,2,0,
329,2026-05-04 16:53:35.349,ENHSP,ChangeEndeffectorHL_robot1_gripper1_staplergun1_dup12,Plannerinputs/generated/problemChangeEndeffectorHL_robot1_gripper1_staplergun1_dup12.pddl,0,1,2,10,True,2451.02,2510.22,3,0,
330,2026-05-04 16:54:27.562,ENHSP,NailingHL_cube16_stick73_robot1_staplergun1,Plannerinputs/generated/problemNailingHL_cube16_stick73_robot1_staplergun1.pddl,0,1,2,10,True,2525.47,2596.93,3,0,
331,2026-05-04 16:55:14.060,ENHSP,NailingHL_stick77_stick73_robot1_staplergun1,Plannerinputs/generated/problemNailingHL_stick77_stick73_robot1_staplergun1.pddl,0,1,2,10,True,2532.88,2614.39,1,0,
332,2026-05-04 16:55:28.372,ENHSP,NailingHL_stick77_stick74_robot1_staplergun1,Plannerinputs/generated/problemNailingHL_stick77_stick74_robot1_staplergun1.pddl,0,1,2,10,True,2334.20,2413.01,1,0,
333,2026-05-04 16:55:48.251,ENHSP,NailingHL_stick78_stick74_robot1_staplergun1,Plannerinputs/generated/problemNailingHL_stick78_stick74_robot1_staplergun1.pddl,0,1,2,10,True,2512.86,2609.74,1,0,
334,2026-05-04 16:56:04.182,ENHSP,NailingHL_stick78_stick75_robot1_staplergun1,Plannerinputs/generated/problemNailingHL_stick78_stick75_robot1_staplergun1.pddl,0,1,2,10,True,2434.68,2494.29,1,0,
335,2026-05-04 16:56:16.098,ENHSP,NailingHL_stick79_stick75_robot1_staplergun1,Plannerinputs/generated/problemNailingHL_stick79_stick75_robot1_staplergun1.pddl,0,1,2,10,True,2491.46,2550.74,1,0,
336,2026-05-04 16:56:36.001,ENHSP,NailingHL_stick79_stick76_robot1_staplergun1,Plannerinputs/generated/problemNailingHL_stick79_stick76_robot1_staplergun1.pddl,0,1,2,10,True,2325.79,2397.71,1,0,
337,2026-05-04 16:56:54.293,ENHSP,Layers19_20,./Plannerinputs/static/Demonstrator/ProblemL19L20.pddl,0,1,22,5,True,1481.45,1577.86,19,0,
338,2026-05-04 16:56:55.918,ENHSP,ChangeEndeffectorHL_robot1_staplergun1_gripper1_dup11,Plannerinputs/generated/problemChangeEndeffectorHL_robot1_staplergun1_gripper1_dup11.pddl,0,1,2,10,True,1859.70,1927.42,4,0,
339,2026-05-04 16:57:46.522,ENHSP,PickUpHL_stick81_initlocstick81_robot1_gripper1,Plannerinputs/generated/problemPickUpHL_stick81_initlocstick81_robot1_gripper1.pddl,0,1,5,10,True,1552.85,1624.26,2,0,
340,2026-05-04 16:58:27.023,ENHSP,StackOnTwoHL_stick81_robot1_finallocstick81_stick78_stick77_layer18_layer19_gripper1,Plannerinputs/generated/problemStackOnTwoHL_stick81_robot1_finallocstick81_stick78_stick77_layer18_layer19_gripper1.pddl,0,1,10,10,True,1587.01,1646.92,2,0,
341,2026-05-04 16:59:16.318,ENHSP,PickUpHL_stick80_initlocstick80_robot1_gripper1,Plannerinputs/generated/problemPickUpHL_stick80_initlocstick80_robot1_gripper1.pddl,0,1,5,10,True,1562.10,1625.40,2,0,
342,2026-05-04 16:59:54.599,ENHSP,StackOnTwoHL_stick80_robot1_finallocstick80_stick77_cube16_layer18_layer19_gripper1,Plannerinputs/generated/problemStackOnTwoHL_stick80_robot1_finallocstick80_stick77_cube16_layer18_layer19_gripper1.pddl,0,1,10,10,True,1845.43,1904.22,2,0,
343,2026-05-04 17:00:56.973,ENHSP,PickUpHL_cube17_initloccube17_robot1_gripper1,Plannerinputs/generated/problemPickUpHL_cube17_initloccube17_robot1_gripper1.pddl,0,1,5,10,True,1563.79,1630.62,2,0,
344,2026-05-04 17:01:35.236,ENHSP,StackHL_cube17_stick80_robot1_finalloccube17_gripper1,Plannerinputs/generated/problemStackHL_cube17_stick80_robot1_finalloccube17_gripper1.pddl,0,1,8,10,True,1727.03,1793.25,2,0,
345,2026-05-04 17:02:28.269,ENHSP,PickUpHL_stick82_initlocstick82_robot1_gripper1,Plannerinputs/generated/problemPickUpHL_stick82_initlocstick82_robot1_gripper1.pddl,0,1,5,10,True,1531.39,1588.86,2,0,
346,2026-05-04 17:03:06.588,ENHSP,StackOnTwoHL_stick82_robot1_finallocstick82_stick79_stick78_layer18_layer19_gripper1,Plannerinputs/generated/problemStackOnTwoHL_stick82_robot1_finallocstick82_stick79_stick78_layer18_layer19_gripper1.pddl,0,1,10,10,True,1660.06,1741.77,2,0,
347,2026-05-04 17:03:56.284,ENHSP,PickUpHL_stick83_initlocstick83_robot1_gripper1,Plannerinputs/generated/problemPickUpHL_stick83_initlocstick83_robot1_gripper1.pddl,0,1,5,10,True,1720.49,1791.52,2,0,
348,2026-05-04 17:04:34.653,ENHSP,StackOnTwoHL_stick83_robot1_finallocstick83_stick80_stick81_layer19_layer20_gripper1,Plannerinputs/generated/problemStackOnTwoHL_stick83_robot1_finallocstick83_stick80_stick81_layer19_layer20_gripper1.pddl,0,1,10,10,True,1607.17,1669.18,2,0,
349,2026-05-04 17:05:31.191,ENHSP,PickUpHL_stick84_initlocstick84_robot1_gripper1,Plannerinputs/generated/problemPickUpHL_stick84_initlocstick84_robot1_gripper1.pddl,0,1,5,10,True,1607.55,1657.99,2,0,
350,2026-05-04 17:06:09.565,ENHSP,StackOnTwoHL_stick84_robot1_finallocstick84_stick81_stick82_layer19_layer20_gripper1,Plannerinputs/generated/problemStackOnTwoHL_stick84_robot1_finallocstick84_stick81_stick82_layer19_layer20_gripper1.pddl,0,1,10,10,True,1742.92,1803.59,2,0,
351,2026-05-04 17:06:56.546,ENHSP,ChangeEndeffectorHL_robot1_gripper1_staplergun1_dup13,Plannerinputs/generated/problemChangeEndeffectorHL_robot1_gripper1_staplergun1_dup13.pddl,0,1,2,10,True,1731.70,1799.73,3,0,
352,2026-05-04 17:07:47.886,ENHSP,NailingHL_cube17_stick80_robot1_staplergun1,Plannerinputs/generated/problemNailingHL_cube17_stick80_robot1_staplergun1.pddl,0,1,2,10,True,1679.78,1744.78,3,0,
353,2026-05-04 17:08:32.030,ENHSP,NailingHL_stick83_stick80_robot1_staplergun1,Plannerinputs/generated/problemNailingHL_stick83_stick80_robot1_staplergun1.pddl,0,1,2,10,True,1604.11,1673.88,1,0,
354,2026-05-04 17:08:44.806,ENHSP,NailingHL_stick83_stick81_robot1_staplergun1,Plannerinputs/generated/problemNailingHL_stick83_stick81_robot1_staplergun1.pddl,0,1,2,10,True,1586.41,1652.51,1,0,
355,2026-05-04 17:08:59.892,ENHSP,NailingHL_stick84_stick81_robot1_staplergun1,Plannerinputs/generated/problemNailingHL_stick84_stick81_robot1_staplergun1.pddl,0,1,2,10,True,1502.62,1567.32,1,0,
356,2026-05-04 17:09:13.399,ENHSP,NailingHL_stick84_stick82_robot1_staplergun1,Plannerinputs/generated/problemNailingHL_stick84_stick82_robot1_staplergun1.pddl,0,1,2,10,True,1667.95,1731.66,1,0,
357,2026-05-04 17:09:26.051,ENHSP,Layers21_22,./Plannerinputs/static/Demonstrator/ProblemL21L22.pddl,0,1,14,5,True,984.08,2899.42,8,0,
358,2026-05-04 17:09:29.005,ENHSP,ChangeEndeffectorHL_robot1_staplergun1_gripper1_dup12,Plannerinputs/generated/problemChangeEndeffectorHL_robot1_staplergun1_gripper1_dup12.pddl,0,1,2,10,True,1235.25,1297.29,4,0,
359,2026-05-04 17:09:30.417,ENHSP,PickUpHL_stick87_initlocstick87_robot1_gripper1,Plannerinputs/generated/problemPickUpHL_stick87_initlocstick87_robot1_gripper1.pddl,0,1,5,10,True,1254.76,1337.98,6,0,
360,2026-05-04 17:24:19.751,ENHSP,PickUpHL_stick87_initlocstick87_robot1_gripper1,Plannerinputs/generated/problemPickUpHL_stick87_initlocstick87_robot1_gripper1.pddl,0,1,5,10,True,1178.71,1242.86,2,0,
361,2026-05-04 17:24:23.778,ENHSP,PickUpHL_stick85_initlocstick85_robot1_gripper1,Plannerinputs/generated/problemPickUpHL_stick85_initlocstick85_robot1_gripper1.pddl,0,1,5,10,True,1100.79,1191.87,2,0,
362,2026-05-04 17:36:09.936,ENHSP,PickUpHL_stick87_initlocstick87_robot1_gripper1,Plannerinputs/generated/problemPickUpHL_stick87_initlocstick87_robot1_gripper1.pddl,0,1,5,10,True,978.94,1033.89,0,0,
363,2026-05-04 17:36:11.167,ENHSP,StackOnTwoHL_stick85_robot1_finallocstick85_cube17_stick83_layer20_layer21_gripper1,Plannerinputs/generated/problemStackOnTwoHL_stick85_robot1_finallocstick85_cube17_stick83_layer20_layer21_gripper1.pddl,0,1,10,10,True,1133.95,1199.94,2,0,
364,2026-05-04 17:37:16.058,ENHSP,PickUpHL_stick87_initlocstick87_robot1_gripper1,Plannerinputs/generated/problemPickUpHL_stick87_initlocstick87_robot1_gripper1.pddl,0,1,5,10,True,1173.95,1238.14,2,0,
365,2026-05-04 17:37:34.531,ENHSP,PickUpHL_stick86_initlocstick86_robot1_gripper1,Plannerinputs/generated/problemPickUpHL_stick86_initlocstick86_robot1_gripper1.pddl,0,1,5,10,True,1165.00,1231.88,2,0,
366,2026-05-04 17:38:08.616,ENHSP,PickUpHL_stick86_initlocstick86_robot1_gripper1,Plannerinputs/generated/problemPickUpHL_stick86_initlocstick86_robot1_gripper1.pddl,0,1,5,10,True,1016.20,1043.46,0,0,
367,2026-05-04 17:38:09.739,ENHSP,StackOnTwoHL_stick87_robot1_finallocstick87_stick86_stick85_layer21_layer22_gripper1,Plannerinputs/generated/problemStackOnTwoHL_stick87_robot1_finallocstick87_stick86_stick85_layer21_layer22_gripper1.pddl,0,1,10,10,True,1919.58,1999.03,10,0,
